point_id,phase,model,baseline_noc,scaled_layer,bw_multiplier,bs,minibatch,seq,orig_sm_count,baseline_sm_count,num_devices,tp,ep,dp,pp,sp,cp,onex_tp,onex_ep,onex_dp,onex_pp,kv_len_1,kv_len_2,kv_len_3,kv_len_4,tp_transform_moe,paper_logic_stps,paper_dram_stps,paper_dse_stps,paper_recon_rel_err
decode_0001,decode,DeepSeekV3,torus_mesh_mesh_3,L1,0.25,1,1,1,8,8,256,32,8,1,1,1,1,32,8,1,1,1024,1365,1707,2048,replace_only,74.1710572666369,74.1710572666369,74.1710572666369,0
decode_0002,decode,DeepSeekV3,torus_mesh_mesh_3,L1,0.25,4,4,1,8,8,256,32,8,1,1,1,1,32,8,1,1,1024,1365,1707,2048,replace_only,293.76933283434,293.76933283434,293.76933283434,0
decode_0003,decode,DeepSeekV3,torus_mesh_mesh_3,L1,0.25,16,16,1,8,8,256,32,8,1,1,1,1,32,8,1,1,1024,1365,1707,2048,replace_only,1241.09086445535,1241.09086445535,1241.09086445535,0
decode_0004,decode,DeepSeekV3,torus_mesh_mesh_3,L1,0.25,64,64,1,8,8,256,8,32,1,1,1,1,16,16,1,1,1024,1365,1707,2048,replace_only,4292.61013386619,4292.61013386619,4292.61013386619,0
decode_0005,decode,DeepSeekV3,torus_mesh_mesh_3,L1,0.25,256,128,1,8,8,256,8,16,1,2,1,1,8,16,1,2,1024,1365,1707,2048,replace_only,10914.4508841198,10914.4508841198,10914.4508841198,0
decode_0006,decode,DeepSeekV3,torus_mesh_mesh_3,L1,0.25,1024,512,1,8,8,256,4,32,1,2,1,1,4,32,1,2,1024,1365,1707,2048,replace_only,31273.7720349104,31273.7720349104,31273.7720349104,0
decode_0007,decode,DeepSeekV3,torus_mesh_mesh_3,L1,0.25,4096,512,1,8,8,256,1,32,1,8,1,1,1,32,1,8,1024,1365,1707,2048,replace_only,52255.8255574509,52255.8255574509,52255.8255574509,0
decode_0008,decode,DeepSeekV3,torus_mesh_mesh_3,L1,0.5,1,1,1,8,8,256,32,8,1,1,1,1,32,8,1,1,1024,1365,1707,2048,replace_only,74.8986038952103,74.8986038952103,74.8986038952103,0
decode_0009,decode,DeepSeekV3,torus_mesh_mesh_3,L1,0.5,4,4,1,8,8,256,32,8,1,1,1,1,32,8,1,1,1024,1365,1707,2048,replace_only,296.424326470823,296.424326470823,296.424326470823,0
decode_0010,decode,DeepSeekV3,torus_mesh_mesh_3,L1,0.5,16,16,1,8,8,256,32,8,1,1,1,1,32,8,1,1,1024,1365,1707,2048,replace_only,1272.87298331756,1272.87298331756,1272.87298331756,0
decode_0011,decode,DeepSeekV3,torus_mesh_mesh_3,L1,0.5,64,64,1,8,8,256,16,16,1,1,1,1,16,16,1,1,1024,1365,1707,2048,replace_only,4437.92997790083,4437.92997790083,4437.92997790083,0
decode_0012,decode,DeepSeekV3,torus_mesh_mesh_3,L1,0.5,256,128,1,8,8,256,8,16,1,2,1,1,8,16,1,2,1024,1365,1707,2048,replace_only,10965.8309669698,10965.8309669698,10965.8309669698,0
decode_0013,decode,DeepSeekV3,torus_mesh_mesh_3,L1,0.5,1024,512,1,8,8,256,4,32,1,2,1,1,4,32,1,2,1024,1365,1707,2048,replace_only,31409.0625180717,31409.0625180717,31409.0625180717,0
decode_0014,decode,DeepSeekV3,torus_mesh_mesh_3,L1,0.5,4096,512,1,8,8,256,1,32,1,8,1,1,1,32,1,8,1024,1365,1707,2048,replace_only,52408.0474169392,52408.0474169392,52408.0474169392,0
decode_0015,decode,DeepSeekV3,torus_mesh_mesh_3,L1,1,1,1,1,8,8,256,32,8,1,1,1,1,32,8,1,1,1024,1365,1707,2048,replace_only,75.1883724888956,75.1883724888956,75.1883724888956,0
decode_0016,decode,DeepSeekV3,torus_mesh_mesh_3,L1,1,4,4,1,8,8,256,32,8,1,1,1,1,32,8,1,1,1024,1365,1707,2048,replace_only,297.543616817552,297.543616817552,297.543616817552,0
decode_0017,decode,DeepSeekV3,torus_mesh_mesh_3,L1,1,16,16,1,8,8,256,32,8,1,1,1,1,32,8,1,1,1024,1365,1707,2048,replace_only,1283.22706187043,1283.22706187043,1283.22706187043,0
decode_0018,decode,DeepSeekV3,torus_mesh_mesh_3,L1,1,64,64,1,8,8,256,16,16,1,1,1,1,16,16,1,1,1024,1365,1707,2048,replace_only,4495.29775629434,4495.29775629434,4495.29775629434,0
decode_0019,decode,DeepSeekV3,torus_mesh_mesh_3,L1,1,256,128,1,8,8,256,8,16,1,2,1,1,8,16,1,2,1024,1365,1707,2048,replace_only,11017.5192476657,11017.5192476657,11017.5192476657,0
decode_0020,decode,DeepSeekV3,torus_mesh_mesh_3,L1,1,1024,512,1,8,8,256,4,32,1,2,1,1,4,32,1,2,1024,1365,1707,2048,replace_only,31471.2490419858,31471.2490419858,31471.2490419858,0
decode_0021,decode,DeepSeekV3,torus_mesh_mesh_3,L1,1,4096,512,1,8,8,256,1,32,1,8,1,1,1,32,1,8,1024,1365,1707,2048,replace_only,52484.491956643,52484.491956643,52484.491956643,0
decode_0022,decode,DeepSeekV3,torus_mesh_mesh_3,L1,1.5,1,1,1,8,8,256,32,8,1,1,1,1,32,8,1,1,1024,1365,1707,2048,replace_only,75.2216519816377,75.2216519816377,75.2216519816377,0
decode_0023,decode,DeepSeekV3,torus_mesh_mesh_3,L1,1.5,4,4,1,8,8,256,32,8,1,1,1,1,32,8,1,1,1024,1365,1707,2048,replace_only,297.673907756529,297.673907756529,297.673907756529,0
decode_0024,decode,DeepSeekV3,torus_mesh_mesh_3,L1,1.5,16,16,1,8,8,256,32,8,1,1,1,1,32,8,1,1,1024,1365,1707,2048,replace_only,1284.43806916922,1284.43806916922,1284.43806916922,0
decode_0025,decode,DeepSeekV3,torus_mesh_mesh_3,L1,1.5,64,64,1,8,8,256,16,16,1,1,1,1,16,16,1,1,1024,1365,1707,2048,replace_only,4495.53001882456,4495.53001882456,4495.53001882456,0
decode_0026,decode,DeepSeekV3,torus_mesh_mesh_3,L1,1.5,256,128,1,8,8,256,8,16,1,2,1,1,8,16,1,2,1024,1365,1707,2048,replace_only,11023.2874187273,11023.2874187273,11023.2874187273,0
decode_0027,decode,DeepSeekV3,torus_mesh_mesh_3,L1,1.5,1024,512,1,8,8,256,4,32,1,2,1,1,4,32,1,2,1024,1365,1707,2048,replace_only,31497.7342606199,31497.7342606199,31497.7342606199,0
decode_0028,decode,DeepSeekV3,torus_mesh_mesh_3,L1,1.5,4096,512,1,8,8,256,1,32,1,8,1,1,1,32,1,8,1024,1365,1707,2048,replace_only,52493.3020866824,52493.3020866824,52493.3020866824,0
decode_0029,decode,DeepSeekV3,torus_mesh_mesh_3,L1,2,1,1,1,8,8,256,32,8,1,1,1,1,32,8,1,1,1024,1365,1707,2048,replace_only,75.229923898335,75.229923898335,75.229923898335,0
decode_0030,decode,DeepSeekV3,torus_mesh_mesh_3,L1,2,4,4,1,8,8,256,32,8,1,1,1,1,32,8,1,1,1024,1365,1707,2048,replace_only,297.706292548091,297.706292548091,297.706292548091,0
decode_0031,decode,DeepSeekV3,torus_mesh_mesh_3,L1,2,16,16,1,8,8,256,32,8,1,1,1,1,32,8,1,1,1024,1365,1707,2048,replace_only,1284.73893716381,1284.73893716381,1284.73893716381,0
decode_0032,decode,DeepSeekV3,torus_mesh_mesh_3,L1,2,64,64,1,8,8,256,16,16,1,1,1,1,16,16,1,1,1024,1365,1707,2048,replace_only,4495.64615909146,4495.64615909146,4495.64615909146,0
decode_0033,decode,DeepSeekV3,torus_mesh_mesh_3,L1,2,256,128,1,8,8,256,8,16,1,2,1,1,8,16,1,2,1024,1365,1707,2048,replace_only,11026.173770308,11026.173770308,11026.173770308,0
decode_0034,decode,DeepSeekV3,torus_mesh_mesh_3,L1,2,1024,512,1,8,8,256,4,32,1,2,1,1,4,32,1,2,1024,1365,1707,2048,replace_only,31508.4995063133,31508.4995063133,31508.4995063133,0
decode_0035,decode,DeepSeekV3,torus_mesh_mesh_3,L1,2,4096,512,1,8,8,256,1,32,1,8,1,1,1,32,1,8,1024,1365,1707,2048,replace_only,52493.3020866824,52493.3020866824,52493.3020866824,0
decode_0036,decode,DeepSeekV3,torus_mesh_mesh_3,L1,3,1,1,1,7,8,256,32,8,1,1,1,1,32,8,1,1,1024,1365,1707,2048,replace_only,72.1131961720211,75.2381976345805,72.1131961720211,0
decode_0037,decode,DeepSeekV3,torus_mesh_mesh_3,L1,3,4,4,1,7,8,256,32,8,1,1,1,1,32,8,1,1,1024,1365,1707,2048,replace_only,286.70885344566,297.738684387148,286.70885344566,0
decode_0038,decode,DeepSeekV3,torus_mesh_mesh_3,L1,3,16,16,1,7,8,256,32,8,1,1,1,1,32,8,1,1,1024,1365,1707,2048,replace_only,1202.60309320509,1285.03994614867,1202.60309320509,0
decode_0039,decode,DeepSeekV3,torus_mesh_mesh_3,L1,3,64,64,1,7,8,256,16,16,1,1,1,1,16,16,1,1,1024,1365,1707,2048,replace_only,4415.76470965163,4495.76230536018,4415.76470965163,0
decode_0040,decode,DeepSeekV3,torus_mesh_mesh_3,L1,3,256,128,1,7,8,256,8,16,1,2,1,1,8,16,1,2,1024,1365,1707,2048,replace_only,10595.4357806701,11028.8799450719,10595.4357806701,0
decode_0041,decode,DeepSeekV3,torus_mesh_mesh_3,L1,3,1024,512,1,7,8,256,4,32,1,2,1,1,4,32,1,2,1024,1365,1707,2048,replace_only,30081.5781388951,31518.529741881,30081.5781388951,0
decode_0042,decode,DeepSeekV3,torus_mesh_mesh_3,L1,3,4096,512,1,7,8,256,1,32,1,8,1,1,1,32,1,8,1024,1365,1707,2048,replace_only,44766.7289367547,52493.3020866824,44766.7289367547,0
decode_0043,decode,DeepSeekV3,torus_mesh_mesh_3,L1,4,1,1,1,7,8,256,32,8,1,1,1,1,32,8,1,1,1024,1365,1707,2048,replace_only,72.1169971277547,75.2423351852215,72.1169971277547,0
decode_0044,decode,DeepSeekV3,torus_mesh_mesh_3,L1,4,4,4,1,7,8,256,32,8,1,1,1,1,32,8,1,1,1024,1365,1707,2048,replace_only,286.723873974727,297.754882950206,286.723873974727,0
decode_0045,decode,DeepSeekV3,torus_mesh_mesh_3,L1,4,16,16,1,7,8,256,32,8,1,1,1,1,32,8,1,1,1024,1365,1707,2048,replace_only,1202.73496537309,1285.19050354343,1202.73496537309,0
decode_0046,decode,DeepSeekV3,torus_mesh_mesh_3,L1,4,64,64,1,7,8,256,16,16,1,1,1,1,16,16,1,1,1024,1365,1707,2048,replace_only,4415.82074459865,4495.82038074537,4415.82074459865,0
decode_0047,decode,DeepSeekV3,torus_mesh_mesh_3,L1,4,256,128,1,7,8,256,8,16,1,2,1,1,8,16,1,2,1024,1365,1707,2048,replace_only,10595.7626807246,11029.2341024122,10595.7626807246,0
decode_0048,decode,DeepSeekV3,torus_mesh_mesh_3,L1,4,1024,512,1,7,8,256,4,32,1,2,1,1,4,32,1,2,1024,1365,1707,2048,replace_only,30082.4054686021,31519.4635060911,30082.4054686021,0
decode_0049,decode,DeepSeekV3,torus_mesh_mesh_3,L1,4,4096,512,1,7,8,256,1,32,1,8,1,1,1,32,1,8,1024,1365,1707,2048,replace_only,44766.7289367547,52493.3020866824,44766.7289367547,0
decode_0050,decode,DeepSeekV3,torus_mesh_mesh_3,L2,0.25,1,1,1,9,8,256,32,8,1,1,1,1,32,8,1,1,1024,1365,1707,2048,replace_only,76.0220787778687,74.2744647019393,76.0220787778687,0
decode_0051,decode,DeepSeekV3,torus_mesh_mesh_3,L2,0.25,4,4,1,9,8,256,32,8,1,1,1,1,32,8,1,1,1024,1365,1707,2048,replace_only,300.658392088938,293.822992934073,300.658392088938,0
decode_0052,decode,DeepSeekV3,torus_mesh_mesh_3,L2,0.25,16,16,1,9,8,256,32,8,1,1,1,1,32,8,1,1,1024,1365,1707,2048,replace_only,1205.7797164735,1257.05420457608,1205.7797164735,0
decode_0053,decode,DeepSeekV3,torus_mesh_mesh_3,L2,0.25,64,64,1,9,8,256,16,16,1,1,1,1,16,16,1,1,1024,1365,1707,2048,replace_only,4251.59231155275,4426.18115287153,4251.59231155275,0
decode_0054,decode,DeepSeekV3,torus_mesh_mesh_3,L2,0.25,256,128,1,9,8,256,8,16,1,2,1,1,8,16,1,2,1024,1365,1707,2048,replace_only,10928.7128507488,10952.0336402384,10928.7128507488,0
decode_0055,decode,DeepSeekV3,torus_mesh_mesh_3,L2,0.25,1024,256,1,9,8,256,4,16,1,4,1,1,4,32,1,2,1024,1365,1707,2048,replace_only,31845.7556381598,31450.5389816074,31845.7556381598,0
decode_0056,decode,DeepSeekV3,torus_mesh_mesh_3,L2,0.25,4096,512,1,9,8,256,1,32,1,8,1,1,1,32,1,8,1024,1365,1707,2048,replace_only,54411.4883687487,52290.7766915665,54411.4883687487,0
decode_0057,decode,DeepSeekV3,torus_mesh_mesh_3,L2,0.5,1,1,1,9,8,256,32,8,1,1,1,1,32,8,1,1,1024,1365,1707,2048,replace_only,76.7054764341815,74.9266637100491,76.7054764341815,0
decode_0058,decode,DeepSeekV3,torus_mesh_mesh_3,L2,0.5,4,4,1,9,8,256,32,8,1,1,1,1,32,8,1,1,1024,1365,1707,2048,replace_only,303.569666646025,296.602766038596,303.569666646025,0
decode_0059,decode,DeepSeekV3,torus_mesh_mesh_3,L2,0.5,16,16,1,9,8,256,32,8,1,1,1,1,32,8,1,1,1024,1365,1707,2048,replace_only,1221.83850510679,1274.51765145052,1221.83850510679,0
decode_0060,decode,DeepSeekV3,torus_mesh_mesh_3,L2,0.5,64,64,1,9,8,256,16,16,1,1,1,1,16,16,1,1,1024,1365,1707,2048,replace_only,4261.94174775594,4437.39907265761,4261.94174775594,0
decode_0061,decode,DeepSeekV3,torus_mesh_mesh_3,L2,0.5,256,128,1,9,8,256,8,16,1,2,1,1,8,16,1,2,1024,1365,1707,2048,replace_only,10955.5244725627,10978.9591617543,10955.5244725627,0
decode_0062,decode,DeepSeekV3,torus_mesh_mesh_3,L2,0.5,1024,256,1,9,8,256,4,16,1,4,1,1,4,32,1,2,1024,1365,1707,2048,replace_only,31979.5486306489,31471.2490419858,31979.5486306489,0
decode_0063,decode,DeepSeekV3,torus_mesh_mesh_3,L2,0.5,4096,512,1,9,8,256,1,32,1,8,1,1,1,32,1,8,1024,1365,1707,2048,replace_only,54572.1724762377,52425.6192464044,54572.1724762377,0
decode_0064,decode,DeepSeekV3,torus_mesh_mesh_3,L2,1,1,1,1,8,8,256,32,8,1,1,1,1,32,8,1,1,1024,1365,1707,2048,replace_only,75.1883724888956,75.1883724888956,75.1883724888956,0
decode_0065,decode,DeepSeekV3,torus_mesh_mesh_3,L2,1,4,4,1,8,8,256,32,8,1,1,1,1,32,8,1,1,1024,1365,1707,2048,replace_only,297.543616817552,297.543616817552,297.543616817552,0
decode_0066,decode,DeepSeekV3,torus_mesh_mesh_3,L2,1,16,16,1,8,8,256,32,8,1,1,1,1,32,8,1,1,1024,1365,1707,2048,replace_only,1283.22706187043,1283.22706187043,1283.22706187043,0
decode_0067,decode,DeepSeekV3,torus_mesh_mesh_3,L2,1,64,64,1,8,8,256,16,16,1,1,1,1,16,16,1,1,1024,1365,1707,2048,replace_only,4495.29775629434,4495.29775629434,4495.29775629434,0
decode_0068,decode,DeepSeekV3,torus_mesh_mesh_3,L2,1,256,128,1,8,8,256,8,16,1,2,1,1,8,16,1,2,1024,1365,1707,2048,replace_only,11017.5192476657,11017.5192476657,11017.5192476657,0
decode_0069,decode,DeepSeekV3,torus_mesh_mesh_3,L2,1,1024,512,1,8,8,256,4,32,1,2,1,1,4,32,1,2,1024,1365,1707,2048,replace_only,31471.2490419858,31471.2490419858,31471.2490419858,0
decode_0070,decode,DeepSeekV3,torus_mesh_mesh_3,L2,1,4096,512,1,8,8,256,1,32,1,8,1,1,1,32,1,8,1024,1365,1707,2048,replace_only,52484.491956643,52484.491956643,52484.491956643,0
decode_0071,decode,DeepSeekV3,torus_mesh_mesh_3,L2,1.5,1,1,1,7,8,256,32,8,1,1,1,1,32,8,1,1,1024,1365,1707,2048,replace_only,72.084497466978,75.2069581163819,72.084497466978,0
decode_0072,decode,DeepSeekV3,torus_mesh_mesh_3,L2,1.5,4,4,1,7,8,256,32,8,1,1,1,1,32,8,1,1,1024,1365,1707,2048,replace_only,286.59544225694,297.616380664258,286.59544225694,0
decode_0073,decode,DeepSeekV3,torus_mesh_mesh_3,L2,1.5,16,16,1,7,8,256,32,8,1,1,1,1,32,8,1,1,1024,1365,1707,2048,replace_only,1201.60703262784,1283.90282468386,1201.60703262784,0
decode_0074,decode,DeepSeekV3,torus_mesh_mesh_3,L2,1.5,64,64,1,7,8,256,16,16,1,1,1,1,16,16,1,1,1024,1365,1707,2048,replace_only,4416.87355576835,4496.9115335212,4416.87355576835,0
decode_0075,decode,DeepSeekV3,torus_mesh_mesh_3,L2,1.5,256,128,1,7,8,256,8,16,1,2,1,1,8,16,1,2,1024,1365,1707,2048,replace_only,10587.5527527398,11020.3398909946,10587.5527527398,0
decode_0076,decode,DeepSeekV3,torus_mesh_mesh_3,L2,1.5,1024,512,1,7,8,256,4,32,1,2,1,1,4,32,1,2,1024,1365,1707,2048,replace_only,30038.6801198905,31471.2490419858,30038.6801198905,0
decode_0077,decode,DeepSeekV3,torus_mesh_mesh_3,L2,1.5,4096,512,1,7,8,256,1,32,1,8,1,1,1,32,1,8,1024,1365,1707,2048,replace_only,44761.6930842247,52484.491956643,44761.6930842247,0
decode_0078,decode,DeepSeekV3,torus_mesh_mesh_3,L2,2,1,1,1,6,8,256,32,8,1,1,1,1,32,8,1,1,1024,1365,1707,2048,replace_only,70.1617590558422,75.2069581163819,70.1617590558422,0
decode_0079,decode,DeepSeekV3,torus_mesh_mesh_3,L2,2,4,4,1,6,8,256,32,8,1,1,1,1,32,8,1,1,1024,1365,1707,2048,replace_only,278.995944805612,297.616380664258,278.995944805612,0
decode_0080,decode,DeepSeekV3,torus_mesh_mesh_3,L2,2,16,16,1,6,8,256,32,8,1,1,1,1,32,8,1,1,1024,1365,1707,2048,replace_only,1167.75450367633,1283.90282468386,1167.75450367633,0
decode_0081,decode,DeepSeekV3,torus_mesh_mesh_3,L2,2,64,64,1,6,8,256,16,16,1,1,1,1,16,16,1,1,1024,1365,1707,2048,replace_only,4271.28077722211,4496.9115335212,4271.28077722211,0
decode_0082,decode,DeepSeekV3,torus_mesh_mesh_3,L2,2,256,128,1,6,8,256,8,16,1,2,1,1,8,16,1,2,1024,1365,1707,2048,replace_only,9209.30200036783,11020.3398909946,9209.30200036783,0
decode_0083,decode,DeepSeekV3,torus_mesh_mesh_3,L2,2,1024,512,1,6,8,256,4,32,1,2,1,1,4,32,1,2,1024,1365,1707,2048,replace_only,27263.9529723527,31471.2490419858,27263.9529723527,0
decode_0084,decode,DeepSeekV3,torus_mesh_mesh_3,L2,2,4096,512,1,6,8,256,1,32,1,8,1,1,1,32,1,8,1024,1365,1707,2048,replace_only,39145.5720023147,52484.491956643,39145.5720023147,0
decode_0085,decode,DeepSeekV3,torus_mesh_mesh_3,L2,3,1,1,1,5,8,256,32,8,1,1,1,1,32,8,1,1,1024,1365,1707,2048,replace_only,61.8457945944159,75.2069581163819,61.8457945944159,0
decode_0086,decode,DeepSeekV3,torus_mesh_mesh_3,L2,3,4,4,1,5,8,256,32,8,1,1,1,1,32,8,1,1,1024,1365,1707,2048,replace_only,245.87577892132,297.616380664258,245.87577892132,0
decode_0087,decode,DeepSeekV3,torus_mesh_mesh_3,L2,3,16,16,1,5,8,256,32,8,1,1,1,1,32,8,1,1,1024,1365,1707,2048,replace_only,983.445123727753,1283.90282468386,983.445123727753,0
decode_0088,decode,DeepSeekV3,torus_mesh_mesh_3,L2,3,64,64,1,5,8,256,16,16,1,1,1,1,16,16,1,1,1024,1365,1707,2048,replace_only,3527.01944558715,4496.9115335212,3527.01944558715,0
decode_0089,decode,DeepSeekV3,torus_mesh_mesh_3,L2,3,256,128,1,5,8,256,8,16,1,2,1,1,8,16,1,2,1024,1365,1707,2048,replace_only,8305.98306368091,11020.3398909946,8305.98306368091,0
decode_0090,decode,DeepSeekV3,torus_mesh_mesh_3,L2,3,1024,512,1,5,8,256,4,32,1,2,1,1,4,32,1,2,1024,1365,1707,2048,replace_only,25077.7171544839,31471.2490419858,25077.7171544839,0
decode_0091,decode,DeepSeekV3,torus_mesh_mesh_3,L2,3,4096,512,1,5,8,256,1,32,1,8,1,1,1,32,1,8,1024,1365,1707,2048,replace_only,33546.0853868528,52484.491956643,33546.0853868528,0
decode_0092,decode,DeepSeekV3,torus_mesh_mesh_3,L2,4,1,1,1,3,8,256,64,4,1,1,1,1,32,8,1,1,1024,1365,1707,2048,replace_only,46.2695567691276,75.2069581163819,46.2695567691276,0
decode_0093,decode,DeepSeekV3,torus_mesh_mesh_3,L2,4,4,4,1,3,8,256,64,4,1,1,1,1,32,8,1,1,1024,1365,1707,2048,replace_only,184.358709395075,297.616380664258,184.358709395075,0
decode_0094,decode,DeepSeekV3,torus_mesh_mesh_3,L2,4,16,16,1,3,8,256,32,8,1,1,1,1,32,8,1,1,1024,1365,1707,2048,replace_only,714.224642009082,1283.90282468386,714.224642009082,0
decode_0095,decode,DeepSeekV3,torus_mesh_mesh_3,L2,4,64,64,1,3,8,256,16,16,1,1,1,1,16,16,1,1,1024,1365,1707,2048,replace_only,2566.17106726897,4496.9115335212,2566.17106726897,0
decode_0096,decode,DeepSeekV3,torus_mesh_mesh_3,L2,4,256,128,1,3,8,256,8,16,1,2,1,1,8,16,1,2,1024,1365,1707,2048,replace_only,5421.67164379077,11020.3398909946,5421.67164379077,0
decode_0097,decode,DeepSeekV3,torus_mesh_mesh_3,L2,4,1024,512,1,3,8,256,4,32,1,2,1,1,4,32,1,2,1024,1365,1707,2048,replace_only,16822.4996810941,31471.2490419858,16822.4996810941,0
decode_0098,decode,DeepSeekV3,torus_mesh_mesh_3,L2,4,4096,512,1,3,8,256,1,32,1,8,1,1,1,32,1,8,1024,1365,1707,2048,replace_only,20499.4990053645,52484.491956643,20499.4990053645,0
decode_0099,decode,DeepSeekV3,torus_mesh_mesh_3,L3,0.25,1,1,1,9,8,256,32,8,1,1,1,1,32,8,1,1,1024,1365,1707,2048,replace_only,76.5875901483302,74.8141784479362,76.5875901483302,0
decode_0100,decode,DeepSeekV3,torus_mesh_mesh_3,L3,0.25,4,4,1,9,8,256,32,8,1,1,1,1,32,8,1,1,1024,1365,1707,2048,replace_only,297.033101702433,290.359743373934,297.033101702433,0
decode_0101,decode,DeepSeekV3,torus_mesh_mesh_3,L3,0.25,16,16,1,9,8,256,32,8,1,1,1,1,32,8,1,1,1024,1365,1707,2048,replace_only,1153.18639471075,1199.99876723775,1153.18639471075,0
decode_0102,decode,DeepSeekV3,torus_mesh_mesh_3,L3,0.25,64,64,1,9,8,256,16,16,1,1,1,1,16,16,1,1,1024,1365,1707,2048,replace_only,3358.65002046322,3458.00430201689,3358.65002046322,0
decode_0103,decode,DeepSeekV3,torus_mesh_mesh_3,L3,0.25,256,64,1,9,8,256,4,16,1,4,1,1,8,16,1,2,1024,1365,1707,2048,replace_only,10045.1273319284,10032.2940201379,10045.1273319284,0
decode_0104,decode,DeepSeekV3,torus_mesh_mesh_3,L3,0.25,1024,256,1,9,8,256,4,16,1,4,1,1,4,32,1,2,1024,1365,1707,2048,replace_only,29844.9522865783,28135.5316929402,29844.9522865783,0
decode_0105,decode,DeepSeekV3,torus_mesh_mesh_3,L3,0.25,4096,512,1,9,8,256,1,32,1,8,1,1,1,32,1,8,1024,1365,1707,2048,replace_only,52979.3815641786,50948.6136286465,52979.3815641786,0
decode_0106,decode,DeepSeekV3,torus_mesh_mesh_3,L3,0.5,1,1,1,8,8,256,32,8,1,1,1,1,32,8,1,1,1024,1365,1707,2048,replace_only,75.0632259105192,75.0632259105192,75.0632259105192,0
decode_0107,decode,DeepSeekV3,torus_mesh_mesh_3,L3,0.5,4,4,1,8,8,256,32,8,1,1,1,1,32,8,1,1,1024,1365,1707,2048,replace_only,295.109816595207,295.109816595207,295.109816595207,0
decode_0108,decode,DeepSeekV3,torus_mesh_mesh_3,L3,0.5,16,16,1,8,8,256,32,8,1,1,1,1,32,8,1,1,1024,1365,1707,2048,replace_only,1254.23046239603,1254.23046239603,1254.23046239603,0
decode_0109,decode,DeepSeekV3,torus_mesh_mesh_3,L3,0.5,64,64,1,8,8,256,16,16,1,1,1,1,16,16,1,1,1024,1365,1707,2048,replace_only,4090.69766955691,4090.69766955691,4090.69766955691,0
decode_0110,decode,DeepSeekV3,torus_mesh_mesh_3,L3,0.5,256,128,1,8,8,256,8,16,1,2,1,1,8,16,1,2,1024,1365,1707,2048,replace_only,10599.3553684195,10599.3553684195,10599.3553684195,0
decode_0111,decode,DeepSeekV3,torus_mesh_mesh_3,L3,0.5,1024,256,1,8,8,256,4,16,1,4,1,1,4,32,1,2,1024,1365,1707,2048,replace_only,29401.4214450956,29401.4214450956,29401.4214450956,0
decode_0112,decode,DeepSeekV3,torus_mesh_mesh_3,L3,0.5,4096,512,1,8,8,256,1,32,1,8,1,1,1,32,1,8,1024,1365,1707,2048,replace_only,51962.329286381,51962.329286381,51962.329286381,0
decode_0113,decode,DeepSeekV3,torus_mesh_mesh_3,L3,1,1,1,1,8,8,256,32,8,1,1,1,1,32,8,1,1,1024,1365,1707,2048,replace_only,75.1883724888956,75.1883724888956,75.1883724888956,0
decode_0114,decode,DeepSeekV3,torus_mesh_mesh_3,L3,1,4,4,1,8,8,256,32,8,1,1,1,1,32,8,1,1,1024,1365,1707,2048,replace_only,297.543616817552,297.543616817552,297.543616817552,0
decode_0115,decode,DeepSeekV3,torus_mesh_mesh_3,L3,1,16,16,1,8,8,256,32,8,1,1,1,1,32,8,1,1,1024,1365,1707,2048,replace_only,1283.22706187043,1283.22706187043,1283.22706187043,0
decode_0116,decode,DeepSeekV3,torus_mesh_mesh_3,L3,1,64,64,1,8,8,256,16,16,1,1,1,1,16,16,1,1,1024,1365,1707,2048,replace_only,4495.29775629434,4495.29775629434,4495.29775629434,0
decode_0117,decode,DeepSeekV3,torus_mesh_mesh_3,L3,1,256,128,1,8,8,256,8,16,1,2,1,1,8,16,1,2,1024,1365,1707,2048,replace_only,11017.5192476657,11017.5192476657,11017.5192476657,0
decode_0118,decode,DeepSeekV3,torus_mesh_mesh_3,L3,1,1024,512,1,8,8,256,4,32,1,2,1,1,4,32,1,2,1024,1365,1707,2048,replace_only,31471.2490419858,31471.2490419858,31471.2490419858,0
decode_0119,decode,DeepSeekV3,torus_mesh_mesh_3,L3,1,4096,512,1,8,8,256,1,32,1,8,1,1,1,32,1,8,1024,1365,1707,2048,replace_only,52484.491956643,52484.491956643,52484.491956643,0
decode_0120,decode,DeepSeekV3,torus_mesh_mesh_3,L3,1.5,1,1,1,7,8,256,32,8,1,1,1,1,32,8,1,1,1024,1365,1707,2048,replace_only,72.0802212757674,75.2301808017872,72.0802212757674,0
decode_0121,decode,DeepSeekV3,torus_mesh_mesh_3,L3,1.5,4,4,1,7,8,256,32,8,1,1,1,1,32,8,1,1,1024,1365,1707,2048,replace_only,286.781027411055,298.363829279045,286.781027411055,0
decode_0122,decode,DeepSeekV3,torus_mesh_mesh_3,L3,1.5,16,16,1,7,8,256,32,8,1,1,1,1,32,8,1,1,1024,1365,1707,2048,replace_only,1203.90978484974,1293.1928656889,1203.90978484974,0
decode_0123,decode,DeepSeekV3,torus_mesh_mesh_3,L3,1.5,64,64,1,7,8,256,16,16,1,1,1,1,16,16,1,1,1024,1365,1707,2048,replace_only,4463.5038887162,4648.55913857293,4463.5038887162,0
decode_0124,decode,DeepSeekV3,torus_mesh_mesh_3,L3,1.5,256,128,1,7,8,256,8,16,1,2,1,1,8,16,1,2,1024,1365,1707,2048,replace_only,10720.4093784849,11164.3388501948,10720.4093784849,0
decode_0125,decode,DeepSeekV3,torus_mesh_mesh_3,L3,1.5,1024,512,1,7,8,256,4,32,1,2,1,1,4,32,1,2,1024,1365,1707,2048,replace_only,32732.6858437819,34774.4827739825,32732.6858437819,0
decode_0126,decode,DeepSeekV3,torus_mesh_mesh_3,L3,1.5,4096,512,1,7,8,256,1,32,1,8,1,1,1,32,1,8,1024,1365,1707,2048,replace_only,44889.9643551756,52660.8900200816,44889.9643551756,0
decode_0127,decode,DeepSeekV3,torus_mesh_mesh_3,L3,2,1,1,1,7,8,256,32,8,1,1,1,1,32,8,1,1,1024,1365,1707,2048,replace_only,72.0833215419505,75.2403132475762,72.0833215419505,0
decode_0128,decode,DeepSeekV3,torus_mesh_mesh_3,L3,2,4,4,1,7,8,256,32,8,1,1,1,1,32,8,1,1,1024,1365,1707,2048,replace_only,286.907725156834,298.775633669463,286.907725156834,0
decode_0129,decode,DeepSeekV3,torus_mesh_mesh_3,L3,2,16,16,1,7,8,256,32,8,1,1,1,1,32,8,1,1,1024,1365,1707,2048,replace_only,1205.36239443384,1298.23404378095,1205.36239443384,0
decode_0130,decode,DeepSeekV3,torus_mesh_mesh_3,L3,2,64,64,1,7,8,256,16,16,1,1,1,1,16,16,1,1,1024,1365,1707,2048,replace_only,4487.99429532437,4729.17730752428,4487.99429532437,0
decode_0131,decode,DeepSeekV3,torus_mesh_mesh_3,L3,2,256,128,1,7,8,256,8,16,1,2,1,1,8,16,1,2,1024,1365,1707,2048,replace_only,10789.4485543514,11239.2262449674,10789.4485543514,0
decode_0132,decode,DeepSeekV3,torus_mesh_mesh_3,L3,2,1024,512,1,7,8,256,4,32,1,2,1,1,4,32,1,2,1024,1365,1707,2048,replace_only,34255.5264773057,36513.5878622624,34255.5264773057,0
decode_0133,decode,DeepSeekV3,torus_mesh_mesh_3,L3,2,4096,512,1,7,8,256,1,32,1,8,1,1,1,32,1,8,1024,1365,1707,2048,replace_only,44954.3766003858,52749.5352019599,44954.3766003858,0
decode_0134,decode,DeepSeekV3,torus_mesh_mesh_3,L3,3,1,1,1,6,8,256,32,8,1,1,1,1,32,8,1,1,1024,1365,1707,2048,replace_only,70.1714327110523,75.2403132475762,70.1714327110523,0
decode_0135,decode,DeepSeekV3,torus_mesh_mesh_3,L3,3,4,4,1,6,8,256,32,8,1,1,1,1,32,8,1,1,1024,1365,1707,2048,replace_only,279.454815329249,299.188576425607,279.454815329249,0
decode_0136,decode,DeepSeekV3,torus_mesh_mesh_3,L3,3,16,16,1,6,8,256,32,8,1,1,1,1,32,8,1,1,1024,1365,1707,2048,replace_only,1172.84237830714,1302.2610986737,1172.84237830714,0
decode_0137,decode,DeepSeekV3,torus_mesh_mesh_3,L3,3,64,64,1,6,8,256,16,16,1,1,1,1,16,16,1,1,1024,1365,1707,2048,replace_only,4361.07495385256,4812.64151273424,4361.07495385256,0
decode_0138,decode,DeepSeekV3,torus_mesh_mesh_3,L3,3,256,128,1,6,8,256,8,16,1,2,1,1,8,16,1,2,1024,1365,1707,2048,replace_only,9362.5615911616,11315.1253236971,9362.5615911616,0
decode_0139,decode,DeepSeekV3,torus_mesh_mesh_3,L3,3,1024,512,1,6,8,256,4,32,1,2,1,1,4,32,1,2,1024,1365,1707,2048,replace_only,30600.9762393925,37983.6503461558,30600.9762393925,0
decode_0140,decode,DeepSeekV3,torus_mesh_mesh_3,L3,3,4096,512,1,6,8,256,1,32,1,8,1,1,1,32,1,8,1024,1365,1707,2048,replace_only,39342.2388290463,52838.4798301248,39342.2388290463,0
decode_0141,decode,DeepSeekV3,torus_mesh_mesh_3,L3,4,1,1,1,5,8,256,32,8,1,1,1,1,32,8,1,1,1024,1365,1707,2048,replace_only,61.8591656858765,75.2403132475762,61.8591656858765,0
decode_0142,decode,DeepSeekV3,torus_mesh_mesh_3,L3,4,4,4,1,5,8,256,32,8,1,1,1,1,32,8,1,1,1024,1365,1707,2048,replace_only,246.420055092065,299.191807034807,246.420055092065,0
decode_0143,decode,DeepSeekV3,torus_mesh_mesh_3,L3,4,16,16,1,5,8,256,32,8,1,1,1,1,32,8,1,1,1024,1365,1707,2048,replace_only,988.917534873228,1302.2610986737,988.917534873228,0
decode_0144,decode,DeepSeekV3,torus_mesh_mesh_3,L3,4,64,64,1,5,8,256,16,16,1,1,1,1,16,16,1,1,1024,1365,1707,2048,replace_only,3620.25334590721,4813.9794825662,3620.25334590721,0
decode_0145,decode,DeepSeekV3,torus_mesh_mesh_3,L3,4,256,128,1,5,8,256,8,16,1,2,1,1,8,16,1,2,1024,1365,1707,2048,replace_only,8446.50313466044,11353.4606743789,8446.50313466044,0
decode_0146,decode,DeepSeekV3,torus_mesh_mesh_3,L3,4,1024,512,1,5,8,256,4,32,1,2,1,1,4,32,1,2,1024,1365,1707,2048,replace_only,27396.8601601426,38315.9285645697,27396.8601601426,0
decode_0147,decode,DeepSeekV3,torus_mesh_mesh_3,L3,4,4096,512,1,5,8,256,1,32,1,8,1,1,1,32,1,8,1024,1365,1707,2048,replace_only,33708.4894198303,52883.0649119266,33708.4894198303,0
decode_0148,decode,DeepSeekV3,torus_mesh_switch_1,L1,0.25,1,1,1,8,8,256,16,16,1,1,1,1,16,16,1,1,1024,1365,1707,2048,replace_only,76.253466157549,76.253466157549,76.253466157549,0
decode_0149,decode,DeepSeekV3,torus_mesh_switch_1,L1,0.25,4,4,1,8,8,256,128,2,1,1,1,1,128,2,1,1,1024,1365,1707,2048,replace_only,310.588815483881,310.588815483881,310.588815483881,0
decode_0150,decode,DeepSeekV3,torus_mesh_switch_1,L1,0.25,16,16,1,8,8,256,32,8,1,1,1,1,32,8,1,1,1024,1365,1707,2048,replace_only,1315.51021709722,1315.51021709722,1315.51021709722,0
decode_0151,decode,DeepSeekV3,torus_mesh_switch_1,L1,0.25,64,64,1,8,8,256,16,16,1,1,1,1,16,16,1,1,1024,1365,1707,2048,replace_only,5072.72846865555,5072.72846865555,5072.72846865555,0
decode_0152,decode,DeepSeekV3,torus_mesh_switch_1,L1,0.25,256,128,1,8,8,256,8,16,1,2,1,1,8,16,1,2,1024,1365,1707,2048,replace_only,11481.3188538677,11481.3188538677,11481.3188538677,0
decode_0153,decode,DeepSeekV3,torus_mesh_switch_1,L1,0.25,1024,512,1,8,8,256,4,32,1,2,1,1,4,32,1,2,1024,1365,1707,2048,replace_only,37947.6476540587,37947.6476540587,37947.6476540587,0
decode_0154,decode,DeepSeekV3,torus_mesh_switch_1,L1,0.25,4096,512,1,8,8,256,1,32,1,8,1,1,1,32,1,8,1024,1365,1707,2048,replace_only,50140.9056332332,50140.9056332332,50140.9056332332,0
decode_0155,decode,DeepSeekV3,torus_mesh_switch_1,L1,0.5,1,1,1,8,8,256,16,16,1,1,1,1,16,16,1,1,1024,1365,1707,2048,replace_only,76.3215618219347,76.3215618219347,76.3215618219347,0
decode_0156,decode,DeepSeekV3,torus_mesh_switch_1,L1,0.5,4,4,1,8,8,256,128,2,1,1,1,1,128,2,1,1,1024,1365,1707,2048,replace_only,310.915997696387,310.915997696387,310.915997696387,0
decode_0157,decode,DeepSeekV3,torus_mesh_switch_1,L1,0.5,16,16,1,8,8,256,32,8,1,1,1,1,32,8,1,1,1024,1365,1707,2048,replace_only,1317.05347620718,1317.05347620718,1317.05347620718,0
decode_0158,decode,DeepSeekV3,torus_mesh_switch_1,L1,0.5,64,64,1,8,8,256,16,16,1,1,1,1,16,16,1,1,1024,1365,1707,2048,replace_only,5085.43515112807,5085.43515112807,5085.43515112807,0
decode_0159,decode,DeepSeekV3,torus_mesh_switch_1,L1,0.5,256,128,1,8,8,256,8,16,1,2,1,1,8,16,1,2,1024,1365,1707,2048,replace_only,11492.9152201325,11492.9152201325,11492.9152201325,0
decode_0160,decode,DeepSeekV3,torus_mesh_switch_1,L1,0.5,1024,512,1,8,8,256,4,32,1,2,1,1,4,32,1,2,1024,1365,1707,2048,replace_only,38034.6520715255,38034.6520715255,38034.6520715255,0
decode_0161,decode,DeepSeekV3,torus_mesh_switch_1,L1,0.5,4096,512,1,8,8,256,1,32,1,8,1,1,1,32,1,8,1024,1365,1707,2048,replace_only,50140.9056332332,50140.9056332332,50140.9056332332,0
decode_0162,decode,DeepSeekV3,torus_mesh_switch_1,L1,1,1,1,1,8,8,256,16,16,1,1,1,1,16,16,1,1,1024,1365,1707,2048,replace_only,76.3344167239303,76.3344167239303,76.3344167239303,0
decode_0163,decode,DeepSeekV3,torus_mesh_switch_1,L1,1,4,4,1,8,8,256,128,2,1,1,1,1,128,2,1,1,1024,1365,1707,2048,replace_only,311.079847445843,311.079847445843,311.079847445843,0
decode_0164,decode,DeepSeekV3,torus_mesh_switch_1,L1,1,16,16,1,8,8,256,32,8,1,1,1,1,32,8,1,1,1024,1365,1707,2048,replace_only,1317.8264644482,1317.8264644482,1317.8264644482,0
decode_0165,decode,DeepSeekV3,torus_mesh_switch_1,L1,1,64,64,1,8,8,256,16,16,1,1,1,1,16,16,1,1,1024,1365,1707,2048,replace_only,5086.7771734752,5086.7771734752,5086.7771734752,0
decode_0166,decode,DeepSeekV3,torus_mesh_switch_1,L1,1,256,128,1,8,8,256,8,16,1,2,1,1,8,16,1,2,1024,1365,1707,2048,replace_only,11498.7076739601,11498.7076739601,11498.7076739601,0
decode_0167,decode,DeepSeekV3,torus_mesh_switch_1,L1,1,1024,512,1,8,8,256,4,32,1,2,1,1,4,32,1,2,1024,1365,1707,2048,replace_only,38061.037122151,38061.037122151,38061.037122151,0
decode_0168,decode,DeepSeekV3,torus_mesh_switch_1,L1,1,4096,512,1,8,8,256,1,32,1,8,1,1,1,32,1,8,1024,1365,1707,2048,replace_only,50140.9056332332,50140.9056332332,50140.9056332332,0
decode_0169,decode,DeepSeekV3,torus_mesh_switch_1,L1,1.5,1,1,1,8,8,256,16,16,1,1,1,1,16,16,1,1,1024,1365,1707,2048,replace_only,76.3387026536476,76.3387026536476,76.3387026536476,0
decode_0170,decode,DeepSeekV3,torus_mesh_switch_1,L1,1.5,4,4,1,8,8,256,128,2,1,1,1,1,128,2,1,1,1024,1365,1707,2048,replace_only,311.134502413833,311.134502413833,311.134502413833,0
decode_0171,decode,DeepSeekV3,torus_mesh_switch_1,L1,1.5,16,16,1,8,8,256,32,8,1,1,1,1,32,8,1,1,1024,1365,1707,2048,replace_only,1318.08432887593,1318.08432887593,1318.08432887593,0
decode_0172,decode,DeepSeekV3,torus_mesh_switch_1,L1,1.5,64,64,1,8,8,256,16,16,1,1,1,1,16,16,1,1,1024,1365,1707,2048,replace_only,5087.22467169927,5087.22467169927,5087.22467169927,0
decode_0173,decode,DeepSeekV3,torus_mesh_switch_1,L1,1.5,256,128,1,8,8,256,8,16,1,2,1,1,8,16,1,2,1024,1365,1707,2048,replace_only,11500.6397899677,11500.6397899677,11500.6397899677,0
decode_0174,decode,DeepSeekV3,torus_mesh_switch_1,L1,1.5,1024,512,1,8,8,256,4,32,1,2,1,1,4,32,1,2,1024,1365,1707,2048,replace_only,38105.0070912526,38105.0070912526,38105.0070912526,0
decode_0175,decode,DeepSeekV3,torus_mesh_switch_1,L1,1.5,4096,512,1,8,8,256,1,32,1,8,1,1,1,32,1,8,1024,1365,1707,2048,replace_only,50140.9056332332,50140.9056332332,50140.9056332332,0
decode_0176,decode,DeepSeekV3,torus_mesh_switch_1,L1,2,1,1,1,8,8,256,16,16,1,1,1,1,16,16,1,1,1024,1365,1707,2048,replace_only,76.3408457989991,76.3408457989991,76.3408457989991,0
decode_0177,decode,DeepSeekV3,torus_mesh_switch_1,L1,2,4,4,1,8,8,256,128,2,1,1,1,1,128,2,1,1,1024,1365,1707,2048,replace_only,311.161837100677,311.161837100677,311.161837100677,0
decode_0178,decode,DeepSeekV3,torus_mesh_switch_1,L1,2,16,16,1,8,8,256,32,8,1,1,1,1,32,8,1,1,1024,1365,1707,2048,replace_only,1318.21329893823,1318.21329893823,1318.21329893823,0
decode_0179,decode,DeepSeekV3,torus_mesh_switch_1,L1,2,64,64,1,8,8,256,16,16,1,1,1,1,16,16,1,1,1024,1365,1707,2048,replace_only,5087.44845034331,5087.44845034331,5087.44845034331,0
decode_0180,decode,DeepSeekV3,torus_mesh_switch_1,L1,2,256,128,1,8,8,256,8,16,1,2,1,1,8,16,1,2,1024,1365,1707,2048,replace_only,11501.6060915428,11501.6060915428,11501.6060915428,0
decode_0181,decode,DeepSeekV3,torus_mesh_switch_1,L1,2,1024,512,1,8,8,256,4,32,1,2,1,1,4,32,1,2,1024,1365,1707,2048,replace_only,38111.0712129596,38111.0712129596,38111.0712129596,0
decode_0182,decode,DeepSeekV3,torus_mesh_switch_1,L1,2,4096,512,1,8,8,256,1,32,1,8,1,1,1,32,1,8,1024,1365,1707,2048,replace_only,50140.9056332332,50140.9056332332,50140.9056332332,0
decode_0183,decode,DeepSeekV3,torus_mesh_switch_1,L1,3,1,1,1,7,8,256,16,16,1,1,1,1,16,16,1,1,1024,1365,1707,2048,replace_only,73.0149556987779,76.3429890646927,73.0149556987779,0
decode_0184,decode,DeepSeekV3,torus_mesh_switch_1,L1,3,4,4,1,7,8,256,16,16,1,1,1,1,128,2,1,1,1024,1365,1707,2048,replace_only,291.587737434745,311.189176591107,291.587737434745,0
decode_0185,decode,DeepSeekV3,torus_mesh_switch_1,L1,3,16,16,1,7,8,256,32,8,1,1,1,1,32,8,1,1,1024,1365,1707,2048,replace_only,1229.62512255969,1318.34229424271,1229.62512255969,0
decode_0186,decode,DeepSeekV3,torus_mesh_switch_1,L1,3,64,64,1,7,8,256,16,16,1,1,1,1,16,16,1,1,1024,1365,1707,2048,replace_only,4726.93246126273,5087.67224867882,4726.93246126273,0
decode_0187,decode,DeepSeekV3,torus_mesh_switch_1,L1,3,256,128,1,7,8,256,8,16,1,2,1,1,8,16,1,2,1024,1365,1707,2048,replace_only,11036.4176191204,11502.5725555534,11036.4176191204,0
decode_0188,decode,DeepSeekV3,torus_mesh_switch_1,L1,3,1024,512,1,7,8,256,4,32,1,2,1,1,4,32,1,2,1024,1365,1707,2048,replace_only,34912.1010450283,38117.1372674023,34912.1010450283,0
decode_0189,decode,DeepSeekV3,torus_mesh_switch_1,L1,3,4096,512,1,7,8,256,1,32,1,8,1,1,1,32,1,8,1024,1365,1707,2048,replace_only,43592.8643079544,50140.9056332332,43592.8643079544,0
decode_0190,decode,DeepSeekV3,torus_mesh_switch_1,L1,4,1,1,1,7,8,256,16,16,1,1,1,1,16,16,1,1,1024,1365,1707,2048,replace_only,73.0159359722325,76.344060742671,73.0159359722325,0
decode_0191,decode,DeepSeekV3,torus_mesh_switch_1,L1,4,4,4,1,7,8,256,16,16,1,1,1,1,128,2,1,1,1024,1365,1707,2048,replace_only,291.591645862186,311.202848138063,291.591645862186,0
decode_0192,decode,DeepSeekV3,torus_mesh_switch_1,L1,4,16,16,1,7,8,256,32,8,1,1,1,1,32,8,1,1,1024,1365,1707,2048,replace_only,1229.68124545491,1318.40680136307,1229.68124545491,0
decode_0193,decode,DeepSeekV3,torus_mesh_switch_1,L1,4,64,64,1,7,8,256,16,16,1,1,1,1,16,16,1,1,1024,1365,1707,2048,replace_only,4727.02907492572,5087.78415523169,4727.02907492572,0
decode_0194,decode,DeepSeekV3,torus_mesh_switch_1,L1,4,256,128,1,7,8,256,8,16,1,2,1,1,8,16,1,2,1024,1365,1707,2048,replace_only,11036.8625821739,11503.0558484849,11036.8625821739,0
decode_0195,decode,DeepSeekV3,torus_mesh_switch_1,L1,4,1024,512,1,7,8,256,4,32,1,2,1,1,4,32,1,2,1024,1365,1707,2048,replace_only,34914.5518808437,38120.1710196886,34914.5518808437,0
decode_0196,decode,DeepSeekV3,torus_mesh_switch_1,L1,4,4096,512,1,7,8,256,1,32,1,8,1,1,1,32,1,8,1024,1365,1707,2048,replace_only,43592.8643079544,50140.9056332332,43592.8643079544,0
decode_0197,decode,DeepSeekV3,torus_mesh_switch_1,L2,0.25,1,1,1,9,8,256,32,8,1,1,1,1,16,16,1,1,1024,1365,1707,2048,replace_only,77.8222823113048,75.9961647146806,77.8222823113048,0
decode_0198,decode,DeepSeekV3,torus_mesh_switch_1,L2,0.25,4,4,1,9,8,256,32,8,1,1,1,1,128,2,1,1,1024,1365,1707,2048,replace_only,308.173149652336,308.860347129498,308.173149652336,0
decode_0199,decode,DeepSeekV3,torus_mesh_switch_1,L2,0.25,16,16,1,9,8,256,32,8,1,1,1,1,32,8,1,1,1024,1365,1707,2048,replace_only,1235.65823253497,1289.56203864521,1235.65823253497,0
decode_0200,decode,DeepSeekV3,torus_mesh_switch_1,L2,0.25,64,64,1,9,8,256,16,16,1,1,1,1,16,16,1,1,1024,1365,1707,2048,replace_only,4774.32760170635,4995.60006054245,4774.32760170635,0
decode_0201,decode,DeepSeekV3,torus_mesh_switch_1,L2,0.25,256,128,1,9,8,256,8,16,1,2,1,1,8,16,1,2,1024,1365,1707,2048,replace_only,11429.0281522771,11454.8884597035,11429.0281522771,0
decode_0202,decode,DeepSeekV3,torus_mesh_switch_1,L2,0.25,1024,512,1,9,8,256,4,32,1,2,1,1,4,32,1,2,1024,1365,1707,2048,replace_only,39997.0457439299,37939.5949114984,39997.0457439299,0
decode_0203,decode,DeepSeekV3,torus_mesh_switch_1,L2,0.25,4096,512,1,9,8,256,1,32,1,8,1,1,1,32,1,8,1024,1365,1707,2048,replace_only,52208.9667985655,50140.9056332332,52208.9667985655,0
decode_0204,decode,DeepSeekV3,torus_mesh_switch_1,L2,0.5,1,1,1,9,8,256,16,16,1,1,1,1,16,16,1,1,1024,1365,1707,2048,replace_only,78.0943641945921,76.22827887959,78.0943641945921,0
decode_0205,decode,DeepSeekV3,torus_mesh_switch_1,L2,0.5,4,4,1,9,8,256,16,16,1,1,1,1,128,2,1,1,1024,1365,1707,2048,replace_only,310.763042092425,310.857332506552,310.763042092425,0
decode_0206,decode,DeepSeekV3,torus_mesh_switch_1,L2,0.5,16,16,1,9,8,256,32,8,1,1,1,1,32,8,1,1,1024,1365,1707,2048,replace_only,1260.6778054703,1316.83614305939,1260.6778054703,0
decode_0207,decode,DeepSeekV3,torus_mesh_switch_1,L2,0.5,64,64,1,9,8,256,16,16,1,1,1,1,16,16,1,1,1024,1365,1707,2048,replace_only,4846.17656846291,5074.31758464477,4846.17656846291,0
decode_0208,decode,DeepSeekV3,torus_mesh_switch_1,L2,0.5,256,128,1,9,8,256,8,16,1,2,1,1,8,16,1,2,1024,1365,1707,2048,replace_only,11458.0729293143,11484.0640572017,11458.0729293143,0
decode_0209,decode,DeepSeekV3,torus_mesh_switch_1,L2,0.5,1024,512,1,9,8,256,4,32,1,2,1,1,4,32,1,2,1024,1365,1707,2048,replace_only,40086.9592498366,38020.4699903996,40086.9592498366,0
decode_0210,decode,DeepSeekV3,torus_mesh_switch_1,L2,0.5,4096,512,1,9,8,256,1,32,1,8,1,1,1,32,1,8,1024,1365,1707,2048,replace_only,52208.9667985655,50140.9056332332,52208.9667985655,0
decode_0211,decode,DeepSeekV3,torus_mesh_switch_1,L2,1,1,1,1,8,8,256,16,16,1,1,1,1,16,16,1,1,1024,1365,1707,2048,replace_only,76.3344167239303,76.3344167239303,76.3344167239303,0
decode_0212,decode,DeepSeekV3,torus_mesh_switch_1,L2,1,4,4,1,8,8,256,128,2,1,1,1,1,128,2,1,1,1024,1365,1707,2048,replace_only,311.079847445843,311.079847445843,311.079847445843,0
decode_0213,decode,DeepSeekV3,torus_mesh_switch_1,L2,1,16,16,1,8,8,256,32,8,1,1,1,1,32,8,1,1,1024,1365,1707,2048,replace_only,1317.8264644482,1317.8264644482,1317.8264644482,0
decode_0214,decode,DeepSeekV3,torus_mesh_switch_1,L2,1,64,64,1,8,8,256,16,16,1,1,1,1,16,16,1,1,1024,1365,1707,2048,replace_only,5086.7771734752,5086.7771734752,5086.7771734752,0
decode_0215,decode,DeepSeekV3,torus_mesh_switch_1,L2,1,256,128,1,8,8,256,8,16,1,2,1,1,8,16,1,2,1024,1365,1707,2048,replace_only,11498.7076739601,11498.7076739601,11498.7076739601,0
decode_0216,decode,DeepSeekV3,torus_mesh_switch_1,L2,1,1024,512,1,8,8,256,4,32,1,2,1,1,4,32,1,2,1024,1365,1707,2048,replace_only,38061.037122151,38061.037122151,38061.037122151,0
decode_0217,decode,DeepSeekV3,torus_mesh_switch_1,L2,1,4096,512,1,8,8,256,1,32,1,8,1,1,1,32,1,8,1024,1365,1707,2048,replace_only,50140.9056332332,50140.9056332332,50140.9056332332,0
decode_0218,decode,DeepSeekV3,torus_mesh_switch_1,L2,1.5,1,1,1,7,8,256,16,16,1,1,1,1,16,16,1,1,1024,1365,1707,2048,replace_only,73.0395359950564,76.3698617197559,73.0395359950564,0
decode_0219,decode,DeepSeekV3,torus_mesh_switch_1,L2,1.5,4,4,1,7,8,256,16,16,1,1,1,1,128,2,1,1,1024,1365,1707,2048,replace_only,291.685740960018,311.154089902469,291.685740960018,0
decode_0220,decode,DeepSeekV3,torus_mesh_switch_1,L2,1.5,16,16,1,7,8,256,32,8,1,1,1,1,32,8,1,1,1024,1365,1707,2048,replace_only,1229.46382496416,1318.15690268339,1229.46382496416,0
decode_0221,decode,DeepSeekV3,torus_mesh_switch_1,L2,1.5,64,64,1,7,8,256,16,16,1,1,1,1,16,16,1,1,1024,1365,1707,2048,replace_only,4747.06478044459,5110.99881148583,4747.06478044459,0
decode_0222,decode,DeepSeekV3,torus_mesh_switch_1,L2,1.5,256,128,1,7,8,256,8,16,1,2,1,1,8,16,1,2,1024,1365,1707,2048,replace_only,11044.6793634049,11511.5533814557,11044.6793634049,0
decode_0223,decode,DeepSeekV3,torus_mesh_switch_1,L2,1.5,1024,512,1,7,8,256,4,32,1,2,1,1,4,32,1,2,1024,1365,1707,2048,replace_only,34876.7636073248,38074.5787667307,34876.7636073248,0
decode_0224,decode,DeepSeekV3,torus_mesh_switch_1,L2,1.5,4096,512,1,7,8,256,1,32,1,8,1,1,1,32,1,8,1024,1365,1707,2048,replace_only,43592.8643079544,50140.9056332332,43592.8643079544,0
decode_0225,decode,DeepSeekV3,torus_mesh_switch_1,L2,2,1,1,1,6,8,256,32,8,1,1,1,1,16,16,1,1,1024,1365,1707,2048,replace_only,71.0266820602102,76.3875965648687,71.0266820602102,0
decode_0226,decode,DeepSeekV3,torus_mesh_switch_1,L2,2,4,4,1,6,8,256,32,8,1,1,1,1,128,2,1,1,1024,1365,1707,2048,replace_only,283.659984951964,311.191224421956,283.659984951964,0
decode_0227,decode,DeepSeekV3,torus_mesh_switch_1,L2,2,16,16,1,6,8,256,32,8,1,1,1,1,32,8,1,1,1024,1365,1707,2048,replace_only,1193.99491178835,1318.32218395335,1193.99491178835,0
decode_0228,decode,DeepSeekV3,torus_mesh_switch_1,L2,2,64,64,1,6,8,256,16,16,1,1,1,1,16,16,1,1,1024,1365,1707,2048,replace_only,4581.44958372952,5114.72308492687,4581.44958372952,0
decode_0229,decode,DeepSeekV3,torus_mesh_switch_1,L2,2,256,128,1,6,8,256,8,16,1,2,1,1,8,16,1,2,1024,1365,1707,2048,replace_only,9502.34662545922,11516.401545587,9502.34662545922,0
decode_0230,decode,DeepSeekV3,torus_mesh_switch_1,L2,2,1024,512,1,6,8,256,4,32,1,2,1,1,4,32,1,2,1024,1365,1707,2048,replace_only,30697.9943514369,38081.3532074435,30697.9943514369,0
decode_0231,decode,DeepSeekV3,torus_mesh_switch_1,L2,2,4096,512,1,6,8,256,1,32,1,8,1,1,1,32,1,8,1024,1365,1707,2048,replace_only,38365.6368901887,50140.9056332332,38365.6368901887,0
decode_0232,decode,DeepSeekV3,torus_mesh_switch_1,L2,3,1,1,1,5,8,256,32,8,1,1,1,1,16,16,1,1,1024,1365,1707,2048,replace_only,62.5111232903952,76.3991357824503,62.5111232903952,0
decode_0233,decode,DeepSeekV3,torus_mesh_switch_1,L2,3,4,4,1,5,8,256,32,8,1,1,1,1,128,2,1,1,1024,1365,1707,2048,replace_only,249.525694112396,311.228367806457,249.525694112396,0
decode_0234,decode,DeepSeekV3,torus_mesh_switch_1,L2,3,16,16,1,5,8,256,32,8,1,1,1,1,32,8,1,1,1024,1365,1707,2048,replace_only,1002.30634903071,1318.48750667901,1002.30634903071,0
decode_0235,decode,DeepSeekV3,torus_mesh_switch_1,L2,3,64,64,1,5,8,256,16,16,1,1,1,1,16,16,1,1,1024,1365,1707,2048,replace_only,3775.05136908743,5116.7129211521,3775.05136908743,0
decode_0236,decode,DeepSeekV3,torus_mesh_switch_1,L2,3,256,128,1,5,8,256,8,16,1,2,1,1,8,16,1,2,1024,1365,1707,2048,replace_only,8553.71657498284,11534.9640351283,8553.71657498284,0
decode_0237,decode,DeepSeekV3,torus_mesh_switch_1,L2,3,1024,512,1,5,8,256,4,32,1,2,1,1,4,32,1,2,1024,1365,1707,2048,replace_only,27341.7194766853,38088.1300621596,27341.7194766853,0
decode_0238,decode,DeepSeekV3,torus_mesh_switch_1,L2,3,4096,512,1,5,8,256,1,32,1,8,1,1,1,32,1,8,1024,1365,1707,2048,replace_only,33213.5884437804,50140.9056332332,33213.5884437804,0
decode_0239,decode,DeepSeekV3,torus_mesh_switch_1,L2,4,1,1,1,3,8,256,128,2,1,1,1,1,16,16,1,1,1024,1365,1707,2048,replace_only,46.5557432358644,76.4035772289893,46.5557432358644,0
decode_0240,decode,DeepSeekV3,torus_mesh_switch_1,L2,4,4,4,1,3,8,256,64,4,1,1,1,1,128,2,1,1,1024,1365,1707,2048,replace_only,183.524546540926,311.246942824079,183.524546540926,0
decode_0241,decode,DeepSeekV3,torus_mesh_switch_1,L2,4,16,16,1,3,8,256,32,8,1,1,1,1,32,8,1,1,1024,1365,1707,2048,replace_only,723.874941188693,1318.5701835926,723.874941188693,0
decode_0242,decode,DeepSeekV3,torus_mesh_switch_1,L2,4,64,64,1,3,8,256,16,16,1,1,1,1,16,16,1,1,1024,1365,1707,2048,replace_only,2687.7172869207,5117.33559970968,2687.7172869207,0
decode_0243,decode,DeepSeekV3,torus_mesh_switch_1,L2,4,256,128,1,3,8,256,8,16,1,2,1,1,8,16,1,2,1024,1365,1707,2048,replace_only,5505.92595480096,11536.3907660925,5505.92595480096,0
decode_0244,decode,DeepSeekV3,torus_mesh_switch_1,L2,4,1024,512,1,3,8,256,4,32,1,2,1,1,4,32,1,2,1024,1365,1707,2048,replace_only,17106.2804598372,38091.5193951727,17106.2804598372,0
decode_0245,decode,DeepSeekV3,torus_mesh_switch_1,L2,4,4096,512,1,3,8,256,1,32,1,8,1,1,1,32,1,8,1024,1365,1707,2048,replace_only,20475.9742004641,50140.9056332332,20475.9742004641,0
decode_0246,decode,DeepSeekV3,torus_mesh_switch_1,L3,0.25,1,1,1,9,8,256,16,16,1,1,1,1,16,16,1,1,1024,1365,1707,2048,replace_only,77.6002043894227,75.7573854429395,77.6002043894227,0
decode_0247,decode,DeepSeekV3,torus_mesh_switch_1,L3,0.25,4,4,1,9,8,256,16,16,1,1,1,1,128,2,1,1,1024,1365,1707,2048,replace_only,304.121173854332,299.582848678873,304.121173854332,0
decode_0248,decode,DeepSeekV3,torus_mesh_switch_1,L3,0.25,16,16,1,9,8,256,32,8,1,1,1,1,32,8,1,1,1024,1365,1707,2048,replace_only,1177.54442462561,1226.39709286569,1177.54442462561,0
decode_0249,decode,DeepSeekV3,torus_mesh_switch_1,L3,0.25,64,64,1,9,8,256,16,16,1,1,1,1,16,16,1,1,1024,1365,1707,2048,replace_only,4494.42305331417,4689.98157444876,4494.42305331417,0
decode_0250,decode,DeepSeekV3,torus_mesh_switch_1,L3,0.25,256,128,1,9,8,256,8,16,1,2,1,1,8,16,1,2,1024,1365,1707,2048,replace_only,10872.8548035014,10896.2730061323,10872.8548035014,0
decode_0251,decode,DeepSeekV3,torus_mesh_switch_1,L3,0.25,1024,512,1,9,8,256,4,32,1,2,1,1,4,32,1,2,1024,1365,1707,2048,replace_only,24417.8451093956,24630.4554286051,24417.8451093956,0
decode_0252,decode,DeepSeekV3,torus_mesh_switch_1,L3,0.25,4096,256,1,9,8,256,2,8,1,16,1,1,1,32,1,8,1024,1365,1707,2048,replace_only,42488.3898183127,39732.3717672725,42488.3898183127,0
decode_0253,decode,DeepSeekV3,torus_mesh_switch_1,L3,0.5,1,1,1,8,8,256,16,16,1,1,1,1,16,16,1,1,1024,1365,1707,2048,replace_only,76.1410986993421,76.1410986993421,76.1410986993421,0
decode_0254,decode,DeepSeekV3,torus_mesh_switch_1,L3,0.5,4,4,1,8,8,256,128,2,1,1,1,1,128,2,1,1,1024,1365,1707,2048,replace_only,307.150700972413,307.150700972413,307.150700972413,0
decode_0255,decode,DeepSeekV3,torus_mesh_switch_1,L3,0.5,16,16,1,8,8,256,32,8,1,1,1,1,32,8,1,1,1024,1365,1707,2048,replace_only,1285.87196791739,1285.87196791739,1285.87196791739,0
decode_0256,decode,DeepSeekV3,torus_mesh_switch_1,L3,0.5,64,64,1,8,8,256,16,16,1,1,1,1,16,16,1,1,1024,1365,1707,2048,replace_only,4947.2552516677,4947.2552516677,4947.2552516677,0
decode_0257,decode,DeepSeekV3,torus_mesh_switch_1,L3,0.5,256,128,1,8,8,256,8,16,1,2,1,1,8,16,1,2,1024,1365,1707,2048,replace_only,11290.6266015512,11290.6266015512,11290.6266015512,0
decode_0258,decode,DeepSeekV3,torus_mesh_switch_1,L3,0.5,1024,512,1,8,8,256,4,32,1,2,1,1,4,32,1,2,1024,1365,1707,2048,replace_only,34114.5135275495,34114.5135275495,34114.5135275495,0
decode_0259,decode,DeepSeekV3,torus_mesh_switch_1,L3,0.5,4096,512,1,8,8,256,1,32,1,8,1,1,1,32,1,8,1024,1365,1707,2048,replace_only,45912.4513344685,45912.4513344685,45912.4513344685,0
decode_0260,decode,DeepSeekV3,torus_mesh_switch_1,L3,1,1,1,1,8,8,256,16,16,1,1,1,1,16,16,1,1,1024,1365,1707,2048,replace_only,76.3344167239303,76.3344167239303,76.3344167239303,0
decode_0261,decode,DeepSeekV3,torus_mesh_switch_1,L3,1,4,4,1,8,8,256,128,2,1,1,1,1,128,2,1,1,1024,1365,1707,2048,replace_only,311.079847445843,311.079847445843,311.079847445843,0
decode_0262,decode,DeepSeekV3,torus_mesh_switch_1,L3,1,16,16,1,8,8,256,32,8,1,1,1,1,32,8,1,1,1024,1365,1707,2048,replace_only,1317.8264644482,1317.8264644482,1317.8264644482,0
decode_0263,decode,DeepSeekV3,torus_mesh_switch_1,L3,1,64,64,1,8,8,256,16,16,1,1,1,1,16,16,1,1,1024,1365,1707,2048,replace_only,5086.7771734752,5086.7771734752,5086.7771734752,0
decode_0264,decode,DeepSeekV3,torus_mesh_switch_1,L3,1,256,128,1,8,8,256,8,16,1,2,1,1,8,16,1,2,1024,1365,1707,2048,replace_only,11498.7076739601,11498.7076739601,11498.7076739601,0
decode_0265,decode,DeepSeekV3,torus_mesh_switch_1,L3,1,1024,512,1,8,8,256,4,32,1,2,1,1,4,32,1,2,1024,1365,1707,2048,replace_only,38061.037122151,38061.037122151,38061.037122151,0
decode_0266,decode,DeepSeekV3,torus_mesh_switch_1,L3,1,4096,512,1,8,8,256,1,32,1,8,1,1,1,32,1,8,1024,1365,1707,2048,replace_only,50140.9056332332,50140.9056332332,50140.9056332332,0
decode_0267,decode,DeepSeekV3,torus_mesh_switch_1,L3,1.5,1,1,1,7,8,256,16,16,1,1,1,1,16,16,1,1,1024,1365,1707,2048,replace_only,73.0268176141006,76.3990744026209,73.0268176141006,0
decode_0268,decode,DeepSeekV3,torus_mesh_switch_1,L3,1.5,4,4,1,7,8,256,16,16,1,1,1,1,128,2,1,1,1024,1365,1707,2048,replace_only,291.792274941742,312.411998440708,291.792274941742,0
decode_0269,decode,DeepSeekV3,torus_mesh_switch_1,L3,1.5,16,16,1,7,8,256,32,8,1,1,1,1,32,8,1,1,1024,1365,1707,2048,replace_only,1233.33668761196,1328.83385351242,1233.33668761196,0
decode_0270,decode,DeepSeekV3,torus_mesh_switch_1,L3,1.5,64,64,1,7,8,256,16,16,1,1,1,1,16,16,1,1,1024,1365,1707,2048,replace_only,4739.96168278608,5135.05016920164,4739.96168278608,0
decode_0271,decode,DeepSeekV3,torus_mesh_switch_1,L3,1.5,256,128,1,7,8,256,8,16,1,2,1,1,8,16,1,2,1024,1365,1707,2048,replace_only,11098.2834956975,11569.7833830146,11098.2834956975,0
decode_0272,decode,DeepSeekV3,torus_mesh_switch_1,L3,1.5,1024,512,1,7,8,256,4,32,1,2,1,1,4,32,1,2,1024,1365,1707,2048,replace_only,35309.2691944778,38590.4231917405,35309.2691944778,0
decode_0273,decode,DeepSeekV3,torus_mesh_switch_1,L3,1.5,4096,512,1,7,8,256,1,32,1,8,1,1,1,32,1,8,1024,1365,1707,2048,replace_only,44726.6871416797,51729.2436124518,44726.6871416797,0
decode_0274,decode,DeepSeekV3,torus_mesh_switch_1,L3,2,1,1,1,7,8,256,32,8,1,1,1,1,16,16,1,1,1024,1365,1707,2048,replace_only,73.8168768504191,77.1147694624406,73.8168768504191,0
decode_0275,decode,DeepSeekV3,torus_mesh_switch_1,L3,2,4,4,1,7,8,256,32,8,1,1,1,1,128,2,1,1,1024,1365,1707,2048,replace_only,295.026058301184,313.08236184017,295.026058301184,0
decode_0276,decode,DeepSeekV3,torus_mesh_switch_1,L3,2,16,16,1,7,8,256,32,8,1,1,1,1,32,8,1,1,1024,1365,1707,2048,replace_only,1235.42745012465,1334.4067963722,1235.42745012465,0
decode_0277,decode,DeepSeekV3,torus_mesh_switch_1,L3,2,64,64,1,7,8,256,16,16,1,1,1,1,16,16,1,1,1024,1365,1707,2048,replace_only,4746.89296072173,5159.53194389187,4746.89296072173,0
decode_0278,decode,DeepSeekV3,torus_mesh_switch_1,L3,2,256,128,1,7,8,256,8,16,1,2,1,1,8,16,1,2,1024,1365,1707,2048,replace_only,11131.287586368,11605.6518445186,11131.287586368,0
decode_0279,decode,DeepSeekV3,torus_mesh_switch_1,L3,2,1024,512,1,7,8,256,4,32,1,2,1,1,4,32,1,2,1024,1365,1707,2048,replace_only,35535.4778141907,38860.6841918065,35535.4778141907,0
decode_0280,decode,DeepSeekV3,torus_mesh_switch_1,L3,2,4096,512,1,7,8,256,1,32,1,8,1,1,1,32,1,8,1024,1365,1707,2048,replace_only,44857.2658763648,52557.3538646026,44857.2658763648,0
decode_0281,decode,DeepSeekV3,torus_mesh_switch_1,L3,3,1,1,1,6,8,256,128,2,1,1,1,1,16,16,1,1,1024,1365,1707,2048,replace_only,72.378897300247,77.4182051853584,72.378897300247,0
decode_0282,decode,DeepSeekV3,torus_mesh_switch_1,L3,3,4,4,1,6,8,256,32,8,1,1,1,1,128,2,1,1,1024,1365,1707,2048,replace_only,286.888989163609,315.686985871536,286.888989163609,0
decode_0283,decode,DeepSeekV3,torus_mesh_switch_1,L3,3,16,16,1,6,8,256,32,8,1,1,1,1,32,8,1,1,1024,1365,1707,2048,replace_only,1199.43046548495,1335.72762672986,1199.43046548495,0
decode_0284,decode,DeepSeekV3,torus_mesh_switch_1,L3,3,64,64,1,6,8,256,16,16,1,1,1,1,16,16,1,1,1024,1365,1707,2048,replace_only,4582.80891807393,5178.44628870336,4582.80891807393,0
decode_0285,decode,DeepSeekV3,torus_mesh_switch_1,L3,3,256,128,1,6,8,256,8,16,1,2,1,1,8,16,1,2,1024,1365,1707,2048,replace_only,9562.63741905104,11641.7434537813,9562.63741905104,0
decode_0286,decode,DeepSeekV3,torus_mesh_switch_1,L3,3,1024,512,1,6,8,256,4,32,1,2,1,1,4,32,1,2,1024,1365,1707,2048,replace_only,31237.8571374972,39134.7621471255,31237.8571374972,0
decode_0287,decode,DeepSeekV3,torus_mesh_switch_1,L3,3,4096,512,1,6,8,256,1,32,1,8,1,1,1,32,1,8,1024,1365,1707,2048,replace_only,39327.644660148,52762.8738594842,39327.644660148,0
decode_0288,decode,DeepSeekV3,torus_mesh_switch_1,L3,4,1,1,1,5,8,256,128,2,1,1,1,1,16,16,1,1,1024,1365,1707,2048,replace_only,63.3583697187283,77.7135573841184,63.3583697187283,0
decode_0289,decode,DeepSeekV3,torus_mesh_switch_1,L3,4,4,4,1,5,8,256,32,8,1,1,1,1,128,2,1,1,1024,1365,1707,2048,replace_only,252.500139556051,316.952122984931,252.500139556051,0
decode_0290,decode,DeepSeekV3,torus_mesh_switch_1,L3,4,16,16,1,5,8,256,32,8,1,1,1,1,32,8,1,1,1024,1365,1707,2048,replace_only,1014.44352758534,1348.56360512612,1014.44352758534,0
decode_0291,decode,DeepSeekV3,torus_mesh_switch_1,L3,4,64,64,1,5,8,256,16,16,1,1,1,1,16,16,1,1,1024,1365,1707,2048,replace_only,3783.20006432805,5178.44628870336,3783.20006432805,0
decode_0292,decode,DeepSeekV3,torus_mesh_switch_1,L3,4,256,128,1,5,8,256,8,16,1,2,1,1,8,16,1,2,1024,1365,1707,2048,replace_only,8599.40674064668,11659.8735907562,8599.40674064668,0
decode_0293,decode,DeepSeekV3,torus_mesh_switch_1,L3,4,1024,512,1,5,8,256,4,32,1,2,1,1,4,32,1,2,1024,1365,1707,2048,replace_only,27821.2156675477,39273.2578739004,27821.2156675477,0
decode_0294,decode,DeepSeekV3,torus_mesh_switch_1,L3,4,4096,512,1,5,8,256,1,32,1,8,1,1,1,32,1,8,1024,1365,1707,2048,replace_only,33717.3453807393,52866.2388102362,33717.3453807393,0
prefill_0001,prefill,DeepSeekV3,torus_mesh_mesh_3,L1,0.25,1,1,1024,8,8,256,64,4,1,1,1,1,64,4,1,1,1,1,1,1,replace_only,11064.3998240464,11064.3998240464,11064.3998240464,0
prefill_0002,prefill,DeepSeekV3,torus_mesh_mesh_3,L1,0.25,1,1,8192,8,8,256,64,4,1,1,1,1,64,4,1,1,1,1,1,1,replace_only,10875.1853027286,10875.1853027286,10875.1853027286,0
prefill_0003,prefill,DeepSeekV3,torus_mesh_mesh_3,L1,0.25,4,2,1024,8,8,256,32,2,1,2,2,1,32,2,1,2,1,1,1,1,replace_only,53570.1126386934,53570.1126386934,53570.1126386934,0
prefill_0004,prefill,DeepSeekV3,torus_mesh_mesh_3,L1,0.25,4,2,8192,8,8,256,32,2,1,2,2,1,32,2,1,2,1,1,1,1,replace_only,57389.7604076986,57389.7604076986,57389.7604076986,0
prefill_0005,prefill,DeepSeekV3,torus_mesh_mesh_3,L1,0.25,16,8,1024,8,8,256,8,8,1,2,2,1,8,8,1,2,1,1,1,1,replace_only,125332.183671401,125332.183671401,125332.183671401,1.16106771637518e-16
prefill_0006,prefill,DeepSeekV3,torus_mesh_mesh_3,L1,0.25,16,8,8192,8,8,256,8,8,1,2,2,1,8,8,1,2,1,1,1,1,replace_only,93027.7489232984,93027.7489232984,93027.7489232984,0
prefill_0007,prefill,DeepSeekV3,torus_mesh_mesh_3,L1,0.25,64,16,1024,8,8,256,2,16,1,4,2,1,2,16,1,4,1,1,1,1,replace_only,155071.442363801,155071.442363801,155071.442363801,0
prefill_0008,prefill,DeepSeekV3,torus_mesh_mesh_3,L1,0.25,64,16,8192,8,8,256,2,16,1,4,2,1,8,8,2,2,1,1,1,1,replace_only,98849.0258581057,98849.0258581057,98849.0258581057,0
prefill_0009,prefill,DeepSeekV3,torus_mesh_mesh_3,L1,0.25,256,64,1024,8,8,256,1,64,1,4,1,1,1,64,1,4,1,1,1,1,replace_only,171205.45751636,171205.45751636,171205.45751636,0
prefill_0010,prefill,DeepSeekV3,torus_mesh_mesh_3,L1,0.25,256,256,8192,8,8,256,2,32,4,1,1,1,2,32,4,1,1,1,1,1,replace_only,107320.531703578,107320.531703578,105809.333750269,0.0142822745380507
prefill_0011,prefill,DeepSeekV3,torus_mesh_mesh_3,L1,0.25,1024,256,1024,8,8,256,1,32,2,4,1,1,1,64,1,4,1,1,1,1,replace_only,176959.787974359,176959.787974359,176959.787974359,0
prefill_0012,prefill,DeepSeekV3,torus_mesh_mesh_3,L1,0.5,1,1,1024,8,8,256,64,4,1,1,1,1,64,4,1,1,1,1,1,1,replace_only,13019.6349881688,13019.6349881688,13019.6349881688,0
prefill_0013,prefill,DeepSeekV3,torus_mesh_mesh_3,L1,0.5,1,1,8192,8,8,256,64,4,1,1,1,1,64,4,1,1,1,1,1,1,replace_only,12758.4273393624,12758.4273393624,12758.4273393624,0
prefill_0014,prefill,DeepSeekV3,torus_mesh_mesh_3,L1,0.5,4,2,1024,8,8,256,32,2,1,2,2,1,32,2,1,2,1,1,1,1,replace_only,62806.7877951275,62806.7877951275,62806.7877951275,0
prefill_0015,prefill,DeepSeekV3,torus_mesh_mesh_3,L1,0.5,4,2,8192,8,8,256,32,2,1,2,2,1,32,2,1,2,1,1,1,1,replace_only,69427.6801435791,69427.6801435791,69427.6801435791,0
prefill_0016,prefill,DeepSeekV3,torus_mesh_mesh_3,L1,0.5,16,8,1024,8,8,256,8,8,1,2,2,1,8,8,1,2,1,1,1,1,replace_only,140399.379294302,140399.379294302,140399.379294302,0
prefill_0017,prefill,DeepSeekV3,torus_mesh_mesh_3,L1,0.5,16,8,8192,8,8,256,8,8,1,2,2,1,8,8,1,2,1,1,1,1,replace_only,99395.4378236572,99395.4378236572,99395.4378236572,0
prefill_0018,prefill,DeepSeekV3,torus_mesh_mesh_3,L1,0.5,64,16,1024,8,8,256,2,16,1,4,2,1,2,16,1,4,1,1,1,1,replace_only,165850.821478481,165850.821478481,165850.821478481,0
prefill_0019,prefill,DeepSeekV3,torus_mesh_mesh_3,L1,0.5,64,16,8192,8,8,256,2,16,1,4,2,1,8,8,2,2,1,1,1,1,replace_only,102299.855820111,102299.855820111,102299.855820111,0
prefill_0020,prefill,DeepSeekV3,torus_mesh_mesh_3,L1,0.5,256,64,1024,8,8,256,1,64,1,4,1,1,1,64,1,4,1,1,1,1,replace_only,183796.968742214,183796.968742214,183796.968742214,0
prefill_0021,prefill,DeepSeekV3,torus_mesh_mesh_3,L1,0.5,256,256,8192,8,8,256,2,32,4,1,1,1,2,32,4,1,1,1,1,1,replace_only,111668.228187652,111668.228187652,108267.420467917,0.0314111826534441
prefill_0022,prefill,DeepSeekV3,torus_mesh_mesh_3,L1,0.5,1024,256,1024,8,8,256,1,16,4,4,1,1,1,64,1,4,1,1,1,1,replace_only,189973.161426539,189973.161426539,189973.161426539,0
prefill_0023,prefill,DeepSeekV3,torus_mesh_mesh_3,L1,1,1,1,1024,8,8,256,64,4,1,1,1,1,64,4,1,1,1,1,1,1,replace_only,14146.6558111788,14146.6558111788,14146.6558111788,0
prefill_0024,prefill,DeepSeekV3,torus_mesh_mesh_3,L1,1,1,1,8192,8,8,256,64,4,1,1,1,1,64,4,1,1,1,1,1,1,replace_only,13836.404924139,13836.404924139,13836.404924139,0
prefill_0025,prefill,DeepSeekV3,torus_mesh_mesh_3,L1,1,4,2,1024,8,8,256,32,2,1,2,2,1,32,2,1,2,1,1,1,1,replace_only,68081.6891954185,68081.6891954185,68081.6891954185,0
prefill_0026,prefill,DeepSeekV3,torus_mesh_mesh_3,L1,1,4,2,8192,8,8,256,32,2,1,2,2,1,32,2,1,2,1,1,1,1,replace_only,76690.1147077068,76690.1147077068,76690.1147077068,0
prefill_0027,prefill,DeepSeekV3,torus_mesh_mesh_3,L1,1,16,8,1024,8,8,256,8,8,1,2,2,1,8,8,1,2,1,1,1,1,replace_only,147734.662011335,147734.662011335,147734.662011335,0
prefill_0028,prefill,DeepSeekV3,torus_mesh_mesh_3,L1,1,16,8,8192,8,8,256,8,8,1,2,2,1,8,8,1,2,1,1,1,1,replace_only,102197.78236514,102197.78236514,102197.78236514,0
prefill_0029,prefill,DeepSeekV3,torus_mesh_mesh_3,L1,1,64,16,1024,8,8,256,2,16,1,4,2,1,2,16,1,4,1,1,1,1,replace_only,169076.296488173,169076.296488173,169076.296488173,0
prefill_0030,prefill,DeepSeekV3,torus_mesh_mesh_3,L1,1,64,32,8192,8,8,256,8,8,2,2,1,1,8,8,2,2,1,1,1,1,replace_only,103566.297983399,103566.297983399,103566.297983399,0
prefill_0031,prefill,DeepSeekV3,torus_mesh_mesh_3,L1,1,256,64,1024,8,8,256,1,64,1,4,1,1,1,64,1,4,1,1,1,1,replace_only,188585.476790295,188585.476790295,188585.476790295,0
prefill_0032,prefill,DeepSeekV3,torus_mesh_mesh_3,L1,1,256,256,8192,8,8,256,2,32,4,1,1,1,2,32,4,1,1,1,1,1,replace_only,113180.04507109,113180.04507109,108284.173675161,0.0452131759403298
prefill_0033,prefill,DeepSeekV3,torus_mesh_mesh_3,L1,1,1024,256,1024,8,8,256,1,64,1,4,1,1,1,64,1,4,1,1,1,1,replace_only,191052.407644893,191052.407644893,191052.407644893,0
prefill_0034,prefill,DeepSeekV3,torus_mesh_mesh_3,L1,1.5,1,1,1024,8,8,256,64,4,1,1,1,1,64,4,1,1,1,1,1,1,replace_only,14373.890198189,14373.890198189,14373.890198189,0
prefill_0035,prefill,DeepSeekV3,torus_mesh_mesh_3,L1,1.5,1,1,8192,8,8,256,64,4,1,1,1,1,64,4,1,1,1,1,1,1,replace_only,14005.2423526637,14005.2423526637,14005.2423526637,0
prefill_0036,prefill,DeepSeekV3,torus_mesh_mesh_3,L1,1.5,4,2,1024,8,8,256,32,2,1,2,2,1,32,2,1,2,1,1,1,1,replace_only,69262.7142583018,69262.7142583018,69262.7142583018,0
prefill_0037,prefill,DeepSeekV3,torus_mesh_mesh_3,L1,1.5,4,2,8192,8,8,256,32,2,1,2,2,1,32,2,1,2,1,1,1,1,replace_only,78213.774052617,78213.774052617,78213.774052617,0
prefill_0038,prefill,DeepSeekV3,torus_mesh_mesh_3,L1,1.5,16,8,1024,8,8,256,8,8,1,2,2,1,8,8,1,2,1,1,1,1,replace_only,148996.650456668,148996.650456668,148996.650456668,0
prefill_0039,prefill,DeepSeekV3,torus_mesh_mesh_3,L1,1.5,16,8,8192,8,8,256,8,8,1,2,2,1,8,8,1,2,1,1,1,1,replace_only,102631.848891996,102631.848891996,102631.848891996,0
prefill_0040,prefill,DeepSeekV3,torus_mesh_mesh_3,L1,1.5,64,16,1024,8,8,256,2,16,1,4,2,1,2,16,1,4,1,1,1,1,replace_only,169240.337336871,169240.337336871,169240.337336871,0
prefill_0041,prefill,DeepSeekV3,torus_mesh_mesh_3,L1,1.5,64,32,8192,8,8,256,8,8,2,2,1,1,8,8,2,2,1,1,1,1,replace_only,103967.297166059,103967.297166059,103967.297166059,0
prefill_0042,prefill,DeepSeekV3,torus_mesh_mesh_3,L1,1.5,256,64,1024,8,8,256,1,64,1,4,1,1,1,64,1,4,1,1,1,1,replace_only,188683.220211771,188683.220211771,188683.220211771,1.54247051879169e-16
prefill_0043,prefill,DeepSeekV3,torus_mesh_mesh_3,L1,1.5,256,256,8192,8,8,256,2,32,4,1,1,1,2,32,4,1,1,1,1,1,replace_only,113184.490263471,113184.490263471,108288.242603788,0.0452149517062353
prefill_0044,prefill,DeepSeekV3,torus_mesh_mesh_3,L1,1.5,1024,256,1024,8,8,256,1,64,1,4,1,1,1,64,1,4,1,1,1,1,replace_only,191077.568355623,191077.568355623,191077.568355623,1.5231421828944e-16
prefill_0045,prefill,DeepSeekV3,torus_mesh_mesh_3,L1,2,1,1,1024,8,8,256,64,4,1,1,1,1,64,4,1,1,1,1,1,1,replace_only,14464.2975302987,14464.2975302987,14464.2975302987,0
prefill_0046,prefill,DeepSeekV3,torus_mesh_mesh_3,L1,2,1,1,8192,8,8,256,64,4,1,1,1,1,64,4,1,1,1,1,1,1,replace_only,14091.2157192959,14091.2157192959,14091.2157192959,0
prefill_0047,prefill,DeepSeekV3,torus_mesh_mesh_3,L1,2,4,2,1024,8,8,256,32,2,1,2,2,1,32,2,1,2,1,1,1,1,replace_only,69832.9389298709,69832.9389298709,69832.9389298709,0
prefill_0048,prefill,DeepSeekV3,torus_mesh_mesh_3,L1,2,4,2,8192,8,8,256,32,2,1,2,2,1,32,2,1,2,1,1,1,1,replace_only,78941.1557192919,78941.1557192919,78941.1557192919,0
prefill_0049,prefill,DeepSeekV3,torus_mesh_mesh_3,L1,2,16,8,1024,8,8,256,8,8,1,2,2,1,8,8,1,2,1,1,1,1,replace_only,149424.099395765,149424.099395765,149424.099395765,0
prefill_0050,prefill,DeepSeekV3,torus_mesh_mesh_3,L1,2,16,8,8192,8,8,256,8,8,1,2,2,1,8,8,1,2,1,1,1,1,replace_only,102822.646236871,102822.646236871,102822.646236871,0
prefill_0051,prefill,DeepSeekV3,torus_mesh_mesh_3,L1,2,64,16,1024,8,8,256,2,16,1,4,2,1,2,16,1,4,1,1,1,1,replace_only,169246.641859481,169246.641859481,169246.641859481,0
prefill_0052,prefill,DeepSeekV3,torus_mesh_mesh_3,L1,2,64,32,8192,8,8,256,8,8,2,2,1,1,8,8,2,2,1,1,1,1,replace_only,104161.795529643,104161.795529643,104161.795529643,1.39704919201643e-16
prefill_0053,prefill,DeepSeekV3,torus_mesh_mesh_3,L1,2,256,64,1024,8,8,256,1,64,1,4,1,1,1,64,1,4,1,1,1,1,replace_only,188683.220211771,188683.220211771,188683.220211771,1.54247051879169e-16
prefill_0054,prefill,DeepSeekV3,torus_mesh_mesh_3,L1,2,256,256,8192,8,8,256,2,32,4,1,1,1,2,32,4,1,1,1,1,1,replace_only,113184.574255751,113184.574255751,108288.3194864,0.0452149852594799
prefill_0055,prefill,DeepSeekV3,torus_mesh_mesh_3,L1,2,1024,256,1024,8,8,256,1,64,1,4,1,1,1,64,1,4,1,1,1,1,replace_only,191077.568355623,191077.568355623,191077.568355623,1.5231421828944e-16
prefill_0056,prefill,DeepSeekV3,torus_mesh_mesh_3,L1,3,1,1,1024,7,8,256,64,4,1,1,1,1,64,4,1,1,1,1,1,1,replace_only,13209.5850692712,14555.8493291713,13209.5850692712,1.37702236217645e-16
prefill_0057,prefill,DeepSeekV3,torus_mesh_mesh_3,L1,3,1,1,8192,7,8,256,64,4,1,1,1,1,64,4,1,1,1,1,1,1,replace_only,12710.5047150844,14178.2511273009,12710.5047150844,0
prefill_0058,prefill,DeepSeekV3,torus_mesh_mesh_3,L1,3,4,2,1024,7,8,256,32,2,1,2,1,2,32,2,1,2,1,1,1,1,replace_only,63176.2373411314,70383.0276408447,63176.2373411314,0
prefill_0059,prefill,DeepSeekV3,torus_mesh_mesh_3,L1,3,4,2,8192,7,8,256,32,2,1,2,1,2,32,2,1,2,1,1,1,1,replace_only,68802.9240051402,79564.1332237672,68802.9240051402,0
prefill_0060,prefill,DeepSeekV3,torus_mesh_mesh_3,L1,3,16,8,1024,7,8,256,8,8,1,2,2,1,8,8,1,2,1,1,1,1,replace_only,127206.936956885,149820.480839734,127206.936956885,0
prefill_0061,prefill,DeepSeekV3,torus_mesh_mesh_3,L1,3,16,8,8192,7,8,256,8,8,1,2,2,1,8,8,1,2,1,1,1,1,replace_only,87546.8108802841,102998.309614742,87546.8108802841,0
prefill_0062,prefill,DeepSeekV3,torus_mesh_mesh_3,L1,3,64,16,1024,7,8,256,2,16,1,4,2,1,2,16,1,4,1,1,1,1,replace_only,145039.070009496,169252.94685182,145039.070009496,0
prefill_0063,prefill,DeepSeekV3,torus_mesh_mesh_3,L1,3,64,32,8192,7,8,256,8,8,2,2,1,1,8,8,2,2,1,1,1,1,replace_only,89313.4024946419,104340.762532819,89313.4024946419,0
prefill_0064,prefill,DeepSeekV3,torus_mesh_mesh_3,L1,3,256,64,1024,7,8,256,1,64,1,4,1,1,1,64,1,4,1,1,1,1,replace_only,158493.38893305,188683.220211771,158493.38893305,0
prefill_0065,prefill,DeepSeekV3,torus_mesh_mesh_3,L1,3,256,256,8192,7,8,256,2,32,4,1,1,1,2,32,4,1,1,1,1,1,replace_only,98316.2813245123,113184.658248156,96144.8479423405,0.0225850207124363
prefill_0066,prefill,DeepSeekV3,torus_mesh_mesh_3,L1,3,1024,256,1024,7,8,256,1,64,1,4,1,1,1,64,1,4,1,1,1,1,replace_only,161100.349079076,191077.568355623,161100.349079076,0
prefill_0067,prefill,DeepSeekV3,torus_mesh_mesh_3,L1,4,1,1,1024,7,8,256,64,4,1,1,1,1,64,4,1,1,1,1,1,1,replace_only,13247.6288019048,14602.0612163648,13247.6288019048,0
prefill_0068,prefill,DeepSeekV3,torus_mesh_mesh_3,L1,4,1,1,8192,7,8,256,64,4,1,1,1,1,64,4,1,1,1,1,1,1,replace_only,12745.792037603,14222.1732656583,12745.792037603,0
prefill_0069,prefill,DeepSeekV3,torus_mesh_mesh_3,L1,4,4,2,1024,7,8,256,32,2,1,2,1,2,32,2,1,2,1,1,1,1,replace_only,63203.0862791646,70497.6771554169,63203.0862791646,1.15120289886572e-16
prefill_0070,prefill,DeepSeekV3,torus_mesh_mesh_3,L1,4,4,2,8192,7,8,256,32,2,1,2,1,2,32,2,1,2,1,1,1,1,replace_only,68812.6494766386,79575.2232801491,68812.6494766386,0
prefill_0071,prefill,DeepSeekV3,torus_mesh_mesh_3,L1,4,16,8,1024,7,8,256,8,8,1,2,2,1,8,8,1,2,1,1,1,1,replace_only,127215.994875855,149834.84075448,127215.994875855,1.14387465527173e-16
prefill_0072,prefill,DeepSeekV3,torus_mesh_mesh_3,L1,4,16,8,8192,7,8,256,8,8,1,2,2,1,8,8,1,2,1,1,1,1,replace_only,87547.3477840048,102999.158970023,87547.3477840048,0
prefill_0073,prefill,DeepSeekV3,torus_mesh_mesh_3,L1,4,64,16,1024,7,8,256,2,16,1,4,2,1,2,16,1,4,1,1,1,1,replace_only,145041.095661239,169256.099524154,145041.095661239,0
prefill_0074,prefill,DeepSeekV3,torus_mesh_mesh_3,L1,4,64,32,8192,7,8,256,8,8,2,2,1,1,8,8,2,2,1,1,1,1,replace_only,89313.542700028,104340.981265476,89313.542700028,0
prefill_0075,prefill,DeepSeekV3,torus_mesh_mesh_3,L1,4,256,64,1024,7,8,256,1,64,1,4,1,1,1,64,1,4,1,1,1,1,replace_only,158493.38893305,188683.220211771,158493.38893305,0
prefill_0076,prefill,DeepSeekV3,torus_mesh_mesh_3,L1,4,256,256,8192,7,8,256,2,32,4,1,1,1,2,32,4,1,1,1,1,1,replace_only,98316.3090470167,113184.700244405,96144.8744537981,0.0225850270807947
prefill_0077,prefill,DeepSeekV3,torus_mesh_mesh_3,L1,4,1024,256,1024,7,8,256,1,64,1,4,1,1,1,64,1,4,1,1,1,1,replace_only,161100.349079076,191077.568355623,161100.349079076,0
prefill_0078,prefill,DeepSeekV3,torus_mesh_mesh_3,L2,0.25,1,1,1024,9,8,256,64,4,1,1,1,1,64,4,1,1,1,1,1,1,replace_only,12442.3948055402,11775.6081867849,12442.3948055402,0
prefill_0079,prefill,DeepSeekV3,torus_mesh_mesh_3,L2,0.25,1,1,8192,9,8,256,64,4,1,1,1,1,64,4,1,1,1,1,1,1,replace_only,11699.8320181663,11259.6570838341,11699.8320181663,0
prefill_0080,prefill,DeepSeekV3,torus_mesh_mesh_3,L2,0.25,4,2,1024,9,8,256,32,2,1,2,2,1,32,2,1,2,1,1,1,1,replace_only,65658.4906005848,59241.1834982404,65658.4906005848,0
prefill_0081,prefill,DeepSeekV3,torus_mesh_mesh_3,L2,0.25,4,2,8192,9,8,256,32,2,1,2,1,2,32,2,1,2,1,1,1,1,replace_only,68836.5569292031,63935.4261521296,68836.5569292031,0
prefill_0082,prefill,DeepSeekV3,torus_mesh_mesh_3,L2,0.25,16,8,1024,9,8,256,8,8,1,2,2,1,8,8,1,2,1,1,1,1,replace_only,150778.67005654,135326.420906165,150778.67005654,0
prefill_0083,prefill,DeepSeekV3,torus_mesh_mesh_3,L2,0.25,16,8,8192,9,8,256,8,8,1,2,2,1,8,8,1,2,1,1,1,1,replace_only,107661.741589389,97649.1102957497,107661.741589389,0
prefill_0084,prefill,DeepSeekV3,torus_mesh_mesh_3,L2,0.25,64,16,1024,9,8,256,2,16,1,4,2,1,2,16,1,4,1,1,1,1,replace_only,169313.69336581,158021.764283419,169313.69336581,0
prefill_0085,prefill,DeepSeekV3,torus_mesh_mesh_3,L2,0.25,64,16,8192,9,8,256,2,16,1,4,2,1,8,8,2,2,1,1,1,1,replace_only,109949.519115926,99794.1200798645,109949.519115926,1.32350876523834e-16
prefill_0086,prefill,DeepSeekV3,torus_mesh_mesh_3,L2,0.25,256,64,1024,9,8,256,1,64,1,4,1,1,1,64,1,4,1,1,1,1,replace_only,190718.487235435,177033.422359065,190718.487235435,0
prefill_0087,prefill,DeepSeekV3,torus_mesh_mesh_3,L2,0.25,256,64,8192,9,8,256,1,8,8,4,1,1,2,32,4,1,1,1,1,1,replace_only,117816.763331396,109367.637757673,117816.763331396,0
prefill_0088,prefill,DeepSeekV3,torus_mesh_mesh_3,L2,0.25,1024,256,1024,9,8,256,1,64,1,4,1,1,1,64,1,4,1,1,1,1,replace_only,195612.332204118,179969.128064573,195612.332204118,0
prefill_0089,prefill,DeepSeekV3,torus_mesh_mesh_3,L2,0.5,1,1,1024,9,8,256,64,4,1,1,1,1,64,4,1,1,1,1,1,1,replace_only,14114.4993374986,13262.5900101483,14114.4993374986,0
prefill_0090,prefill,DeepSeekV3,torus_mesh_mesh_3,L2,0.5,1,1,8192,9,8,256,64,4,1,1,1,1,64,4,1,1,1,1,1,1,replace_only,13141.9176318577,12588.2091201831,13141.9176318577,1.38411261925458e-16
prefill_0091,prefill,DeepSeekV3,torus_mesh_mesh_3,L2,0.5,4,2,1024,9,8,256,32,2,1,2,2,1,32,2,1,2,1,1,1,1,replace_only,73016.5321125581,65166.3004804137,73016.5321125581,0
prefill_0092,prefill,DeepSeekV3,torus_mesh_mesh_3,L2,0.5,4,2,8192,9,8,256,32,2,1,2,1,2,32,2,1,2,1,1,1,1,replace_only,78566.6572537901,72090.2885321078,78566.6572537901,0
prefill_0093,prefill,DeepSeekV3,torus_mesh_mesh_3,L2,0.5,16,8,1024,9,8,256,8,8,1,2,2,1,8,8,1,2,1,1,1,1,replace_only,164359.025007087,145529.094578438,164359.025007087,0
prefill_0094,prefill,DeepSeekV3,torus_mesh_mesh_3,L2,0.5,16,8,8192,9,8,256,8,8,1,2,2,1,8,8,1,2,1,1,1,1,replace_only,112496.369247944,101561.05090318,112496.369247944,1.29354532289785e-16
prefill_0095,prefill,DeepSeekV3,torus_mesh_mesh_3,L2,0.5,64,16,1024,9,8,256,2,16,1,4,2,1,2,16,1,4,1,1,1,1,replace_only,180512.31566603,167504.8603542,180512.31566603,0
prefill_0096,prefill,DeepSeekV3,torus_mesh_mesh_3,L2,0.5,64,32,8192,9,8,256,8,8,2,2,1,1,8,8,2,2,1,1,1,1,replace_only,114250.060181577,103060.274297607,114250.060181577,1.27368993987746e-16
prefill_0097,prefill,DeepSeekV3,torus_mesh_mesh_3,L2,0.5,256,64,1024,9,8,256,1,64,1,4,1,1,1,64,1,4,1,1,1,1,replace_only,202528.116377375,187103.203023942,202528.116377375,0
prefill_0098,prefill,DeepSeekV3,torus_mesh_mesh_3,L2,0.5,256,64,8192,9,8,256,1,8,8,4,1,1,2,32,4,1,1,1,1,1,replace_only,118624.658964263,112766.093065239,118624.658964263,0
prefill_0099,prefill,DeepSeekV3,torus_mesh_mesh_3,L2,0.5,1024,256,1024,9,8,256,1,8,8,4,1,1,1,64,1,4,1,1,1,1,replace_only,209468.842028779,190893.946065752,209468.842028779,2.77882191688778e-16
prefill_0100,prefill,DeepSeekV3,torus_mesh_mesh_3,L2,1,1,1,1024,8,8,256,64,4,1,1,1,1,64,4,1,1,1,1,1,1,replace_only,14146.6558111788,14146.6558111788,14146.6558111788,0
prefill_0101,prefill,DeepSeekV3,torus_mesh_mesh_3,L2,1,1,1,8192,8,8,256,64,4,1,1,1,1,64,4,1,1,1,1,1,1,replace_only,13836.404924139,13836.404924139,13836.404924139,0
prefill_0102,prefill,DeepSeekV3,torus_mesh_mesh_3,L2,1,4,2,1024,8,8,256,32,2,1,2,2,1,32,2,1,2,1,1,1,1,replace_only,68081.6891954185,68081.6891954185,68081.6891954185,0
prefill_0103,prefill,DeepSeekV3,torus_mesh_mesh_3,L2,1,4,2,8192,8,8,256,32,2,1,2,2,1,32,2,1,2,1,1,1,1,replace_only,76690.1147077068,76690.1147077068,76690.1147077068,0
prefill_0104,prefill,DeepSeekV3,torus_mesh_mesh_3,L2,1,16,8,1024,8,8,256,8,8,1,2,2,1,8,8,1,2,1,1,1,1,replace_only,147734.662011335,147734.662011335,147734.662011335,0
prefill_0105,prefill,DeepSeekV3,torus_mesh_mesh_3,L2,1,16,8,8192,8,8,256,8,8,1,2,2,1,8,8,1,2,1,1,1,1,replace_only,102197.78236514,102197.78236514,102197.78236514,0
prefill_0106,prefill,DeepSeekV3,torus_mesh_mesh_3,L2,1,64,16,1024,8,8,256,2,16,1,4,2,1,2,16,1,4,1,1,1,1,replace_only,169076.296488173,169076.296488173,169076.296488173,0
prefill_0107,prefill,DeepSeekV3,torus_mesh_mesh_3,L2,1,64,32,8192,8,8,256,8,8,2,2,1,1,8,8,2,2,1,1,1,1,replace_only,103566.297983399,103566.297983399,103566.297983399,0
prefill_0108,prefill,DeepSeekV3,torus_mesh_mesh_3,L2,1,256,64,1024,8,8,256,1,64,1,4,1,1,1,64,1,4,1,1,1,1,replace_only,188585.476790295,188585.476790295,188585.476790295,0
prefill_0109,prefill,DeepSeekV3,torus_mesh_mesh_3,L2,1,256,256,8192,8,8,256,2,32,4,1,1,1,2,32,4,1,1,1,1,1,replace_only,113180.04507109,113180.04507109,108284.173675161,0.0452131759403298
prefill_0110,prefill,DeepSeekV3,torus_mesh_mesh_3,L2,1,1024,256,1024,8,8,256,1,64,1,4,1,1,1,64,1,4,1,1,1,1,replace_only,191052.407644893,191052.407644893,191052.407644893,0
prefill_0111,prefill,DeepSeekV3,torus_mesh_mesh_3,L2,1.5,1,1,1024,7,8,256,64,4,1,1,1,1,64,4,1,1,1,1,1,1,replace_only,12973.9344426439,14270.21287904,12973.9344426439,1.40203375590294e-16
prefill_0112,prefill,DeepSeekV3,torus_mesh_mesh_3,L2,1.5,1,1,8192,7,8,256,64,4,1,1,1,1,64,4,1,1,1,1,1,1,replace_only,12530.3822178043,13954.4907115506,12530.3822178043,0
prefill_0113,prefill,DeepSeekV3,torus_mesh_mesh_3,L2,1.5,4,2,1024,7,8,256,32,2,1,2,1,2,32,2,1,2,1,1,1,1,replace_only,61565.2057069195,68455.0056094761,61565.2057069195,0
prefill_0114,prefill,DeepSeekV3,torus_mesh_mesh_3,L2,1.5,4,2,8192,7,8,256,32,2,1,2,1,2,32,2,1,2,1,1,1,1,replace_only,67256.0202383049,77163.2746509249,67256.0202383049,0
prefill_0115,prefill,DeepSeekV3,torus_mesh_mesh_3,L2,1.5,16,8,1024,7,8,256,8,8,1,2,2,1,8,8,1,2,1,1,1,1,replace_only,125783.721923764,147771.94618459,125783.721923764,1.15689971689553e-16
prefill_0116,prefill,DeepSeekV3,torus_mesh_mesh_3,L2,1.5,16,8,8192,7,8,256,8,8,1,2,2,1,8,8,1,2,1,1,1,1,replace_only,86973.9593162059,102200.017893583,86973.9593162059,0
prefill_0117,prefill,DeepSeekV3,torus_mesh_mesh_3,L2,1.5,64,16,1024,7,8,256,2,16,1,4,2,1,2,16,1,4,1,1,1,1,replace_only,144922.755679996,169076.296488173,144922.755679996,0
prefill_0118,prefill,DeepSeekV3,torus_mesh_mesh_3,L2,1.5,64,32,8192,7,8,256,8,8,2,2,1,1,8,8,2,2,1,1,1,1,replace_only,88747.1261573489,103566.878418486,88747.1261573489,0
prefill_0119,prefill,DeepSeekV3,torus_mesh_mesh_3,L2,1.5,256,64,1024,7,8,256,1,64,1,4,1,1,1,64,1,4,1,1,1,1,replace_only,158433.487875256,188585.476790295,158433.487875256,0
prefill_0120,prefill,DeepSeekV3,torus_mesh_mesh_3,L2,1.5,256,256,8192,7,8,256,2,32,4,1,1,1,2,32,4,1,1,1,1,1,replace_only,98313.2356486399,113180.04507109,96141.9353136268,0.0225843210658289
prefill_0121,prefill,DeepSeekV3,torus_mesh_mesh_3,L2,1.5,1024,256,1024,7,8,256,1,64,1,4,1,1,1,64,1,4,1,1,1,1,replace_only,161084.74390347,191052.407644893,161084.74390347,1.80674033750671e-16
prefill_0122,prefill,DeepSeekV3,torus_mesh_mesh_3,L2,2,1,1,1024,6,8,256,64,4,1,1,1,1,64,4,1,1,1,1,1,1,replace_only,12960.9790069588,14270.21287904,12960.9790069588,1.40343519001862e-16
prefill_0123,prefill,DeepSeekV3,torus_mesh_mesh_3,L2,2,1,1,8192,6,8,256,128,2,1,1,1,1,64,4,1,1,1,1,1,1,replace_only,11687.9464001875,13954.4907115506,11687.9464001875,0
prefill_0124,prefill,DeepSeekV3,torus_mesh_mesh_3,L2,2,4,2,1024,6,8,256,32,2,1,2,2,1,32,2,1,2,1,1,1,1,replace_only,57872.2042946139,68455.0056094761,57872.2042946139,1.25724563335159e-16
prefill_0125,prefill,DeepSeekV3,torus_mesh_mesh_3,L2,2,4,2,8192,6,8,256,32,2,1,2,1,2,32,2,1,2,1,1,1,1,replace_only,59640.0006494854,77163.2746509249,59640.0006494854,0
prefill_0126,prefill,DeepSeekV3,torus_mesh_mesh_3,L2,2,16,8,1024,6,8,256,8,8,1,2,2,1,8,8,1,2,1,1,1,1,replace_only,118283.717708367,147771.94618459,118283.717708367,0
prefill_0127,prefill,DeepSeekV3,torus_mesh_mesh_3,L2,2,16,8,8192,6,8,256,8,8,1,2,2,1,8,8,1,2,1,1,1,1,replace_only,75944.4389846856,102200.017893583,75944.4389846856,0
prefill_0128,prefill,DeepSeekV3,torus_mesh_mesh_3,L2,2,64,16,1024,6,8,256,2,16,1,4,2,1,2,16,1,4,1,1,1,1,replace_only,127659.363965969,169076.296488173,127659.363965969,1.13990190584421e-16
prefill_0129,prefill,DeepSeekV3,torus_mesh_mesh_3,L2,2,64,16,8192,6,8,256,2,16,1,4,2,1,8,8,2,2,1,1,1,1,replace_only,77563.9867453205,103566.878418486,77563.9867453205,0
prefill_0130,prefill,DeepSeekV3,torus_mesh_mesh_3,L2,2,256,64,1024,6,8,256,1,64,1,4,1,1,1,64,1,4,1,1,1,1,replace_only,140089.337641722,188585.476790295,140089.337641722,0
prefill_0131,prefill,DeepSeekV3,torus_mesh_mesh_3,L2,2,256,256,8192,6,8,256,2,32,4,1,1,1,2,32,4,1,1,1,1,1,replace_only,84109.5901123344,113180.04507109,82829.8868680316,0.0154497765563974
prefill_0132,prefill,DeepSeekV3,torus_mesh_mesh_3,L2,2,1024,256,1024,6,8,256,1,64,1,4,1,1,1,64,1,4,1,1,1,1,replace_only,142295.789312079,191052.407644893,142295.789312079,0
prefill_0133,prefill,DeepSeekV3,torus_mesh_mesh_3,L2,3,1,1,1024,5,8,256,64,4,1,1,1,1,64,4,1,1,1,1,1,1,replace_only,11597.7848015126,14270.21287904,11597.7848015126,1.56839382233461e-16
prefill_0134,prefill,DeepSeekV3,torus_mesh_mesh_3,L2,3,1,1,8192,5,8,256,128,2,1,1,1,1,64,4,1,1,1,1,1,1,replace_only,10490.4906206669,13954.4907115506,10490.4906206669,0
prefill_0135,prefill,DeepSeekV3,torus_mesh_mesh_3,L2,3,4,2,1024,5,8,256,32,2,1,2,1,2,32,2,1,2,1,1,1,1,replace_only,46829.7870042885,68455.0056094761,46829.7870042885,1.55370290569913e-16
prefill_0136,prefill,DeepSeekV3,torus_mesh_mesh_3,L2,3,4,2,8192,5,8,256,32,2,1,2,2,1,32,2,1,2,1,1,1,1,replace_only,49161.6244155172,77163.2746509249,49161.6244155172,0
prefill_0137,prefill,DeepSeekV3,torus_mesh_mesh_3,L2,3,16,8,1024,5,8,256,8,8,1,2,2,1,8,8,1,2,1,1,1,1,replace_only,94461.8055517707,147771.94618459,94461.8055517707,1.54050784265303e-16
prefill_0138,prefill,DeepSeekV3,torus_mesh_mesh_3,L2,3,16,8,8192,5,8,256,8,8,1,2,2,1,8,8,1,2,1,1,1,1,replace_only,62714.8915604097,102200.017893583,62714.8915604097,0
prefill_0139,prefill,DeepSeekV3,torus_mesh_mesh_3,L2,3,64,16,1024,5,8,256,2,16,1,4,2,1,2,16,1,4,1,1,1,1,replace_only,105719.238551306,169076.296488173,105719.238551306,1.37646803247686e-16
prefill_0140,prefill,DeepSeekV3,torus_mesh_mesh_3,L2,3,64,16,8192,5,8,256,2,16,1,4,2,1,8,8,2,2,1,1,1,1,replace_only,64335.0126075214,103566.878418486,64335.0126075214,0
prefill_0141,prefill,DeepSeekV3,torus_mesh_mesh_3,L2,3,256,64,1024,5,8,256,1,64,1,4,1,1,1,64,1,4,1,1,1,1,replace_only,115411.500543959,188585.476790295,115411.500543959,1.26087219729235e-16
prefill_0142,prefill,DeepSeekV3,torus_mesh_mesh_3,L2,3,256,256,8192,5,8,256,2,32,4,1,1,1,2,32,4,1,1,1,1,1,replace_only,70241.1260032345,113180.04507109,69669.5632041094,0.0082039096104371
prefill_0143,prefill,DeepSeekV3,torus_mesh_mesh_3,L2,3,1024,256,1024,5,8,256,1,64,1,4,1,1,1,64,1,4,1,1,1,1,replace_only,117142.623303581,191052.407644893,117142.623303581,0
prefill_0144,prefill,DeepSeekV3,torus_mesh_mesh_3,L2,4,1,1,1024,3,8,256,64,4,1,1,1,1,64,4,1,1,1,1,1,1,replace_only,8642.25652934992,14270.21287904,8642.25652934992,0
prefill_0145,prefill,DeepSeekV3,torus_mesh_mesh_3,L2,4,1,1,8192,3,8,256,128,2,1,1,1,1,64,4,1,1,1,1,1,1,replace_only,7691.51901459776,13954.4907115506,7691.51901459776,0
prefill_0146,prefill,DeepSeekV3,torus_mesh_mesh_3,L2,4,4,2,1024,3,8,256,32,2,1,2,1,2,32,2,1,2,1,1,1,1,replace_only,31274.1695915681,68455.0056094761,31274.1695915681,0
prefill_0147,prefill,DeepSeekV3,torus_mesh_mesh_3,L2,4,4,2,8192,3,8,256,32,2,1,2,2,1,32,2,1,2,1,1,1,1,replace_only,30685.8075049695,77163.2746509249,30685.8075049695,0
prefill_0148,prefill,DeepSeekV3,torus_mesh_mesh_3,L2,4,16,8,1024,3,8,256,8,8,1,2,2,1,8,8,1,2,1,1,1,1,replace_only,61561.3213763781,147771.94618459,61561.3213763781,0
prefill_0149,prefill,DeepSeekV3,torus_mesh_mesh_3,L2,4,16,8,8192,3,8,256,8,8,1,2,2,1,8,8,1,2,1,1,1,1,replace_only,38463.4055622663,102200.017893583,38463.4055622663,0
prefill_0150,prefill,DeepSeekV3,torus_mesh_mesh_3,L2,4,64,16,1024,3,8,256,2,16,1,4,2,1,2,16,1,4,1,1,1,1,replace_only,67333.3710179026,169076.296488173,67333.3710179026,0
prefill_0151,prefill,DeepSeekV3,torus_mesh_mesh_3,L2,4,64,16,8192,3,8,256,2,16,1,4,2,1,8,8,2,2,1,1,1,1,replace_only,39424.7466022199,103566.878418486,39424.7466022199,0
prefill_0152,prefill,DeepSeekV3,torus_mesh_mesh_3,L2,4,256,64,1024,3,8,256,1,64,1,4,1,1,1,64,1,4,1,1,1,1,replace_only,71495.2062939057,188585.476790295,71495.2062939057,0
prefill_0153,prefill,DeepSeekV3,torus_mesh_mesh_3,L2,4,256,256,8192,3,8,256,1,32,8,1,1,1,2,32,4,1,1,1,1,1,replace_only,42783.801648329,114310.676044095,42783.801648329,0
prefill_0154,prefill,DeepSeekV3,torus_mesh_mesh_3,L2,4,1024,1024,1024,3,8,256,2,32,4,1,1,1,1,64,1,4,1,1,1,1,replace_only,75274.7542683845,203924.947302121,73249.1317807255,0.0276538770960845
prefill_0155,prefill,DeepSeekV3,torus_mesh_mesh_3,L3,0.25,1,1,1024,9,8,256,64,4,1,1,1,1,64,4,1,1,1,1,1,1,replace_only,8515.78018273354,8197.37680577899,8515.78018273354,0
prefill_0156,prefill,DeepSeekV3,torus_mesh_mesh_3,L3,0.25,1,1,8192,9,8,256,64,4,1,1,1,1,64,4,1,1,1,1,1,1,replace_only,7955.50324475522,7748.54614643998,7955.50324475522,1.14322711435323e-16
prefill_0157,prefill,DeepSeekV3,torus_mesh_mesh_3,L3,0.25,4,2,1024,9,8,256,32,2,1,2,2,1,32,2,1,2,1,1,1,1,replace_only,76696.4626034104,68081.6891954185,76696.4626034104,0
prefill_0158,prefill,DeepSeekV3,torus_mesh_mesh_3,L3,0.25,4,2,8192,9,8,256,32,2,1,2,1,2,32,2,1,2,1,1,1,1,replace_only,84132.0878421616,76690.1147077068,84132.0878421616,0
prefill_0159,prefill,DeepSeekV3,torus_mesh_mesh_3,L3,0.25,16,8,1024,9,8,256,8,8,1,2,2,1,8,8,1,2,1,1,1,1,replace_only,167580.624753267,147734.662011335,167580.624753267,0
prefill_0160,prefill,DeepSeekV3,torus_mesh_mesh_3,L3,0.25,16,8,8192,9,8,256,8,8,1,2,2,1,8,8,1,2,1,1,1,1,replace_only,113354.558652474,102197.78236514,113354.558652474,0
prefill_0161,prefill,DeepSeekV3,torus_mesh_mesh_3,L3,0.25,64,32,1024,9,8,256,8,8,2,2,1,1,2,16,1,4,1,1,1,1,replace_only,182330.867881031,167150.326480904,182330.867881031,1.59620972548234e-16
prefill_0162,prefill,DeepSeekV3,torus_mesh_mesh_3,L3,0.25,64,32,8192,9,8,256,8,8,2,2,1,1,8,8,2,2,1,1,1,1,replace_only,115049.066544414,103566.297983399,115049.066544414,1.26484426735867e-16
prefill_0163,prefill,DeepSeekV3,torus_mesh_mesh_3,L3,0.25,256,128,1024,9,8,256,8,8,2,2,1,1,1,64,1,4,1,1,1,1,replace_only,192244.321970634,176280.323959324,192244.321970634,0
prefill_0164,prefill,DeepSeekV3,torus_mesh_mesh_3,L3,0.25,256,64,8192,9,8,256,1,32,2,4,1,1,2,32,4,1,1,1,1,1,replace_only,111089.180568308,113180.04507109,111089.180568308,0
prefill_0165,prefill,DeepSeekV3,torus_mesh_mesh_3,L3,0.25,1024,256,1024,9,8,256,1,64,1,4,1,1,1,64,1,4,1,1,1,1,replace_only,187153.823405664,172187.991868301,187153.823405664,1.555075388102e-16
prefill_0166,prefill,DeepSeekV3,torus_mesh_mesh_3,L3,0.5,1,1,1024,8,8,256,64,4,1,1,1,1,64,4,1,1,1,1,1,1,replace_only,11390.9741316225,11390.9741316225,11390.9741316225,0
prefill_0167,prefill,DeepSeekV3,torus_mesh_mesh_3,L3,0.5,1,1,8192,8,8,256,64,4,1,1,1,1,64,4,1,1,1,1,1,1,replace_only,10964.8046322943,10964.8046322943,10964.8046322943,0
prefill_0168,prefill,DeepSeekV3,torus_mesh_mesh_3,L3,0.5,4,2,1024,8,8,256,32,2,1,2,2,1,32,2,1,2,1,1,1,1,replace_only,68081.6891954185,68081.6891954185,68081.6891954185,0
prefill_0169,prefill,DeepSeekV3,torus_mesh_mesh_3,L3,0.5,4,2,8192,8,8,256,32,2,1,2,2,1,32,2,1,2,1,1,1,1,replace_only,76690.1147077068,76690.1147077068,76690.1147077068,0
prefill_0170,prefill,DeepSeekV3,torus_mesh_mesh_3,L3,0.5,16,8,1024,8,8,256,8,8,1,2,2,1,8,8,1,2,1,1,1,1,replace_only,147734.662011335,147734.662011335,147734.662011335,0
prefill_0171,prefill,DeepSeekV3,torus_mesh_mesh_3,L3,0.5,16,8,8192,8,8,256,8,8,1,2,2,1,8,8,1,2,1,1,1,1,replace_only,102197.78236514,102197.78236514,102197.78236514,0
prefill_0172,prefill,DeepSeekV3,torus_mesh_mesh_3,L3,0.5,64,32,1024,8,8,256,8,8,2,2,1,1,2,16,1,4,1,1,1,1,replace_only,167150.326480904,167150.326480904,167150.326480904,0
prefill_0173,prefill,DeepSeekV3,torus_mesh_mesh_3,L3,0.5,64,32,8192,8,8,256,8,8,2,2,1,1,8,8,2,2,1,1,1,1,replace_only,103566.297983399,103566.297983399,103566.297983399,0
prefill_0174,prefill,DeepSeekV3,torus_mesh_mesh_3,L3,0.5,256,64,1024,8,8,256,1,64,1,4,1,1,1,64,1,4,1,1,1,1,replace_only,182023.970398529,182023.970398529,182023.970398529,0
prefill_0175,prefill,DeepSeekV3,torus_mesh_mesh_3,L3,0.5,256,64,8192,8,8,256,1,32,2,4,1,1,2,32,4,1,1,1,1,1,replace_only,104733.404247762,113180.04507109,104733.404247762,0
prefill_0176,prefill,DeepSeekV3,torus_mesh_mesh_3,L3,0.5,1024,256,1024,8,8,256,1,64,1,4,1,1,1,64,1,4,1,1,1,1,replace_only,184321.176894068,184321.176894068,184321.176894068,0
prefill_0177,prefill,DeepSeekV3,torus_mesh_mesh_3,L3,1,1,1,1024,8,8,256,64,4,1,1,1,1,64,4,1,1,1,1,1,1,replace_only,14146.6558111788,14146.6558111788,14146.6558111788,0
prefill_0178,prefill,DeepSeekV3,torus_mesh_mesh_3,L3,1,1,1,8192,8,8,256,64,4,1,1,1,1,64,4,1,1,1,1,1,1,replace_only,13836.404924139,13836.404924139,13836.404924139,0
prefill_0179,prefill,DeepSeekV3,torus_mesh_mesh_3,L3,1,4,2,1024,8,8,256,32,2,1,2,2,1,32,2,1,2,1,1,1,1,replace_only,68081.6891954185,68081.6891954185,68081.6891954185,0
prefill_0180,prefill,DeepSeekV3,torus_mesh_mesh_3,L3,1,4,2,8192,8,8,256,32,2,1,2,2,1,32,2,1,2,1,1,1,1,replace_only,76690.1147077068,76690.1147077068,76690.1147077068,0
prefill_0181,prefill,DeepSeekV3,torus_mesh_mesh_3,L3,1,16,8,1024,8,8,256,8,8,1,2,2,1,8,8,1,2,1,1,1,1,replace_only,147734.662011335,147734.662011335,147734.662011335,0
prefill_0182,prefill,DeepSeekV3,torus_mesh_mesh_3,L3,1,16,8,8192,8,8,256,8,8,1,2,2,1,8,8,1,2,1,1,1,1,replace_only,102197.78236514,102197.78236514,102197.78236514,0
prefill_0183,prefill,DeepSeekV3,torus_mesh_mesh_3,L3,1,64,16,1024,8,8,256,2,16,1,4,2,1,2,16,1,4,1,1,1,1,replace_only,169076.296488173,169076.296488173,169076.296488173,0
prefill_0184,prefill,DeepSeekV3,torus_mesh_mesh_3,L3,1,64,32,8192,8,8,256,8,8,2,2,1,1,8,8,2,2,1,1,1,1,replace_only,103566.297983399,103566.297983399,103566.297983399,0
prefill_0185,prefill,DeepSeekV3,torus_mesh_mesh_3,L3,1,256,64,1024,8,8,256,1,64,1,4,1,1,1,64,1,4,1,1,1,1,replace_only,188585.476790295,188585.476790295,188585.476790295,0
prefill_0186,prefill,DeepSeekV3,torus_mesh_mesh_3,L3,1,256,256,8192,8,8,256,2,32,4,1,1,1,2,32,4,1,1,1,1,1,replace_only,113180.04507109,113180.04507109,108284.173675161,0.0452131759403298
prefill_0187,prefill,DeepSeekV3,torus_mesh_mesh_3,L3,1,1024,256,1024,8,8,256,1,64,1,4,1,1,1,64,1,4,1,1,1,1,replace_only,191052.407644893,191052.407644893,191052.407644893,0
prefill_0188,prefill,DeepSeekV3,torus_mesh_mesh_3,L3,1.5,1,1,1024,7,8,256,64,4,1,1,1,1,64,4,1,1,1,1,1,1,replace_only,13723.4668205594,15246.5144374452,13723.4668205594,0
prefill_0189,prefill,DeepSeekV3,torus_mesh_mesh_3,L3,1.5,1,1,8192,7,8,256,128,2,1,1,1,1,64,4,1,1,1,1,1,1,replace_only,14063.3490276313,15557.5600110684,14063.3490276313,1.29342548490545e-16
prefill_0190,prefill,DeepSeekV3,torus_mesh_mesh_3,L3,1.5,4,2,1024,7,8,256,32,2,1,2,1,2,32,2,1,2,1,1,1,1,replace_only,61263.1696014467,68081.6891954185,61263.1696014467,0
prefill_0191,prefill,DeepSeekV3,torus_mesh_mesh_3,L3,1.5,4,2,8192,7,8,256,32,2,1,2,1,2,32,2,1,2,1,1,1,1,replace_only,66953.3934944569,76690.1147077068,66953.3934944569,0
prefill_0192,prefill,DeepSeekV3,torus_mesh_mesh_3,L3,1.5,16,8,1024,7,8,256,8,8,1,2,2,1,8,8,1,2,1,1,1,1,replace_only,125760.084173463,147734.662011335,125760.084173463,0
prefill_0193,prefill,DeepSeekV3,torus_mesh_mesh_3,L3,1.5,16,8,8192,7,8,256,8,8,1,2,2,1,8,8,1,2,1,1,1,1,replace_only,86972.5428519074,102197.78236514,86972.5428519074,0
prefill_0194,prefill,DeepSeekV3,torus_mesh_mesh_3,L3,1.5,64,16,1024,7,8,256,2,16,1,4,2,1,2,16,1,4,1,1,1,1,replace_only,147649.497548846,172799.358956513,147649.497548846,0
prefill_0195,prefill,DeepSeekV3,torus_mesh_mesh_3,L3,1.5,64,16,8192,7,8,256,2,16,1,4,2,1,8,8,2,2,1,1,1,1,replace_only,89668.8321271755,104580.01578414,89668.8321271755,0
prefill_0196,prefill,DeepSeekV3,torus_mesh_mesh_3,L3,1.5,256,64,1024,7,8,256,1,64,1,4,1,1,1,64,1,4,1,1,1,1,replace_only,160049.132281575,190879.04666464,160049.132281575,0
prefill_0197,prefill,DeepSeekV3,torus_mesh_mesh_3,L3,1.5,256,256,8192,7,8,256,2,32,4,1,1,1,2,32,4,1,1,1,1,1,replace_only,98313.2356486399,113180.04507109,97731.4405101449,0.0059529987019341
prefill_0198,prefill,DeepSeekV3,torus_mesh_mesh_3,L3,1.5,1024,256,1024,7,8,256,1,64,1,4,1,1,1,64,1,4,1,1,1,1,replace_only,162755.198804696,193406.750003483,162755.198804696,0
prefill_0199,prefill,DeepSeekV3,torus_mesh_mesh_3,L3,2,1,1,1024,7,8,256,64,4,1,1,1,1,64,4,1,1,1,1,1,1,replace_only,14090.8965993463,15701.3770039871,14090.8965993463,1.2908968501197e-16
prefill_0200,prefill,DeepSeekV3,torus_mesh_mesh_3,L3,2,1,1,8192,7,8,256,128,2,1,1,1,1,64,4,1,1,1,1,1,1,replace_only,15148.0343562479,16895.9505028994,15148.0343562479,0
prefill_0201,prefill,DeepSeekV3,torus_mesh_mesh_3,L3,2,4,2,1024,7,8,256,32,2,1,2,1,2,32,2,1,2,1,1,1,1,replace_only,61263.1696014467,68081.6891954185,61263.1696014467,0
prefill_0202,prefill,DeepSeekV3,torus_mesh_mesh_3,L3,2,4,2,8192,7,8,256,32,2,1,2,1,2,32,2,1,2,1,1,1,1,replace_only,66953.3934944569,76690.1147077068,66953.3934944569,0
prefill_0203,prefill,DeepSeekV3,torus_mesh_mesh_3,L3,2,16,8,1024,7,8,256,8,8,1,2,2,1,8,8,1,2,1,1,1,1,replace_only,125760.084173463,147734.662011335,125760.084173463,0
prefill_0204,prefill,DeepSeekV3,torus_mesh_mesh_3,L3,2,16,8,8192,7,8,256,8,8,1,2,2,1,8,8,1,2,1,1,1,1,replace_only,86972.5428519074,102197.78236514,86972.5428519074,0
prefill_0205,prefill,DeepSeekV3,torus_mesh_mesh_3,L3,2,64,16,1024,7,8,256,2,16,1,4,2,1,2,16,1,4,1,1,1,1,replace_only,149051.711927219,174723.06110957,149051.711927219,0
prefill_0206,prefill,DeepSeekV3,torus_mesh_mesh_3,L3,2,64,16,8192,7,8,256,2,16,1,4,2,1,8,8,2,2,1,1,1,1,replace_only,90184.0807867844,105281.546080516,90184.0807867844,1.61357914849416e-16
prefill_0207,prefill,DeepSeekV3,torus_mesh_mesh_3,L3,2,256,64,1024,7,8,256,1,64,1,4,1,1,1,64,1,4,1,1,1,1,replace_only,160869.374607609,192046.880335334,160869.374607609,0
prefill_0208,prefill,DeepSeekV3,torus_mesh_mesh_3,L3,2,256,256,8192,7,8,256,1,64,4,1,1,1,2,32,4,1,1,1,1,1,replace_only,99271.1449251013,114312.593595589,99271.1449251013,0
prefill_0209,prefill,DeepSeekV3,torus_mesh_mesh_3,L3,2,1024,1024,1024,7,8,256,2,32,4,1,1,1,1,64,1,4,1,1,1,1,replace_only,170863.790306498,203924.947302121,164531.469903649,0.0384869861465228
prefill_0210,prefill,DeepSeekV3,torus_mesh_mesh_3,L3,3,1,1,1024,6,8,256,64,4,1,1,1,1,64,4,1,1,1,1,1,1,replace_only,14272.8617707305,16154.5704273228,14272.8617707305,0
prefill_0211,prefill,DeepSeekV3,torus_mesh_mesh_3,L3,3,1,1,8192,6,8,256,128,2,1,1,1,1,64,4,1,1,1,1,1,1,replace_only,15223.7436352484,18486.2951058618,15223.7436352484,0
prefill_0212,prefill,DeepSeekV3,torus_mesh_mesh_3,L3,3,4,2,1024,6,8,256,32,2,1,2,2,1,32,2,1,2,1,1,1,1,replace_only,57830.8858070686,68081.6891954185,57830.8858070686,0
prefill_0213,prefill,DeepSeekV3,torus_mesh_mesh_3,L3,3,4,2,8192,6,8,256,32,2,1,2,1,2,32,2,1,2,1,1,1,1,replace_only,59619.6400872056,76690.1147077068,59619.6400872056,0
prefill_0214,prefill,DeepSeekV3,torus_mesh_mesh_3,L3,3,16,8,1024,6,8,256,8,8,1,2,2,1,8,8,1,2,1,1,1,1,replace_only,118266.976210036,147734.662011335,118266.976210036,0
prefill_0215,prefill,DeepSeekV3,torus_mesh_mesh_3,L3,3,16,8,8192,6,8,256,8,8,1,2,2,1,8,8,1,2,1,1,1,1,replace_only,75943.5172921434,102197.78236514,75943.5172921434,0
prefill_0216,prefill,DeepSeekV3,torus_mesh_mesh_3,L3,3,64,16,1024,6,8,256,2,16,1,4,2,1,2,16,1,4,1,1,1,1,replace_only,131952.511390784,176690.07698025,131952.511390784,0
prefill_0217,prefill,DeepSeekV3,torus_mesh_mesh_3,L3,3,64,64,8192,6,8,256,2,32,2,1,1,2,8,8,2,2,1,1,1,1,replace_only,83522.6092628831,112564.861163864,80366.5341070687,0.0392710123794775
prefill_0218,prefill,DeepSeekV3,torus_mesh_mesh_3,L3,3,256,64,1024,6,8,256,1,64,1,4,1,1,1,64,1,4,1,1,1,1,replace_only,142635.631849169,193229.092022602,142635.631849169,0
prefill_0219,prefill,DeepSeekV3,torus_mesh_mesh_3,L3,3,256,256,8192,6,8,256,1,32,8,1,1,1,2,32,4,1,1,1,1,1,replace_only,84924.281489123,114310.676044095,84924.281489123,0
prefill_0220,prefill,DeepSeekV3,torus_mesh_mesh_3,L3,3,1024,1024,1024,6,8,256,1,64,4,1,1,1,1,64,1,4,1,1,1,1,replace_only,152793.423926481,207518.574148107,150892.72336423,0.0125963699234387
prefill_0221,prefill,DeepSeekV3,torus_mesh_mesh_3,L3,4,1,1,1024,5,8,256,64,4,1,1,1,1,64,4,1,1,1,1,1,1,replace_only,12540.7878925355,16279.4951059376,12540.7878925355,1.45045863077595e-16
prefill_0222,prefill,DeepSeekV3,torus_mesh_mesh_3,L3,4,1,1,8192,5,8,256,128,2,1,1,1,1,64,4,1,1,1,1,1,1,replace_only,13653.9143648745,19344.0835615914,13653.9143648745,0
prefill_0223,prefill,DeepSeekV3,torus_mesh_mesh_3,L3,4,4,2,1024,5,8,256,32,2,1,2,1,2,32,2,1,2,1,1,1,1,replace_only,46805.5191012685,68081.6891954185,46805.5191012685,0
prefill_0224,prefill,DeepSeekV3,torus_mesh_mesh_3,L3,4,4,2,8192,5,8,256,32,2,1,2,2,1,32,2,1,2,1,1,1,1,replace_only,49148.2012560554,76690.1147077068,49148.2012560554,1.48041178074385e-16
prefill_0225,prefill,DeepSeekV3,torus_mesh_mesh_3,L3,4,16,8,1024,5,8,256,8,8,1,2,2,1,8,8,1,2,1,1,1,1,replace_only,94452.9073062242,147734.662011335,94452.9073062242,1.54065297124083e-16
prefill_0226,prefill,DeepSeekV3,torus_mesh_mesh_3,L3,4,16,8,8192,5,8,256,8,8,1,2,2,1,8,8,1,2,1,1,1,1,replace_only,62714.3677424169,102197.78236514,62714.3677424169,0
prefill_0227,prefill,DeepSeekV3,torus_mesh_mesh_3,L3,4,64,16,1024,5,8,256,2,16,1,4,2,1,2,16,1,4,1,1,1,1,replace_only,109023.952998734,177690.287292934,109023.952998734,1.33474478113409e-16
prefill_0228,prefill,DeepSeekV3,torus_mesh_mesh_3,L3,4,64,64,8192,5,8,256,2,32,2,1,1,2,8,8,2,2,1,1,1,1,replace_only,68979.7633505013,112564.861163864,68534.2884109715,0.0065000301288385
prefill_0229,prefill,DeepSeekV3,torus_mesh_mesh_3,L3,4,256,64,1024,5,8,256,1,64,1,4,1,1,1,64,1,4,1,1,1,1,replace_only,117353.154573064,193825.672855737,117353.154573064,0
prefill_0230,prefill,DeepSeekV3,torus_mesh_mesh_3,L3,4,256,256,8192,5,8,256,1,64,4,1,1,1,2,32,4,1,1,1,1,1,replace_only,70912.3070309003,114312.593595589,70912.3070309003,0
prefill_0231,prefill,DeepSeekV3,torus_mesh_mesh_3,L3,4,1024,1024,1024,5,8,256,1,64,4,1,1,1,1,64,1,4,1,1,1,1,replace_only,125346.905847334,207518.574148107,125346.905847334,1.16093134728753e-16
prefill_0232,prefill,DeepSeekV3,torus_mesh_switch_1,L1,0.25,1,1,1024,8,8,256,16,16,1,1,1,1,16,16,1,1,1,1,1,1,replace_only,12088.8161991859,12088.8161991859,12088.8161991859,0
prefill_0233,prefill,DeepSeekV3,torus_mesh_switch_1,L1,0.25,1,1,8192,8,8,256,128,2,1,1,1,1,128,2,1,1,1,1,1,1,replace_only,13595.9149459014,13595.9149459014,13595.9149459014,0
prefill_0234,prefill,DeepSeekV3,torus_mesh_switch_1,L1,0.25,4,2,1024,8,8,256,16,4,1,2,2,1,32,2,1,2,1,1,1,1,replace_only,53841.1018873809,53841.1018873809,53841.1018873809,0
prefill_0235,prefill,DeepSeekV3,torus_mesh_switch_1,L1,0.25,4,1,8192,8,8,256,32,1,1,4,2,1,32,1,1,4,1,1,1,1,replace_only,56544.2204449504,56544.2204449504,56544.2204449504,1.28677299942035e-16
prefill_0236,prefill,DeepSeekV3,torus_mesh_switch_1,L1,0.25,16,4,1024,8,8,256,8,4,1,4,2,1,8,4,1,4,1,1,1,1,replace_only,114248.089774175,114248.089774175,114248.089774175,0
prefill_0237,prefill,DeepSeekV3,torus_mesh_switch_1,L1,0.25,16,2,8192,8,8,256,8,2,1,8,2,1,8,2,1,8,1,1,1,1,replace_only,83543.0724954156,83543.0724954156,83543.0724954156,0
prefill_0238,prefill,DeepSeekV3,torus_mesh_switch_1,L1,0.25,64,8,1024,8,8,256,2,8,1,8,2,1,2,8,1,8,1,1,1,1,replace_only,160885.691462526,160885.691462526,160885.691462526,0
prefill_0239,prefill,DeepSeekV3,torus_mesh_switch_1,L1,0.25,64,8,8192,8,8,256,2,8,1,8,2,1,2,8,1,8,1,1,1,1,replace_only,99413.0673314073,99413.0673314073,99413.0673314073,0
prefill_0240,prefill,DeepSeekV3,torus_mesh_switch_1,L1,0.25,256,32,1024,8,8,256,1,16,2,8,1,1,1,16,2,8,1,1,1,1,replace_only,176494.312979596,176494.312979596,176494.312979596,0
prefill_0241,prefill,DeepSeekV3,torus_mesh_switch_1,L1,0.25,256,32,8192,8,8,256,1,16,2,8,1,1,1,16,2,8,1,1,1,1,replace_only,103057.733303441,103057.733303441,101564.525462494,0.0147020609228188
prefill_0242,prefill,DeepSeekV3,torus_mesh_switch_1,L1,0.25,1024,64,1024,8,8,256,1,16,1,16,1,1,2,8,2,8,1,1,1,1,replace_only,169912.576905048,169912.576905048,169912.576905048,0
prefill_0243,prefill,DeepSeekV3,torus_mesh_switch_1,L1,0.5,1,1,1024,8,8,256,16,16,1,1,1,1,16,16,1,1,1,1,1,1,replace_only,12996.3310677912,12996.3310677912,12996.3310677912,0
prefill_0244,prefill,DeepSeekV3,torus_mesh_switch_1,L1,0.5,1,1,8192,8,8,256,128,2,1,1,1,1,128,2,1,1,1,1,1,1,replace_only,13630.1889347057,13630.1889347057,13630.1889347057,0
prefill_0245,prefill,DeepSeekV3,torus_mesh_switch_1,L1,0.5,4,2,1024,8,8,256,16,4,1,2,2,1,32,2,1,2,1,1,1,1,replace_only,56414.5731706063,56414.5731706063,56414.5731706063,0
prefill_0246,prefill,DeepSeekV3,torus_mesh_switch_1,L1,0.5,4,1,8192,8,8,256,32,1,1,4,2,1,32,1,1,4,1,1,1,1,replace_only,57990.3970647553,57990.3970647553,57990.3970647553,0
prefill_0247,prefill,DeepSeekV3,torus_mesh_switch_1,L1,0.5,16,4,1024,8,8,256,8,4,1,4,2,1,8,4,1,4,1,1,1,1,replace_only,115247.913458313,115247.913458313,115247.913458313,1.26266192520965e-16
prefill_0248,prefill,DeepSeekV3,torus_mesh_switch_1,L1,0.5,16,2,8192,8,8,256,8,2,1,8,2,1,8,2,1,8,1,1,1,1,replace_only,84021.9778135926,84021.9778135926,84021.9778135926,0
prefill_0249,prefill,DeepSeekV3,torus_mesh_switch_1,L1,0.5,64,8,1024,8,8,256,2,8,1,8,2,1,2,8,1,8,1,1,1,1,replace_only,162008.733318138,162008.733318138,162008.733318138,0
prefill_0250,prefill,DeepSeekV3,torus_mesh_switch_1,L1,0.5,64,8,8192,8,8,256,2,8,1,8,2,1,2,8,1,8,1,1,1,1,replace_only,99772.3622416468,99772.3622416468,99772.3622416468,0
prefill_0251,prefill,DeepSeekV3,torus_mesh_switch_1,L1,0.5,256,32,1024,8,8,256,1,16,2,8,1,1,1,16,2,8,1,1,1,1,replace_only,176609.40460451,176609.40460451,176609.40460451,0
prefill_0252,prefill,DeepSeekV3,torus_mesh_switch_1,L1,0.5,256,32,8192,8,8,256,1,16,2,8,1,1,1,16,2,8,1,1,1,1,replace_only,103062.686175567,103062.686175567,101569.335846293,0.0147027674920917
prefill_0253,prefill,DeepSeekV3,torus_mesh_switch_1,L1,0.5,1024,128,1024,8,8,256,2,8,2,8,1,1,2,8,2,8,1,1,1,1,replace_only,170442.330987147,170442.330987147,170442.330987147,0
prefill_0254,prefill,DeepSeekV3,torus_mesh_switch_1,L1,1,1,1,1024,8,8,256,16,16,1,1,1,1,16,16,1,1,1,1,1,1,replace_only,13114.5145611301,13114.5145611301,13114.5145611301,0
prefill_0255,prefill,DeepSeekV3,torus_mesh_switch_1,L1,1,1,1,8192,8,8,256,128,2,1,1,1,1,128,2,1,1,1,1,1,1,replace_only,13647.3908119519,13647.3908119519,13647.3908119519,0
prefill_0256,prefill,DeepSeekV3,torus_mesh_switch_1,L1,1,4,2,1024,8,8,256,32,2,1,2,2,1,32,2,1,2,1,1,1,1,replace_only,56623.5620858945,56623.5620858945,56623.5620858945,0
prefill_0257,prefill,DeepSeekV3,torus_mesh_switch_1,L1,1,4,1,8192,8,8,256,32,1,1,4,2,1,32,1,1,4,1,1,1,1,replace_only,59569.392870172,59569.392870172,59569.392870172,0
prefill_0258,prefill,DeepSeekV3,torus_mesh_switch_1,L1,1,16,4,1024,8,8,256,8,4,1,4,2,1,8,4,1,4,1,1,1,1,replace_only,115827.16168216,115827.16168216,115827.16168216,0
prefill_0259,prefill,DeepSeekV3,torus_mesh_switch_1,L1,1,16,2,8192,8,8,256,8,2,1,8,2,1,8,2,1,8,1,1,1,1,replace_only,84217.8120661961,84217.8120661961,84217.8120661961,0
prefill_0260,prefill,DeepSeekV3,torus_mesh_switch_1,L1,1,64,8,1024,8,8,256,2,8,1,8,2,1,2,8,1,8,1,1,1,1,replace_only,162079.138213089,162079.138213089,162079.138213089,0
prefill_0261,prefill,DeepSeekV3,torus_mesh_switch_1,L1,1,64,8,8192,8,8,256,2,8,1,8,2,1,2,8,1,8,1,1,1,1,replace_only,99775.7002297374,99775.7002297374,99775.7002297374,0
prefill_0262,prefill,DeepSeekV3,torus_mesh_switch_1,L1,1,256,32,1024,8,8,256,1,16,2,8,1,1,1,16,2,8,1,1,1,1,replace_only,176609.40460451,176609.40460451,176609.40460451,0
prefill_0263,prefill,DeepSeekV3,torus_mesh_switch_1,L1,1,256,32,8192,8,8,256,1,16,2,8,1,1,1,16,2,8,1,1,1,1,replace_only,103062.686175567,103062.686175567,101569.335846293,0.0147027674920917
prefill_0264,prefill,DeepSeekV3,torus_mesh_switch_1,L1,1,1024,128,1024,8,8,256,2,8,2,8,1,1,2,8,2,8,1,1,1,1,replace_only,170447.215257249,170447.215257249,170447.215257249,0
prefill_0265,prefill,DeepSeekV3,torus_mesh_switch_1,L1,1.5,1,1,1024,8,8,256,32,8,1,1,1,1,16,16,1,1,1,1,1,1,replace_only,13300.8728057515,13300.8728057515,13300.8728057515,1.36757145949046e-16
prefill_0266,prefill,DeepSeekV3,torus_mesh_switch_1,L1,1.5,1,1,8192,8,8,256,128,2,1,1,1,1,128,2,1,1,1,1,1,1,replace_only,13653.1344237611,13653.1344237611,13653.1344237611,1.33228703907009e-16
prefill_0267,prefill,DeepSeekV3,torus_mesh_switch_1,L1,1.5,4,2,1024,8,8,256,32,2,1,2,2,1,32,2,1,2,1,1,1,1,replace_only,57101.8712228123,57101.8712228123,57101.8712228123,1.27420651169075e-16
prefill_0268,prefill,DeepSeekV3,torus_mesh_switch_1,L1,1.5,4,1,8192,8,8,256,32,1,1,4,2,1,32,1,1,4,1,1,1,1,replace_only,60115.0081821706,60115.0081821706,60115.0081821706,0
prefill_0269,prefill,DeepSeekV3,torus_mesh_switch_1,L1,1.5,16,4,1024,8,8,256,8,4,1,4,2,1,8,4,1,4,1,1,1,1,replace_only,115829.308270963,115829.308270963,115829.308270963,0
prefill_0270,prefill,DeepSeekV3,torus_mesh_switch_1,L1,1.5,16,2,8192,8,8,256,8,2,1,8,2,1,8,2,1,8,1,1,1,1,replace_only,84217.9539192324,84217.9539192324,84217.9539192324,0
prefill_0271,prefill,DeepSeekV3,torus_mesh_switch_1,L1,1.5,64,8,1024,8,8,256,2,8,1,8,2,1,2,8,1,8,1,1,1,1,replace_only,162102.620111681,162102.620111681,162102.620111681,0
prefill_0272,prefill,DeepSeekV3,torus_mesh_switch_1,L1,1.5,64,8,8192,8,8,256,2,8,1,8,2,1,2,8,1,8,1,1,1,1,replace_only,99776.8129420684,99776.8129420684,99776.8129420684,0
prefill_0273,prefill,DeepSeekV3,torus_mesh_switch_1,L1,1.5,256,32,1024,8,8,256,1,16,2,8,1,1,1,16,2,8,1,1,1,1,replace_only,176609.40460451,176609.40460451,176609.40460451,0
prefill_0274,prefill,DeepSeekV3,torus_mesh_switch_1,L1,1.5,256,32,8192,8,8,256,1,16,2,8,1,1,1,16,2,8,1,1,1,1,replace_only,103062.686175567,103062.686175567,101569.335846293,0.0147027674920917
prefill_0275,prefill,DeepSeekV3,torus_mesh_switch_1,L1,1.5,1024,128,1024,8,8,256,2,8,2,8,1,1,2,8,2,8,1,1,1,1,replace_only,170448.84340949,170448.84340949,170448.84340949,0
prefill_0276,prefill,DeepSeekV3,torus_mesh_switch_1,L1,2,1,1,1024,8,8,256,32,8,1,1,1,1,16,16,1,1,1,1,1,1,replace_only,13404.4981054779,13404.4981054779,13404.4981054779,1.35699926191381e-16
prefill_0277,prefill,DeepSeekV3,torus_mesh_switch_1,L1,2,1,1,8192,8,8,256,128,2,1,1,1,1,128,2,1,1,1,1,1,1,replace_only,13656.0080429805,13656.0080429805,13656.0080429805,0
prefill_0278,prefill,DeepSeekV3,torus_mesh_switch_1,L1,2,4,2,1024,8,8,256,32,2,1,2,2,1,32,2,1,2,1,1,1,1,replace_only,57344.0689149005,57344.0689149005,57344.0689149005,1.26882478900844e-16
prefill_0279,prefill,DeepSeekV3,torus_mesh_switch_1,L1,2,4,1,8192,8,8,256,32,1,1,4,2,1,32,1,1,4,1,1,1,1,replace_only,60391.5811823413,60391.5811823413,60391.5811823413,0
prefill_0280,prefill,DeepSeekV3,torus_mesh_switch_1,L1,2,16,4,1024,8,8,256,8,4,1,4,2,1,8,4,1,4,1,1,1,1,replace_only,116030.715637329,116030.715637329,116030.715637329,0
prefill_0281,prefill,DeepSeekV3,torus_mesh_switch_1,L1,2,16,2,8192,8,8,256,8,2,1,8,2,1,8,2,1,8,1,1,1,1,replace_only,84257.1261283732,84257.1261283732,84257.1261283732,0
prefill_0282,prefill,DeepSeekV3,torus_mesh_switch_1,L1,2,64,8,1024,8,8,256,2,8,1,8,2,1,2,8,1,8,1,1,1,1,replace_only,162114.363612691,162114.363612691,162114.363612691,0
prefill_0283,prefill,DeepSeekV3,torus_mesh_switch_1,L1,2,64,8,8192,8,8,256,2,8,1,8,2,1,2,8,1,8,1,1,1,1,replace_only,99777.3693075409,99777.3693075409,99777.3693075409,0
prefill_0284,prefill,DeepSeekV3,torus_mesh_switch_1,L1,2,256,32,1024,8,8,256,1,16,2,8,1,1,1,16,2,8,1,1,1,1,replace_only,176609.40460451,176609.40460451,176609.40460451,0
prefill_0285,prefill,DeepSeekV3,torus_mesh_switch_1,L1,2,256,32,8192,8,8,256,1,16,2,8,1,1,1,16,2,8,1,1,1,1,replace_only,103062.686175567,103062.686175567,101569.335846293,0.0147027674920917
prefill_0286,prefill,DeepSeekV3,torus_mesh_switch_1,L1,2,1024,128,1024,8,8,256,2,8,2,8,1,1,2,8,2,8,1,1,1,1,replace_only,170449.657497276,170449.657497276,170449.657497276,0
prefill_0287,prefill,DeepSeekV3,torus_mesh_switch_1,L1,3,1,1,1024,7,8,256,32,8,1,1,1,1,16,16,1,1,1,1,1,1,replace_only,12180.6593473596,13509.7507449564,12180.6593473596,1.49334231561132e-16
prefill_0288,prefill,DeepSeekV3,torus_mesh_switch_1,L1,3,1,1,8192,7,8,256,256,1,1,1,1,1,128,2,1,1,1,1,1,1,replace_only,12570.4392038762,13749.7222054365,12570.4392038762,0
prefill_0289,prefill,DeepSeekV3,torus_mesh_switch_1,L1,3,4,2,1024,7,8,256,32,2,1,2,2,1,32,2,1,2,1,1,1,1,replace_only,53454.469522663,57588.3299224604,53454.469522663,0
prefill_0290,prefill,DeepSeekV3,torus_mesh_switch_1,L1,3,4,1,8192,7,8,256,32,1,1,4,2,1,32,1,1,4,1,1,1,1,replace_only,54485.5470061964,60670.71082104,54485.5470061964,1.33539223041222e-16
prefill_0291,prefill,DeepSeekV3,torus_mesh_switch_1,L1,3,16,4,1024,7,8,256,8,4,1,4,1,2,8,4,1,4,1,1,1,1,replace_only,101777.418726479,116066.269183334,101777.418726479,0
prefill_0292,prefill,DeepSeekV3,torus_mesh_switch_1,L1,3,16,4,8192,7,8,256,8,4,1,4,1,2,8,2,1,8,1,1,1,1,replace_only,73560.9234352968,84257.9628421741,73560.9234352968,0
prefill_0293,prefill,DeepSeekV3,torus_mesh_switch_1,L1,3,64,8,1024,7,8,256,2,8,1,8,2,1,2,8,1,8,1,1,1,1,replace_only,136374.631847086,162126.108815337,136374.631847086,0
prefill_0294,prefill,DeepSeekV3,torus_mesh_switch_1,L1,3,64,8,8192,7,8,256,2,8,1,8,2,1,2,8,1,8,1,1,1,1,replace_only,85470.6876825319,99777.9256792181,85470.6876825319,0
prefill_0295,prefill,DeepSeekV3,torus_mesh_switch_1,L1,3,256,32,1024,7,8,256,1,16,2,8,1,1,1,16,2,8,1,1,1,1,replace_only,148422.696988259,176609.40460451,148422.696988259,0
prefill_0296,prefill,DeepSeekV3,torus_mesh_switch_1,L1,3,256,256,8192,7,8,256,1,16,16,1,1,1,1,16,2,8,1,1,1,1,replace_only,99269.5686605656,114311.911380667,91273.5681290041,0.0876047764480965
prefill_0297,prefill,DeepSeekV3,torus_mesh_switch_1,L1,3,1024,128,1024,7,8,256,2,8,2,8,1,1,2,8,2,8,1,1,1,1,replace_only,144637.686850602,170450.471592837,144637.686850602,0
prefill_0298,prefill,DeepSeekV3,torus_mesh_switch_1,L1,4,1,1,1024,7,8,256,32,8,1,1,1,1,16,16,1,1,1,1,1,1,replace_only,12223.9246986608,13562.9993436332,12223.9246986608,1.48805678076955e-16
prefill_0299,prefill,DeepSeekV3,torus_mesh_switch_1,L1,4,1,1,8192,7,8,256,256,1,1,1,1,1,128,2,1,1,1,1,1,1,replace_only,12614.6571431379,13802.6432958623,12614.6571431379,0
prefill_0300,prefill,DeepSeekV3,torus_mesh_switch_1,L1,4,4,2,1024,7,8,256,32,2,1,2,2,1,32,2,1,2,1,1,1,1,replace_only,53560.2893110981,57711.2424266601,53560.2893110981,1.35846122337427e-16
prefill_0301,prefill,DeepSeekV3,torus_mesh_switch_1,L1,4,4,1,8192,7,8,256,32,1,1,4,2,1,32,1,1,4,1,1,1,1,replace_only,54598.8573587695,60811.2454837229,54598.8573587695,0
prefill_0302,prefill,DeepSeekV3,torus_mesh_switch_1,L1,4,16,4,1024,7,8,256,8,4,1,4,1,2,8,4,1,4,1,1,1,1,replace_only,101789.384365697,116084.054128192,101789.384365697,1.42961029964445e-16
prefill_0303,prefill,DeepSeekV3,torus_mesh_switch_1,L1,4,16,4,8192,7,8,256,8,4,1,4,1,2,8,2,1,8,1,1,1,1,replace_only,73561.7056363145,84259.1534882621,73561.7056363145,0
prefill_0304,prefill,DeepSeekV3,torus_mesh_switch_1,L1,4,64,8,1024,7,8,256,2,8,1,8,2,1,2,8,1,8,1,1,1,1,replace_only,136378.267860887,162131.982054889,136378.267860887,0
prefill_0305,prefill,DeepSeekV3,torus_mesh_switch_1,L1,4,64,8,8192,7,8,256,2,8,1,8,2,1,2,8,1,8,1,1,1,1,replace_only,85470.8662887762,99778.2038673835,85470.8662887762,0
prefill_0306,prefill,DeepSeekV3,torus_mesh_switch_1,L1,4,256,32,1024,7,8,256,1,16,2,8,1,1,1,16,2,8,1,1,1,1,replace_only,148422.696988259,176609.40460451,148422.696988259,0
prefill_0307,prefill,DeepSeekV3,torus_mesh_switch_1,L1,4,256,256,8192,7,8,256,1,16,16,1,1,1,1,16,2,8,1,1,1,1,replace_only,99269.5686605656,114311.911380667,91273.5681290041,0.0876047764480965
prefill_0308,prefill,DeepSeekV3,torus_mesh_switch_1,L1,4,1024,128,1024,7,8,256,2,8,2,8,1,1,2,8,2,8,1,1,1,1,replace_only,144637.943230755,170450.878643534,144637.943230755,0
prefill_0309,prefill,DeepSeekV3,torus_mesh_switch_1,L2,0.25,1,1,1024,9,8,256,16,16,1,1,1,1,16,16,1,1,1,1,1,1,replace_only,13112.7396741297,12015.7489369515,13112.7396741297,0
prefill_0310,prefill,DeepSeekV3,torus_mesh_switch_1,L2,0.25,1,1,8192,9,8,256,64,4,1,1,1,1,128,2,1,1,1,1,1,1,replace_only,13254.1339523034,12692.0469497029,13254.1339523034,0
prefill_0311,prefill,DeepSeekV3,torus_mesh_switch_1,L2,0.25,4,2,1024,9,8,256,16,4,1,2,2,1,32,2,1,2,1,1,1,1,replace_only,57072.9715463639,51802.1009319762,57072.9715463639,0
prefill_0312,prefill,DeepSeekV3,torus_mesh_switch_1,L2,0.25,4,1,8192,9,8,256,32,1,1,4,2,1,32,1,1,4,1,1,1,1,replace_only,57285.9016807748,55111.4400650647,57285.9016807748,0
prefill_0313,prefill,DeepSeekV3,torus_mesh_switch_1,L2,0.25,16,4,1024,9,8,256,8,4,1,4,2,1,8,4,1,4,1,1,1,1,replace_only,123282.22630065,113301.738428167,123282.22630065,1.18037414354271e-16
prefill_0314,prefill,DeepSeekV3,torus_mesh_switch_1,L2,0.25,16,2,8192,9,8,256,8,2,1,8,2,1,8,2,1,8,1,1,1,1,replace_only,90984.8669626903,83338.2263149902,90984.8669626903,0
prefill_0315,prefill,DeepSeekV3,torus_mesh_switch_1,L2,0.25,64,8,1024,9,8,256,2,8,1,8,2,1,2,8,1,8,1,1,1,1,replace_only,173531.946678467,160690.615665989,173531.946678467,0
prefill_0316,prefill,DeepSeekV3,torus_mesh_switch_1,L2,0.25,64,8,8192,9,8,256,2,8,1,8,2,1,2,8,1,8,1,1,1,1,replace_only,109562.798026771,99354.04432177,109562.798026771,1.32818032128124e-16
prefill_0317,prefill,DeepSeekV3,torus_mesh_switch_1,L2,0.25,256,32,1024,9,8,256,1,16,2,8,1,1,1,16,2,8,1,1,1,1,replace_only,189517.552651897,175049.008877847,189517.552651897,0
prefill_0318,prefill,DeepSeekV3,torus_mesh_switch_1,L2,0.25,256,16,8192,9,8,256,1,4,4,16,1,1,1,16,2,8,1,1,1,1,replace_only,110980.77179573,102685.012398108,110980.77179573,0
prefill_0319,prefill,DeepSeekV3,torus_mesh_switch_1,L2,0.25,1024,64,1024,9,8,256,1,16,1,16,1,1,2,8,2,8,1,1,1,1,replace_only,185088.243842702,169346.759333012,185088.243842702,0
prefill_0320,prefill,DeepSeekV3,torus_mesh_switch_1,L2,0.5,1,1,1024,9,8,256,16,16,1,1,1,1,16,16,1,1,1,1,1,1,replace_only,14430.7324991089,12989.0940181457,14430.7324991089,0
prefill_0321,prefill,DeepSeekV3,torus_mesh_switch_1,L2,0.5,1,1,8192,9,8,256,128,2,1,1,1,1,128,2,1,1,1,1,1,1,replace_only,14043.4193744068,13627.2367282376,14043.4193744068,0
prefill_0322,prefill,DeepSeekV3,torus_mesh_switch_1,L2,0.5,4,2,1024,9,8,256,16,4,1,2,2,1,32,2,1,2,1,1,1,1,replace_only,61835.5059504609,55695.5130556457,61835.5059504609,0
prefill_0323,prefill,DeepSeekV3,torus_mesh_switch_1,L2,0.5,4,1,8192,9,8,256,32,1,1,4,2,1,32,1,1,4,1,1,1,1,replace_only,59813.400176097,57429.5309180238,59813.400176097,0
prefill_0324,prefill,DeepSeekV3,torus_mesh_switch_1,L2,0.5,16,4,1024,9,8,256,8,4,1,4,2,1,8,4,1,4,1,1,1,1,replace_only,125348.496418888,115044.593451641,125348.496418888,1.16091661600291e-16
prefill_0325,prefill,DeepSeekV3,torus_mesh_switch_1,L2,0.5,16,2,8192,9,8,256,8,2,1,8,2,1,8,2,1,8,1,1,1,1,replace_only,91809.0422029149,84009.8280124012,91809.0422029149,0
prefill_0326,prefill,DeepSeekV3,torus_mesh_switch_1,L2,0.5,64,8,1024,9,8,256,2,8,1,8,2,1,2,8,1,8,1,1,1,1,replace_only,174947.121015502,161839.53831641,174947.121015502,0
prefill_0327,prefill,DeepSeekV3,torus_mesh_switch_1,L2,0.5,64,8,8192,9,8,256,2,8,1,8,2,1,2,8,1,8,1,1,1,1,replace_only,110169.842582114,99752.5120406396,110169.842582114,1.32086194255209e-16
prefill_0328,prefill,DeepSeekV3,torus_mesh_switch_1,L2,0.5,256,32,1024,9,8,256,1,16,2,8,1,1,1,16,2,8,1,1,1,1,replace_only,191445.232628445,176465.563507716,191445.232628445,0
prefill_0329,prefill,DeepSeekV3,torus_mesh_switch_1,L2,0.5,256,16,8192,9,8,256,1,16,1,16,1,1,1,16,2,8,1,1,1,1,replace_only,111016.134549402,103056.49515979,111016.134549402,0
prefill_0330,prefill,DeepSeekV3,torus_mesh_switch_1,L2,0.5,1024,64,1024,9,8,256,1,16,1,16,1,1,2,8,2,8,1,1,1,1,replace_only,187075.589010293,170413.516671277,187075.589010293,1.55572571550916e-16
prefill_0331,prefill,DeepSeekV3,torus_mesh_switch_1,L2,1,1,1,1024,8,8,256,16,16,1,1,1,1,16,16,1,1,1,1,1,1,replace_only,13114.5145611301,13114.5145611301,13114.5145611301,0
prefill_0332,prefill,DeepSeekV3,torus_mesh_switch_1,L2,1,1,1,8192,8,8,256,128,2,1,1,1,1,128,2,1,1,1,1,1,1,replace_only,13647.3908119519,13647.3908119519,13647.3908119519,0
prefill_0333,prefill,DeepSeekV3,torus_mesh_switch_1,L2,1,4,2,1024,8,8,256,32,2,1,2,2,1,32,2,1,2,1,1,1,1,replace_only,56623.5620858945,56623.5620858945,56623.5620858945,0
prefill_0334,prefill,DeepSeekV3,torus_mesh_switch_1,L2,1,4,1,8192,8,8,256,32,1,1,4,2,1,32,1,1,4,1,1,1,1,replace_only,59569.392870172,59569.392870172,59569.392870172,0
prefill_0335,prefill,DeepSeekV3,torus_mesh_switch_1,L2,1,16,4,1024,8,8,256,8,4,1,4,2,1,8,4,1,4,1,1,1,1,replace_only,115827.16168216,115827.16168216,115827.16168216,0
prefill_0336,prefill,DeepSeekV3,torus_mesh_switch_1,L2,1,16,2,8192,8,8,256,8,2,1,8,2,1,8,2,1,8,1,1,1,1,replace_only,84217.8120661961,84217.8120661961,84217.8120661961,0
prefill_0337,prefill,DeepSeekV3,torus_mesh_switch_1,L2,1,64,8,1024,8,8,256,2,8,1,8,2,1,2,8,1,8,1,1,1,1,replace_only,162079.138213089,162079.138213089,162079.138213089,0
prefill_0338,prefill,DeepSeekV3,torus_mesh_switch_1,L2,1,64,8,8192,8,8,256,2,8,1,8,2,1,2,8,1,8,1,1,1,1,replace_only,99775.7002297374,99775.7002297374,99775.7002297374,0
prefill_0339,prefill,DeepSeekV3,torus_mesh_switch_1,L2,1,256,32,1024,8,8,256,1,16,2,8,1,1,1,16,2,8,1,1,1,1,replace_only,176609.40460451,176609.40460451,176609.40460451,0
prefill_0340,prefill,DeepSeekV3,torus_mesh_switch_1,L2,1,256,32,8192,8,8,256,1,16,2,8,1,1,1,16,2,8,1,1,1,1,replace_only,103062.686175567,103062.686175567,101569.335846293,0.0147027674920917
prefill_0341,prefill,DeepSeekV3,torus_mesh_switch_1,L2,1,1024,128,1024,8,8,256,2,8,2,8,1,1,2,8,2,8,1,1,1,1,replace_only,170447.215257249,170447.215257249,170447.215257249,0
prefill_0342,prefill,DeepSeekV3,torus_mesh_switch_1,L2,1.5,1,1,1024,7,8,256,32,8,1,1,1,1,16,16,1,1,1,1,1,1,replace_only,12017.6177354548,13309.4610834483,12017.6177354548,0
prefill_0343,prefill,DeepSeekV3,torus_mesh_switch_1,L2,1.5,1,1,8192,7,8,256,128,2,1,1,1,1,128,2,1,1,1,1,1,1,replace_only,12489.4865243558,13654.1220939478,12489.4865243558,0
prefill_0344,prefill,DeepSeekV3,torus_mesh_switch_1,L2,1.5,4,2,1024,7,8,256,32,2,1,2,2,1,32,2,1,2,1,1,1,1,replace_only,53263.6871318883,57367.1824854398,53263.6871318883,0
prefill_0345,prefill,DeepSeekV3,torus_mesh_switch_1,L2,1.5,4,1,8192,7,8,256,32,1,1,4,2,1,32,1,1,4,1,1,1,1,replace_only,54201.3819723142,60318.5625919482,54201.3819723142,0
prefill_0346,prefill,DeepSeekV3,torus_mesh_switch_1,L2,1.5,16,4,1024,7,8,256,8,4,1,4,1,2,8,4,1,4,1,1,1,1,replace_only,101753.817692656,116005.992227481,101753.817692656,1.43011000062135e-16
prefill_0347,prefill,DeepSeekV3,torus_mesh_switch_1,L2,1.5,16,4,8192,7,8,256,8,4,1,4,1,2,8,2,1,8,1,1,1,1,replace_only,73632.1695579417,84239.9910608935,73632.1695579417,0
prefill_0348,prefill,DeepSeekV3,torus_mesh_switch_1,L2,1.5,64,8,1024,7,8,256,2,8,1,8,2,1,2,8,1,8,1,1,1,1,replace_only,136393.679817582,162159.162577558,136393.679817582,0
prefill_0349,prefill,DeepSeekV3,torus_mesh_switch_1,L2,1.5,64,8,8192,7,8,256,2,8,1,8,2,1,2,8,1,8,1,1,1,1,replace_only,85474.1757880967,99783.4320219606,85474.1757880967,0
prefill_0350,prefill,DeepSeekV3,torus_mesh_switch_1,L2,1.5,256,32,1024,7,8,256,1,16,2,8,1,1,1,16,2,8,1,1,1,1,replace_only,148452.134767684,176657.403761227,148452.134767684,0
prefill_0351,prefill,DeepSeekV3,torus_mesh_switch_1,L2,1.5,256,256,8192,7,8,256,1,16,16,1,1,1,1,16,2,8,1,1,1,1,replace_only,99271.0854909692,114314.210077899,91274.8504426922,0.0876061150414863
prefill_0352,prefill,DeepSeekV3,torus_mesh_switch_1,L2,1.5,1024,128,1024,7,8,256,2,8,2,8,1,1,2,8,2,8,1,1,1,1,replace_only,144642.742248933,170458.451081105,144642.742248933,0
prefill_0353,prefill,DeepSeekV3,torus_mesh_switch_1,L2,2,1,1,1024,6,8,256,32,8,1,1,1,1,16,16,1,1,1,1,1,1,replace_only,11888.4550955738,13417.5863585377,11888.4550955738,0
prefill_0354,prefill,DeepSeekV3,torus_mesh_switch_1,L2,2,1,1,8192,6,8,256,256,1,1,1,1,1,128,2,1,1,1,1,1,1,replace_only,11858.6194067578,13746.7025561051,11858.6194067578,0
prefill_0355,prefill,DeepSeekV3,torus_mesh_switch_1,L2,2,4,2,1024,6,8,256,32,2,1,2,2,1,32,2,1,2,1,1,1,1,replace_only,51400.6095318238,57746.3654062399,51400.6095318238,1.41553916975997e-16
prefill_0356,prefill,DeepSeekV3,torus_mesh_switch_1,L2,2,4,1,8192,6,8,256,32,1,1,4,2,1,32,1,1,4,1,1,1,1,replace_only,50818.0338562531,60700.2585740338,50818.0338562531,0
prefill_0357,prefill,DeepSeekV3,torus_mesh_switch_1,L2,2,16,4,1024,6,8,256,8,4,1,4,2,1,8,4,1,4,1,1,1,1,replace_only,94578.3292603163,116090.583098087,94578.3292603163,0
prefill_0358,prefill,DeepSeekV3,torus_mesh_switch_1,L2,2,16,4,8192,6,8,256,8,4,1,4,1,2,8,2,1,8,1,1,1,1,replace_only,67499.8130250414,84250.7485135856,67499.8130250414,0
prefill_0359,prefill,DeepSeekV3,torus_mesh_switch_1,L2,2,64,8,1024,6,8,256,2,8,1,8,2,1,2,8,1,8,1,1,1,1,replace_only,121573.706076318,162199.204400314,121573.706076318,1.19696237764043e-16
prefill_0360,prefill,DeepSeekV3,torus_mesh_switch_1,L2,2,64,8,8192,6,8,256,2,8,1,8,2,1,2,8,1,8,1,1,1,1,replace_only,74779.4664824693,99787.2983674522,74779.4664824693,0
prefill_0361,prefill,DeepSeekV3,torus_mesh_switch_1,L2,2,256,32,1024,6,8,256,1,16,2,8,1,1,1,16,2,8,1,1,1,1,replace_only,131103.375044008,176681.413124875,131103.375044008,0
prefill_0362,prefill,DeepSeekV3,torus_mesh_switch_1,L2,2,256,256,8192,6,8,256,1,16,16,1,1,1,1,16,2,8,1,1,1,1,replace_only,84925.1343983598,114315.359461183,81385.8889038692,0.0434872131048539
prefill_0363,prefill,DeepSeekV3,torus_mesh_switch_1,L2,2,1024,128,1024,6,8,256,2,8,2,8,1,1,2,8,2,8,1,1,1,1,replace_only,127908.650647642,170464.069548548,127908.650647642,1.13768030189404e-16
prefill_0364,prefill,DeepSeekV3,torus_mesh_switch_1,L2,3,1,1,1024,5,8,256,32,8,1,1,1,1,16,16,1,1,1,1,1,1,replace_only,10641.8207201439,13527.4828294036,10641.8207201439,0
prefill_0365,prefill,DeepSeekV3,torus_mesh_switch_1,L2,3,1,1,8192,5,8,256,256,1,1,1,1,1,128,2,1,1,1,1,1,1,replace_only,10713.4688885433,13887.6467377616,10713.4688885433,0
prefill_0366,prefill,DeepSeekV3,torus_mesh_switch_1,L2,3,4,2,1024,5,8,256,32,2,1,2,2,1,32,2,1,2,1,1,1,1,replace_only,43514.5991429032,58130.5942906999,43514.5991429032,0
prefill_0367,prefill,DeepSeekV3,torus_mesh_switch_1,L2,3,4,1,8192,5,8,256,32,1,1,4,2,1,32,1,1,4,1,1,1,1,replace_only,43795.022762466,61086.8160656037,43795.022762466,1.66136632777805e-16
prefill_0368,prefill,DeepSeekV3,torus_mesh_switch_1,L2,3,16,4,1024,5,8,256,8,4,1,4,2,1,8,4,1,4,1,1,1,1,replace_only,79014.4207747578,116358.988345266,79014.4207747578,0
prefill_0369,prefill,DeepSeekV3,torus_mesh_switch_1,L2,3,16,4,8192,5,8,256,8,4,1,4,1,2,8,2,1,8,1,1,1,1,replace_only,57333.96241149,84279.8948144326,57333.96241149,0
prefill_0370,prefill,DeepSeekV3,torus_mesh_switch_1,L2,3,64,8,1024,5,8,256,2,8,1,8,2,1,2,8,1,8,1,1,1,1,replace_only,100464.765804433,162211.220803548,100464.765804433,0
prefill_0371,prefill,DeepSeekV3,torus_mesh_switch_1,L2,3,64,8,8192,5,8,256,2,8,1,8,2,1,2,8,1,8,1,1,1,1,replace_only,62091.9101850851,99788.4583295265,62091.9101850851,1.17180444159232e-16
prefill_0372,prefill,DeepSeekV3,torus_mesh_switch_1,L2,3,256,32,1024,5,8,256,1,16,2,8,1,1,1,16,2,8,1,1,1,1,replace_only,107951.66527479,176688.617206628,107951.66527479,0
prefill_0373,prefill,DeepSeekV3,torus_mesh_switch_1,L2,3,256,256,8192,5,8,256,1,16,16,1,1,1,1,16,2,8,1,1,1,1,replace_only,70911.3348248887,114315.704280675,70911.3348248887,0
prefill_0374,prefill,DeepSeekV3,torus_mesh_switch_1,L2,3,1024,1024,1024,5,8,256,1,32,8,1,1,1,2,8,2,8,1,1,1,1,replace_only,111055.63831767,170465.755161006,110958.561814211,0.0008748897054146
prefill_0375,prefill,DeepSeekV3,torus_mesh_switch_1,L2,4,1,1,1024,3,8,256,128,2,1,1,1,1,16,16,1,1,1,1,1,1,replace_only,7823.45934354845,13333.3757383117,7823.45934354845,0
prefill_0376,prefill,DeepSeekV3,torus_mesh_switch_1,L2,4,1,1,8192,3,8,256,256,1,1,1,1,1,128,2,1,1,1,1,1,1,replace_only,7727.12091408178,13959.2082330712,7727.12091408178,0
prefill_0377,prefill,DeepSeekV3,torus_mesh_switch_1,L2,4,4,2,1024,3,8,256,32,2,1,2,2,1,32,2,1,2,1,1,1,1,replace_only,31062.1024982282,58324.6325504566,31062.1024982282,0
prefill_0378,prefill,DeepSeekV3,torus_mesh_switch_1,L2,4,4,1,8192,3,8,256,32,1,1,4,2,1,32,1,1,4,1,1,1,1,replace_only,29263.3615294805,61281.9469947407,29263.3615294805,1.24318554566151e-16
prefill_0379,prefill,DeepSeekV3,torus_mesh_switch_1,L2,4,16,8,1024,3,8,256,8,8,1,2,2,1,8,4,1,4,1,1,1,1,replace_only,55412.3121932764,116413.547666995,55412.3121932764,0
prefill_0380,prefill,DeepSeekV3,torus_mesh_switch_1,L2,4,16,8,8192,3,8,256,8,8,1,2,2,1,8,2,1,8,1,1,1,1,replace_only,36439.9218245886,84292.7897471827,36439.9218245886,0
prefill_0381,prefill,DeepSeekV3,torus_mesh_switch_1,L2,4,64,16,1024,3,8,256,2,16,1,4,2,1,2,8,1,8,1,1,1,1,replace_only,65168.98489549,162211.220803548,65168.98489549,0
prefill_0382,prefill,DeepSeekV3,torus_mesh_switch_1,L2,4,64,64,8192,3,8,256,2,32,2,1,2,1,2,8,1,8,1,1,1,1,replace_only,39446.0708605008,99788.4583295265,39446.0708605008,0
prefill_0383,prefill,DeepSeekV3,torus_mesh_switch_1,L2,4,256,64,1024,3,8,256,2,16,1,4,2,1,1,16,2,8,1,1,1,1,replace_only,67417.483434576,176688.617206628,67417.483434576,0
prefill_0384,prefill,DeepSeekV3,torus_mesh_switch_1,L2,4,256,256,8192,3,8,256,1,16,16,1,1,1,1,16,2,8,1,1,1,1,replace_only,42783.3743243588,114315.704280675,42783.3743243588,1.70065071516363e-16
prefill_0385,prefill,DeepSeekV3,torus_mesh_switch_1,L2,4,1024,1024,1024,3,8,256,1,32,8,1,1,1,2,8,2,8,1,1,1,1,replace_only,72347.1763205116,170465.755161006,72347.1763205116,0
prefill_0386,prefill,DeepSeekV3,torus_mesh_switch_1,L3,0.25,1,1,1024,9,8,256,16,16,1,1,1,1,16,16,1,1,1,1,1,1,replace_only,11115.2832521755,10464.0261749059,11115.2832521755,0
prefill_0387,prefill,DeepSeekV3,torus_mesh_switch_1,L3,0.25,1,1,8192,9,8,256,16,16,1,1,1,1,128,2,1,1,1,1,1,1,replace_only,7425.30015540998,6823.09375631959,7425.30015540998,0
prefill_0388,prefill,DeepSeekV3,torus_mesh_switch_1,L3,0.25,4,1,1024,9,8,256,16,2,1,4,2,1,32,2,1,2,1,1,1,1,replace_only,39701.7299019348,37213.8713980192,39701.7299019348,0
prefill_0389,prefill,DeepSeekV3,torus_mesh_switch_1,L3,0.25,4,1,8192,9,8,256,16,2,1,4,2,1,32,1,1,4,1,1,1,1,replace_only,30036.1430688131,28743.3055038026,30036.1430688131,0
prefill_0390,prefill,DeepSeekV3,torus_mesh_switch_1,L3,0.25,16,2,1024,9,8,256,8,2,1,8,1,2,8,4,1,4,1,1,1,1,replace_only,68134.9043927805,63599.8635676107,68134.9043927805,0
prefill_0391,prefill,DeepSeekV3,torus_mesh_switch_1,L3,0.25,16,2,8192,9,8,256,8,2,1,8,2,1,8,2,1,8,1,1,1,1,replace_only,64748.4263748538,60747.8324828784,64748.4263748538,0
prefill_0392,prefill,DeepSeekV3,torus_mesh_switch_1,L3,0.25,64,8,1024,9,8,256,2,8,1,8,2,1,2,8,1,8,1,1,1,1,replace_only,145931.274812197,136673.534279958,145931.274812197,0
prefill_0393,prefill,DeepSeekV3,torus_mesh_switch_1,L3,0.25,64,8,8192,9,8,256,2,8,1,8,2,1,2,8,1,8,1,1,1,1,replace_only,97836.2230465615,89530.64133861,97836.2230465615,0
prefill_0394,prefill,DeepSeekV3,torus_mesh_switch_1,L3,0.25,256,32,1024,9,8,256,1,16,2,8,1,1,1,16,2,8,1,1,1,1,replace_only,172658.222607899,160368.137954836,172658.222607899,0
prefill_0395,prefill,DeepSeekV3,torus_mesh_switch_1,L3,0.25,256,16,8192,9,8,256,1,16,1,16,1,1,1,16,2,8,1,1,1,1,replace_only,104378.86285945,97311.5477449609,104378.86285945,0
prefill_0396,prefill,DeepSeekV3,torus_mesh_switch_1,L3,0.25,1024,64,1024,9,8,256,1,16,1,16,1,1,2,8,2,8,1,1,1,1,replace_only,168988.46809931,154849.26893566,168988.46809931,0
prefill_0397,prefill,DeepSeekV3,torus_mesh_switch_1,L3,0.5,1,1,1024,8,8,256,16,16,1,1,1,1,16,16,1,1,1,1,1,1,replace_only,12323.7108284767,12323.7108284767,12323.7108284767,0
prefill_0398,prefill,DeepSeekV3,torus_mesh_switch_1,L3,0.5,1,1,8192,8,8,256,128,2,1,1,1,1,128,2,1,1,1,1,1,1,replace_only,9584.26742811676,9584.26742811676,9584.26742811676,0
prefill_0399,prefill,DeepSeekV3,torus_mesh_switch_1,L3,0.5,4,1,1024,8,8,256,16,2,1,4,2,1,32,2,1,2,1,1,1,1,replace_only,44778.4820085426,44778.4820085426,44778.4820085426,1.62487813070469e-16
prefill_0400,prefill,DeepSeekV3,torus_mesh_switch_1,L3,0.5,4,1,8192,8,8,256,32,1,1,4,2,1,32,1,1,4,1,1,1,1,replace_only,43445.7849199419,43445.7849199419,43445.7849199419,0
prefill_0401,prefill,DeepSeekV3,torus_mesh_switch_1,L3,0.5,16,4,1024,8,8,256,8,4,1,4,2,1,8,4,1,4,1,1,1,1,replace_only,83442.7703235607,83442.7703235607,83442.7703235607,0
prefill_0402,prefill,DeepSeekV3,torus_mesh_switch_1,L3,0.5,16,2,8192,8,8,256,8,2,1,8,2,1,8,2,1,8,1,1,1,1,replace_only,74609.3490803787,74609.3490803787,74609.3490803787,0
prefill_0403,prefill,DeepSeekV3,torus_mesh_switch_1,L3,0.5,64,8,1024,8,8,256,2,8,1,8,2,1,2,8,1,8,1,1,1,1,replace_only,152622.384514726,152622.384514726,152622.384514726,0
prefill_0404,prefill,DeepSeekV3,torus_mesh_switch_1,L3,0.5,64,8,8192,8,8,256,2,8,1,8,2,1,2,8,1,8,1,1,1,1,replace_only,96109.7305506069,96109.7305506069,96109.7305506069,1.51409385345269e-16
prefill_0405,prefill,DeepSeekV3,torus_mesh_switch_1,L3,0.5,256,32,1024,8,8,256,1,16,2,8,1,1,1,16,2,8,1,1,1,1,replace_only,170842.067025431,170842.067025431,170842.067025431,0
prefill_0406,prefill,DeepSeekV3,torus_mesh_switch_1,L3,0.5,256,16,8192,8,8,256,1,16,1,16,1,1,1,16,2,8,1,1,1,1,replace_only,98100.0924614339,101071.567312215,98100.0924614339,1.48337426227072e-16
prefill_0407,prefill,DeepSeekV3,torus_mesh_switch_1,L3,0.5,1024,64,1024,8,8,256,1,16,1,16,1,1,2,8,2,8,1,1,1,1,replace_only,164592.808184022,164592.808184022,164592.808184022,0
prefill_0408,prefill,DeepSeekV3,torus_mesh_switch_1,L3,1,1,1,1024,8,8,256,16,16,1,1,1,1,16,16,1,1,1,1,1,1,replace_only,13114.5145611301,13114.5145611301,13114.5145611301,0
prefill_0409,prefill,DeepSeekV3,torus_mesh_switch_1,L3,1,1,1,8192,8,8,256,128,2,1,1,1,1,128,2,1,1,1,1,1,1,replace_only,13647.3908119519,13647.3908119519,13647.3908119519,0
prefill_0410,prefill,DeepSeekV3,torus_mesh_switch_1,L3,1,4,2,1024,8,8,256,32,2,1,2,2,1,32,2,1,2,1,1,1,1,replace_only,56623.5620858945,56623.5620858945,56623.5620858945,0
prefill_0411,prefill,DeepSeekV3,torus_mesh_switch_1,L3,1,4,1,8192,8,8,256,32,1,1,4,2,1,32,1,1,4,1,1,1,1,replace_only,59569.392870172,59569.392870172,59569.392870172,0
prefill_0412,prefill,DeepSeekV3,torus_mesh_switch_1,L3,1,16,4,1024,8,8,256,8,4,1,4,2,1,8,4,1,4,1,1,1,1,replace_only,115827.16168216,115827.16168216,115827.16168216,0
prefill_0413,prefill,DeepSeekV3,torus_mesh_switch_1,L3,1,16,2,8192,8,8,256,8,2,1,8,2,1,8,2,1,8,1,1,1,1,replace_only,84217.8120661961,84217.8120661961,84217.8120661961,0
prefill_0414,prefill,DeepSeekV3,torus_mesh_switch_1,L3,1,64,8,1024,8,8,256,2,8,1,8,2,1,2,8,1,8,1,1,1,1,replace_only,162079.138213089,162079.138213089,162079.138213089,0
prefill_0415,prefill,DeepSeekV3,torus_mesh_switch_1,L3,1,64,8,8192,8,8,256,2,8,1,8,2,1,2,8,1,8,1,1,1,1,replace_only,99775.7002297374,99775.7002297374,99775.7002297374,0
prefill_0416,prefill,DeepSeekV3,torus_mesh_switch_1,L3,1,256,32,1024,8,8,256,1,16,2,8,1,1,1,16,2,8,1,1,1,1,replace_only,176609.40460451,176609.40460451,176609.40460451,0
prefill_0417,prefill,DeepSeekV3,torus_mesh_switch_1,L3,1,256,32,8192,8,8,256,1,16,2,8,1,1,1,16,2,8,1,1,1,1,replace_only,103062.686175567,103062.686175567,101569.335846293,0.0147027674920917
prefill_0418,prefill,DeepSeekV3,torus_mesh_switch_1,L3,1,1024,128,1024,8,8,256,2,8,2,8,1,1,2,8,2,8,1,1,1,1,replace_only,170447.215257249,170447.215257249,170447.215257249,0
prefill_0419,prefill,DeepSeekV3,torus_mesh_switch_1,L3,1.5,1,1,1024,7,8,256,32,8,1,1,1,1,16,16,1,1,1,1,1,1,replace_only,12580.6217888582,14017.3469280813,12580.6217888582,0
prefill_0420,prefill,DeepSeekV3,torus_mesh_switch_1,L3,1.5,1,1,8192,7,8,256,128,2,1,1,1,1,128,2,1,1,1,1,1,1,replace_only,14306.524872778,15855.7029373664,14306.524872778,1.2714404229688e-16
prefill_0421,prefill,DeepSeekV3,torus_mesh_switch_1,L3,1.5,4,2,1024,7,8,256,32,2,1,2,2,1,32,2,1,2,1,1,1,1,replace_only,56728.8157254589,61532.863766776,56728.8157254589,1.28258584656441e-16
prefill_0422,prefill,DeepSeekV3,torus_mesh_switch_1,L3,1.5,4,1,8192,7,8,256,32,1,1,4,2,1,32,1,1,4,1,1,1,1,replace_only,58621.7857589631,66898.9899561081,58621.7857589631,0
prefill_0423,prefill,DeepSeekV3,torus_mesh_switch_1,L3,1.5,16,4,1024,7,8,256,8,4,1,4,1,2,8,4,1,4,1,1,1,1,replace_only,107024.82139942,123192.635614289,107024.82139942,1.35967666547732e-16
prefill_0424,prefill,DeepSeekV3,torus_mesh_switch_1,L3,1.5,16,4,8192,7,8,256,8,4,1,4,1,2,8,2,1,8,1,1,1,1,replace_only,79899.1687688814,92149.6610959104,79899.1687688814,0
prefill_0425,prefill,DeepSeekV3,torus_mesh_switch_1,L3,1.5,64,8,1024,7,8,256,2,8,1,8,2,1,2,8,1,8,1,1,1,1,replace_only,138756.396626036,165497.307127662,138756.396626036,0
prefill_0426,prefill,DeepSeekV3,torus_mesh_switch_1,L3,1.5,64,8,8192,7,8,256,2,8,1,8,2,1,2,8,1,8,1,1,1,1,replace_only,86410.3926934409,101060.638583282,86410.3926934409,0
prefill_0427,prefill,DeepSeekV3,torus_mesh_switch_1,L3,1.5,256,32,1024,7,8,256,1,16,2,8,1,1,1,16,2,8,1,1,1,1,replace_only,149839.706306664,178619.366598989,149839.706306664,0
prefill_0428,prefill,DeepSeekV3,torus_mesh_switch_1,L3,1.5,256,256,8192,7,8,256,1,16,16,1,1,1,1,16,2,8,1,1,1,1,replace_only,99269.5686605656,114311.911380667,99269.5686605656,0
prefill_0429,prefill,DeepSeekV3,torus_mesh_switch_1,L3,1.5,1024,1024,1024,7,8,256,1,32,8,1,1,1,2,8,2,8,1,1,1,1,replace_only,155858.079431173,180952.051917327,155858.079431173,0
prefill_0430,prefill,DeepSeekV3,torus_mesh_switch_1,L3,2,1,1,1024,7,8,256,32,8,1,1,1,1,16,16,1,1,1,1,1,1,replace_only,12983.6392087643,14519.5709670727,12983.6392087643,0
prefill_0431,prefill,DeepSeekV3,torus_mesh_switch_1,L3,2,1,1,8192,7,8,256,128,2,1,1,1,1,128,2,1,1,1,1,1,1,replace_only,15355.1536852314,17154.0333011374,15355.1536852314,0
prefill_0432,prefill,DeepSeekV3,torus_mesh_switch_1,L3,2,4,2,1024,7,8,256,32,2,1,2,2,1,32,2,1,2,1,1,1,1,replace_only,59031.908678962,64317.2582265914,59031.908678962,0
prefill_0433,prefill,DeepSeekV3,torus_mesh_switch_1,L3,2,4,1,8192,7,8,256,32,1,1,4,2,1,32,1,1,4,1,1,1,1,replace_only,60333.590663362,69164.7241268285,60333.590663362,0
prefill_0434,prefill,DeepSeekV3,torus_mesh_switch_1,L3,2,16,8,1024,7,8,256,8,8,1,2,1,2,8,4,1,4,1,1,1,1,replace_only,111164.244734686,127238.187359481,111164.244734686,0
prefill_0435,prefill,DeepSeekV3,torus_mesh_switch_1,L3,2,16,4,8192,7,8,256,8,4,1,4,1,2,8,2,1,8,1,1,1,1,replace_only,81679.7542987615,94553.5632343937,81679.7542987615,0
prefill_0436,prefill,DeepSeekV3,torus_mesh_switch_1,L3,2,64,16,1024,7,8,256,2,16,1,4,2,1,2,8,1,8,1,1,1,1,replace_only,141966.60343947,167261.033388959,141966.60343947,0
prefill_0437,prefill,DeepSeekV3,torus_mesh_switch_1,L3,2,64,64,8192,7,8,256,2,32,2,1,2,1,2,8,1,8,1,1,1,1,replace_only,89332.5441414985,101715.599029794,89332.5441414985,0
prefill_0438,prefill,DeepSeekV3,torus_mesh_switch_1,L3,2,256,32,1024,7,8,256,1,16,2,8,1,1,1,16,2,8,1,1,1,1,replace_only,150558.405900642,179641.602061418,150558.405900642,0
prefill_0439,prefill,DeepSeekV3,torus_mesh_switch_1,L3,2,256,256,8192,7,8,256,1,16,16,1,1,1,1,16,2,8,1,1,1,1,replace_only,99269.5686605656,114311.911380667,99269.5686605656,0
prefill_0440,prefill,DeepSeekV3,torus_mesh_switch_1,L3,2,1024,1024,1024,7,8,256,1,32,8,1,1,1,2,8,2,8,1,1,1,1,replace_only,161847.457055255,189092.027967983,161847.457055255,0
prefill_0441,prefill,DeepSeekV3,torus_mesh_switch_1,L3,3,1,1,1024,6,8,256,128,2,1,1,1,1,16,16,1,1,1,1,1,1,replace_only,13562.0995069148,15223.4569057081,13562.0995069148,0
prefill_0442,prefill,DeepSeekV3,torus_mesh_switch_1,L3,3,1,1,8192,6,8,256,128,2,1,1,1,1,128,2,1,1,1,1,1,1,replace_only,15048.6879004209,18259.5485823577,15048.6879004209,0
prefill_0443,prefill,DeepSeekV3,torus_mesh_switch_1,L3,3,4,2,1024,6,8,256,32,2,1,2,2,1,32,2,1,2,1,1,1,1,replace_only,57703.2463836615,67365.5864569138,57703.2463836615,0
prefill_0444,prefill,DeepSeekV3,torus_mesh_switch_1,L3,3,4,2,8192,6,8,256,32,2,1,2,2,1,32,1,1,4,1,1,1,1,replace_only,57153.6255690058,73330.0239232348,57153.6255690058,0
prefill_0445,prefill,DeepSeekV3,torus_mesh_switch_1,L3,3,16,8,1024,6,8,256,8,8,1,2,2,1,8,4,1,4,1,1,1,1,replace_only,111421.640800547,134539.808442835,111421.640800547,0
prefill_0446,prefill,DeepSeekV3,torus_mesh_switch_1,L3,3,16,8,8192,6,8,256,8,8,1,2,1,2,8,2,1,8,1,1,1,1,replace_only,73996.5774213141,97335.5344430049,73996.5774213141,0
prefill_0447,prefill,DeepSeekV3,torus_mesh_switch_1,L3,3,64,16,1024,6,8,256,2,16,1,4,2,1,2,8,1,8,1,1,1,1,replace_only,130858.692375333,170974.085523267,130858.692375333,1.11203275565589e-16
prefill_0448,prefill,DeepSeekV3,torus_mesh_switch_1,L3,3,64,64,8192,6,8,256,2,16,4,1,2,1,2,8,1,8,1,1,1,1,replace_only,82579.6540662607,109610.547662445,82579.6540662607,0
prefill_0449,prefill,DeepSeekV3,torus_mesh_switch_1,L3,3,256,256,1024,6,8,256,2,64,2,1,1,1,1,16,2,8,1,1,1,1,replace_only,140196.094170753,182628.403307359,140196.094170753,0
prefill_0450,prefill,DeepSeekV3,torus_mesh_switch_1,L3,3,256,256,8192,6,8,256,1,16,16,1,1,1,1,16,2,8,1,1,1,1,replace_only,84923.7057439886,114311.911380667,84923.7057439886,0
prefill_0451,prefill,DeepSeekV3,torus_mesh_switch_1,L3,3,1024,1024,1024,6,8,256,1,16,16,1,1,1,2,8,2,8,1,1,1,1,replace_only,152777.137299472,207509.023774149,152777.137299472,0
prefill_0452,prefill,DeepSeekV3,torus_mesh_switch_1,L3,4,1,1,1024,5,8,256,128,2,1,1,1,1,16,16,1,1,1,1,1,1,replace_only,12548.8010502535,15753.6845216656,12548.8010502535,0
prefill_0453,prefill,DeepSeekV3,torus_mesh_switch_1,L3,4,1,1,8192,5,8,256,256,1,1,1,1,1,128,2,1,1,1,1,1,1,replace_only,13474.5655772278,18977.0810078358,13474.5655772278,1.34994289286771e-16
prefill_0454,prefill,DeepSeekV3,torus_mesh_switch_1,L3,4,4,2,1024,5,8,256,32,2,1,2,2,1,32,2,1,2,1,1,1,1,replace_only,47492.0352049924,68395.4926471878,47492.0352049924,0
prefill_0455,prefill,DeepSeekV3,torus_mesh_switch_1,L3,4,4,2,8192,5,8,256,32,2,1,2,2,1,32,1,1,4,1,1,1,1,replace_only,48921.2594078511,75606.6495138279,48921.2594078511,0
prefill_0456,prefill,DeepSeekV3,torus_mesh_switch_1,L3,4,16,8,1024,5,8,256,8,8,1,2,2,1,8,4,1,4,1,1,1,1,replace_only,93293.087821024,139576.332444896,93293.087821024,0
prefill_0457,prefill,DeepSeekV3,torus_mesh_switch_1,L3,4,16,16,8192,5,8,256,8,8,2,1,2,1,8,2,1,8,1,1,1,1,replace_only,63623.2891080128,101238.989676145,62698.2506271659,0.0147538164397546
prefill_0458,prefill,DeepSeekV3,torus_mesh_switch_1,L3,4,64,16,1024,5,8,256,2,16,1,4,2,1,2,8,1,8,1,1,1,1,replace_only,109713.321711225,175562.434371586,109713.321711225,0
prefill_0459,prefill,DeepSeekV3,torus_mesh_switch_1,L3,4,64,64,8192,5,8,256,2,8,8,1,2,1,2,8,1,8,1,1,1,1,replace_only,69082.154791742,112550.368717975,69082.154791742,0
prefill_0460,prefill,DeepSeekV3,torus_mesh_switch_1,L3,4,256,256,1024,5,8,256,1,32,8,1,1,1,1,16,2,8,1,1,1,1,replace_only,123260.461072811,199369.196921745,123216.22335513,0.000359025106238
prefill_0461,prefill,DeepSeekV3,torus_mesh_switch_1,L3,4,256,256,8192,5,8,256,1,16,16,1,1,1,1,16,2,8,1,1,1,1,replace_only,70910.4217652136,114311.911380667,70910.4217652136,0
prefill_0462,prefill,DeepSeekV3,torus_mesh_switch_1,L3,4,1024,1024,1024,5,8,256,1,16,16,1,1,1,2,8,2,8,1,1,1,1,replace_only,125332.148080531,207509.023774149,125332.148080531,0
