terrain_reference_id,dram_total_layers,dram_active_layers,bs,temperature_C,raw_stps
terrain-000001,2,2,4,41.745,1.19389
terrain-000002,2,2,4,41.796,1.22803
terrain-000003,2,2,4,54.722,110.748
terrain-000004,2,2,4,41.793,2.65121
terrain-000005,2,2,4,41.846,2.66504
terrain-000006,2,2,4,41.763,1.68906
terrain-000007,2,2,4,41.814,1.72373
terrain-000008,2,2,4,54.568,112.707
terrain-000009,2,2,4,41.746,2.63487
terrain-000010,2,2,4,41.801,2.6466
terrain-000011,2,2,4,41.778,2.13103
terrain-000012,2,2,4,41.83,2.15965
terrain-000013,2,2,4,54.192,111.201
terrain-000014,2,2,4,41.868,3.19032
terrain-000015,2,2,4,41.923,3.16151
terrain-000016,2,2,4,41.788,2.45161
terrain-000017,2,2,4,41.84,2.47211
terrain-000018,2,2,1024,42.85,65.6106
terrain-000019,2,2,1024,62.759,771.534
terrain-000020,2,2,1024,42.907,66.0043
terrain-000021,2,2,1024,43.552,88.6781
terrain-000022,2,2,1024,62.418,790.995
terrain-000023,2,2,1024,42.806,63.4765
terrain-000024,2,2,1024,61.808,752.85
terrain-000025,2,2,1024,41.797,119.553
terrain-000026,2,2,1024,41.879,152.023
terrain-000027,2,2,1024,41.701,114.498
terrain-000028,2,2,1024,41.747,118.268
terrain-000029,2,2,1024,42.137,55.7269
terrain-000030,2,2,1024,42.479,80.3129
terrain-000031,2,2,1024,65.013,1474.41
terrain-000032,2,2,1024,42.086,57.4531
terrain-000033,2,2,1024,64.402,1346.65
terrain-000034,2,2,1024,42.085,55.446
terrain-000035,2,2,1024,66.199,1408.24
terrain-000036,2,2,1024,41.713,171.127
terrain-000037,2,2,1024,41.758,176.629
terrain-000038,2,2,1024,41.808,179.511
terrain-000039,2,2,1024,59.663,2619.53
terrain-000040,2,2,1024,41.849,66.9889
terrain-000041,2,2,1024,58.73,1535.88
terrain-000042,2,2,1024,41.894,69.2378
terrain-000043,2,2,1024,60.684,1615.59
terrain-000044,2,2,1024,41.881,59.7119
terrain-000045,2,2,1024,42.042,82.2532
terrain-000046,2,2,1024,41.783,245.974
terrain-000047,2,2,1024,41.784,85.8459
terrain-000048,2,2,1024,57.667,1985.03
terrain-000049,2,2,1024,41.834,86.5212
terrain-000050,2,2,1024,41.891,101.955
terrain-000051,2,2,1024,41.739,86.0263
terrain-000052,2,2,1024,42.523,85.37
terrain-000053,2,2,1024,64.438,1550.61
terrain-000054,2,2,1024,42.114,60.8924
terrain-000055,2,2,1024,65.223,1463.86
terrain-000056,2,2,1024,42.109,58.5503
terrain-000057,2,2,1024,66.843,1499.76
terrain-000058,2,2,1024,41.866,71.7116
terrain-000059,2,2,1024,59.109,1690.24
terrain-000060,2,2,1024,41.911,74.147
terrain-000061,2,2,1024,61.016,1737.21
terrain-000062,2,2,1024,42.059,87.5657
terrain-000063,2,2,1024,41.796,93.5233
terrain-000064,2,2,1024,57.798,2171.85
terrain-000065,2,2,1024,41.9,110.245
terrain-000066,2,2,1024,41.752,93.9739
terrain-000067,2,2,1024,41.713,129.02
terrain-000068,2,2,1024,41.759,133.348
terrain-000069,2,2,4,41.745,1.19389
terrain-000070,2,2,4,41.796,1.22803
terrain-000071,2,2,4,54.789,111.228
terrain-000072,2,2,4,41.793,2.65148
terrain-000073,2,2,4,41.847,2.66531
terrain-000074,2,2,4,41.763,1.68907
terrain-000075,2,2,4,41.814,1.72374
terrain-000076,2,2,4,54.635,113.203
terrain-000077,2,2,4,41.746,2.63513
terrain-000078,2,2,4,41.801,2.64686
terrain-000079,2,2,4,41.778,2.13106
terrain-000080,2,2,4,41.83,2.15968
terrain-000081,2,2,4,54.257,111.684
terrain-000082,2,2,4,41.868,3.19071
terrain-000083,2,2,4,41.923,3.16188
terrain-000084,2,2,4,41.788,2.4518
terrain-000085,2,2,4,41.84,2.4723
terrain-000086,2,2,1024,42.85,65.6109
terrain-000087,2,2,1024,62.761,771.584
terrain-000088,2,2,1024,42.907,66.0046
terrain-000089,2,2,1024,43.552,88.6788
terrain-000090,2,2,1024,62.419,791.048
terrain-000091,2,2,1024,42.806,63.4769
terrain-000092,2,2,1024,61.809,752.898
terrain-000093,2,2,1024,41.797,119.554
terrain-000094,2,2,1024,41.879,152.025
terrain-000095,2,2,1024,41.701,114.499
terrain-000096,2,2,1024,41.747,118.269
terrain-000097,2,2,1024,42.137,55.7271
terrain-000098,2,2,1024,42.479,80.3134
terrain-000099,2,2,1024,65.016,1474.59
terrain-000100,2,2,1024,42.086,57.4533
terrain-000101,2,2,1024,64.404,1346.8
terrain-000102,2,2,1024,42.085,55.4462
terrain-000103,2,2,1024,66.202,1408.41
terrain-000104,2,2,1024,41.713,171.129
terrain-000105,2,2,1024,41.758,176.631
terrain-000106,2,2,1024,41.809,179.514
terrain-000107,2,2,1024,59.667,2620.1
terrain-000108,2,2,1024,41.849,66.9892
terrain-000109,2,2,1024,58.732,1536.08
terrain-000110,2,2,1024,41.894,69.2382
terrain-000111,2,2,1024,60.687,1615.81
terrain-000112,2,2,1024,41.881,59.7121
terrain-000113,2,2,1024,42.042,82.2537
terrain-000114,2,2,1024,41.783,245.979
terrain-000115,2,2,1024,41.784,85.8465
terrain-000116,2,2,1024,57.669,1985.36
terrain-000117,2,2,1024,41.834,86.5218
terrain-000118,2,2,1024,41.891,101.956
terrain-000119,2,2,1024,41.739,86.0269
terrain-000120,2,2,1024,42.523,85.3708
terrain-000121,2,2,1024,64.442,1550.87
terrain-000122,2,2,1024,42.114,60.8928
terrain-000123,2,2,1024,65.227,1464.09
terrain-000124,2,2,1024,42.109,58.5507
terrain-000125,2,2,1024,66.848,1500
terrain-000126,2,2,1024,41.866,71.7121
terrain-000127,2,2,1024,59.113,1690.54
terrain-000128,2,2,1024,41.911,74.1475
terrain-000129,2,2,1024,61.019,1737.53
terrain-000130,2,2,1024,42.059,87.5665
terrain-000131,2,2,1024,41.796,93.5241
terrain-000132,2,2,1024,57.802,2172.35
terrain-000133,2,2,1024,41.9,110.247
terrain-000134,2,2,1024,41.752,93.9748
terrain-000135,2,2,1024,41.713,129.022
terrain-000136,2,2,1024,41.759,133.35
terrain-000137,2,2,4,41.746,1.19548
terrain-000138,2,2,4,41.798,1.22968
terrain-000139,2,2,4,53.633,102.119
terrain-000140,2,2,4,41.794,2.65309
terrain-000141,2,2,4,41.847,2.66689
terrain-000142,2,2,4,41.764,1.69125
terrain-000143,2,2,4,41.816,1.72598
terrain-000144,2,2,4,53.433,103.451
terrain-000145,2,2,4,41.747,2.63636
terrain-000146,2,2,4,41.802,2.6481
terrain-000147,2,2,4,41.779,2.13288
terrain-000148,2,2,4,41.831,2.16153
terrain-000149,2,2,4,53.096,102.129
terrain-000150,2,2,4,41.869,3.19242
terrain-000151,2,2,4,41.924,3.16354
terrain-000152,2,2,4,41.789,2.45344
terrain-000153,2,2,4,41.841,2.47395
terrain-000154,2,2,1024,42.851,65.6115
terrain-000155,2,2,1024,62.869,775.354
terrain-000156,2,2,1024,42.907,66.0052
terrain-000157,2,2,1024,43.552,88.6798
terrain-000158,2,2,1024,62.459,792.449
terrain-000159,2,2,1024,42.806,63.4774
terrain-000160,2,2,1024,61.91,756.487
terrain-000161,2,2,1024,41.799,119.556
terrain-000162,2,2,1024,41.88,152.027
terrain-000163,2,2,1024,41.703,114.5
terrain-000164,2,2,1024,41.749,118.27
terrain-000165,2,2,1024,42.137,55.7275
terrain-000166,2,2,1024,42.479,80.3143
terrain-000167,2,2,1024,64.923,1468.86
terrain-000168,2,2,1024,42.086,57.4537
terrain-000169,2,2,1024,64.452,1349.5
terrain-000170,2,2,1024,42.085,55.4466
terrain-000171,2,2,1024,66.243,1410.03
terrain-000172,2,2,1024,41.715,171.133
terrain-000173,2,2,1024,41.76,176.635
terrain-000174,2,2,1024,41.811,179.518
terrain-000175,2,2,1024,59.56,2605.13
terrain-000176,2,2,1024,41.85,66.9898
terrain-000177,2,2,1024,58.737,1536.4
terrain-000178,2,2,1024,41.895,69.2388
terrain-000179,2,2,1024,60.692,1616.16
terrain-000180,2,2,1024,41.881,59.7126
terrain-000181,2,2,1024,42.042,82.2546
terrain-000182,2,2,1024,41.786,245.986
terrain-000183,2,2,1024,41.785,85.8474
terrain-000184,2,2,1024,57.679,1985.88
terrain-000185,2,2,1024,41.835,86.5227
terrain-000186,2,2,1024,41.891,101.957
terrain-000187,2,2,1024,41.74,86.0278
terrain-000188,2,2,1024,42.524,85.373
terrain-000189,2,2,1024,64.459,1551.84
terrain-000190,2,2,1024,42.115,60.8939
terrain-000191,2,2,1024,65.288,1467.67
terrain-000192,2,2,1024,42.109,58.5517
terrain-000193,2,2,1024,66.899,1502.24
terrain-000194,2,2,1024,41.867,71.7137
terrain-000195,2,2,1024,59.125,1691.43
terrain-000196,2,2,1024,41.912,74.1491
terrain-000197,2,2,1024,61.033,1738.47
terrain-000198,2,2,1024,42.059,87.5689
terrain-000199,2,2,1024,41.797,93.5267
terrain-000200,2,2,1024,57.819,2173.81
terrain-000201,2,2,1024,41.9,110.25
terrain-000202,2,2,1024,41.752,93.9774
terrain-000203,2,2,1024,41.716,129.027
terrain-000204,2,2,1024,41.761,133.355
terrain-000205,2,2,4,41.747,1.19524
terrain-000206,2,2,4,41.798,1.22945
terrain-000207,2,2,4,53.831,103.424
terrain-000208,2,2,4,41.794,2.65106
terrain-000209,2,2,4,41.848,2.6649
terrain-000210,2,2,4,41.764,1.69057
terrain-000211,2,2,4,41.816,1.7253
terrain-000212,2,2,4,53.645,104.865
terrain-000213,2,2,4,41.748,2.63452
terrain-000214,2,2,4,41.802,2.6463
terrain-000215,2,2,4,41.78,2.13185
terrain-000216,2,2,4,41.831,2.16053
terrain-000217,2,2,4,53.384,104.227
terrain-000218,2,2,4,41.87,3.19024
terrain-000219,2,2,4,41.924,3.16146
terrain-000220,2,2,4,41.789,2.45253
terrain-000221,2,2,4,41.842,2.47303
terrain-000222,2,2,1024,42.851,65.613
terrain-000223,2,2,1024,62.877,775.63
terrain-000224,2,2,1024,42.907,66.0067
terrain-000225,2,2,1024,43.552,88.6829
terrain-000226,2,2,1024,62.526,794.921
terrain-000227,2,2,1024,42.806,63.4789
terrain-000228,2,2,1024,61.917,756.75
terrain-000229,2,2,1024,41.797,119.561
terrain-000230,2,2,1024,41.879,152.037
terrain-000231,2,2,1024,41.701,114.505
terrain-000232,2,2,1024,41.747,118.276
terrain-000233,2,2,1024,42.137,55.7286
terrain-000234,2,2,1024,42.479,80.3167
terrain-000235,2,2,1024,65.071,1477.87
terrain-000236,2,2,1024,42.086,57.455
terrain-000237,2,2,1024,64.483,1351.21
terrain-000238,2,2,1024,42.085,55.4478
terrain-000239,2,2,1024,66.291,1413.24
terrain-000240,2,2,1024,41.714,171.145
terrain-000241,2,2,1024,41.759,176.648
terrain-000242,2,2,1024,41.809,179.531
terrain-000243,2,2,1024,59.778,2635.1
terrain-000244,2,2,1024,41.849,66.9915
terrain-000245,2,2,1024,58.746,1537.3
terrain-000246,2,2,1024,41.894,69.2406
terrain-000247,2,2,1024,60.703,1617.16
terrain-000248,2,2,1024,41.881,59.7139
terrain-000249,2,2,1024,42.042,82.2572
terrain-000250,2,2,1024,41.784,246.017
terrain-000251,2,2,1024,41.784,85.8501
terrain-000252,2,2,1024,57.686,1987.4
terrain-000253,2,2,1024,41.834,86.5254
terrain-000254,2,2,1024,41.891,101.961
terrain-000255,2,2,1024,41.739,86.0306
terrain-000256,2,2,1024,42.523,85.3771
terrain-000257,2,2,1024,64.504,1554.74
terrain-000258,2,2,1024,42.114,60.8959
terrain-000259,2,2,1024,65.329,1470.04
terrain-000260,2,2,1024,42.109,58.5535
terrain-000261,2,2,1024,66.959,1506.27
terrain-000262,2,2,1024,41.866,71.7165
terrain-000263,2,2,1024,59.14,1693.01
terrain-000264,2,2,1024,41.911,74.1521
terrain-000265,2,2,1024,61.05,1740.14
terrain-000266,2,2,1024,42.059,87.5731
terrain-000267,2,2,1024,41.796,93.5313
terrain-000268,2,2,1024,57.834,2176.43
terrain-000269,2,2,1024,41.9,110.257
terrain-000270,2,2,1024,41.752,93.9823
terrain-000271,2,2,1024,41.713,129.036
terrain-000272,2,2,1024,41.759,133.365
terrain-000273,2,2,4,41.746,1.19547
terrain-000274,2,2,4,41.798,1.22968
terrain-000275,2,2,4,53.567,101.649
terrain-000276,2,2,4,41.794,2.65278
terrain-000277,2,2,4,41.847,2.66659
terrain-000278,2,2,4,41.764,1.69122
terrain-000279,2,2,4,41.816,1.72595
terrain-000280,2,2,4,53.358,102.9
terrain-000281,2,2,4,41.747,2.63602
terrain-000282,2,2,4,41.802,2.64775
terrain-000283,2,2,4,41.779,2.13285
terrain-000284,2,2,4,41.831,2.1615
terrain-000285,2,2,4,53.019,101.559
terrain-000286,2,2,4,41.869,3.19187
terrain-000287,2,2,4,41.924,3.16302
terrain-000288,2,2,4,41.789,2.45325
terrain-000289,2,2,4,41.841,2.47376
terrain-000290,2,2,1024,42.851,65.611
terrain-000291,2,2,1024,62.867,775.288
terrain-000292,2,2,1024,42.907,66.0047
terrain-000293,2,2,1024,43.552,88.679
terrain-000294,2,2,1024,62.457,792.381
terrain-000295,2,2,1024,42.806,63.477
terrain-000296,2,2,1024,61.908,756.425
terrain-000297,2,2,1024,41.799,119.554
terrain-000298,2,2,1024,41.88,152.025
terrain-000299,2,2,1024,41.703,114.499
terrain-000300,2,2,1024,41.748,118.269
terrain-000301,2,2,1024,42.137,55.7272
terrain-000302,2,2,1024,42.479,80.3136
terrain-000303,2,2,1024,64.919,1468.63
terrain-000304,2,2,1024,42.086,57.4534
terrain-000305,2,2,1024,64.449,1349.31
terrain-000306,2,2,1024,42.085,55.4463
terrain-000307,2,2,1024,66.239,1409.81
terrain-000308,2,2,1024,41.715,171.13
terrain-000309,2,2,1024,41.76,176.632
terrain-000310,2,2,1024,41.811,179.515
terrain-000311,2,2,1024,59.555,2604.37
terrain-000312,2,2,1024,41.85,66.9893
terrain-000313,2,2,1024,58.734,1536.14
terrain-000314,2,2,1024,41.895,69.2383
terrain-000315,2,2,1024,60.689,1615.87
terrain-000316,2,2,1024,41.881,59.7122
terrain-000317,2,2,1024,42.042,82.2539
terrain-000318,2,2,1024,41.786,245.98
terrain-000319,2,2,1024,41.785,85.8467
terrain-000320,2,2,1024,57.675,1985.45
terrain-000321,2,2,1024,41.835,86.5219
terrain-000322,2,2,1024,41.891,101.956
terrain-000323,2,2,1024,41.74,86.027
terrain-000324,2,2,1024,42.524,85.3716
terrain-000325,2,2,1024,64.45,1551.3
terrain-000326,2,2,1024,42.115,60.8932
terrain-000327,2,2,1024,65.281,1467.23
terrain-000328,2,2,1024,42.109,58.551
terrain-000329,2,2,1024,66.891,1501.78
terrain-000330,2,2,1024,41.867,71.7127
terrain-000331,2,2,1024,59.118,1690.86
terrain-000332,2,2,1024,41.912,74.1481
terrain-000333,2,2,1024,61.025,1737.86
terrain-000334,2,2,1024,42.059,87.5673
terrain-000335,2,2,1024,41.797,93.525
terrain-000336,2,2,1024,57.812,2172.85
terrain-000337,2,2,1024,41.9,110.248
terrain-000338,2,2,1024,41.752,93.9757
terrain-000339,2,2,1024,41.716,129.024
terrain-000340,2,2,1024,41.761,133.352
terrain-000341,2,2,4,41.746,1.19548
terrain-000342,2,2,4,41.798,1.22968
terrain-000343,2,2,4,53.623,102.053
terrain-000344,2,2,4,41.794,2.65305
terrain-000345,2,2,4,41.847,2.66685
terrain-000346,2,2,4,41.764,1.69125
terrain-000347,2,2,4,41.816,1.72598
terrain-000348,2,2,4,53.415,103.315
terrain-000349,2,2,4,41.747,2.63628
terrain-000350,2,2,4,41.802,2.64801
terrain-000351,2,2,4,41.779,2.13288
terrain-000352,2,2,4,41.831,2.16153
terrain-000353,2,2,4,53.073,101.962
terrain-000354,2,2,4,41.869,3.19226
terrain-000355,2,2,4,41.924,3.16339
terrain-000356,2,2,4,41.789,2.45344
terrain-000357,2,2,4,41.841,2.47395
terrain-000358,2,2,1024,42.851,65.6115
terrain-000359,2,2,1024,62.869,775.353
terrain-000360,2,2,1024,42.907,66.0051
terrain-000361,2,2,1024,43.552,88.6798
terrain-000362,2,2,1024,62.459,792.448
terrain-000363,2,2,1024,42.806,63.4774
terrain-000364,2,2,1024,61.91,756.486
terrain-000365,2,2,1024,41.799,119.556
terrain-000366,2,2,1024,41.88,152.027
terrain-000367,2,2,1024,41.703,114.5
terrain-000368,2,2,1024,41.749,118.27
terrain-000369,2,2,1024,42.137,55.7275
terrain-000370,2,2,1024,42.479,80.3142
terrain-000371,2,2,1024,64.923,1468.86
terrain-000372,2,2,1024,42.086,57.4537
terrain-000373,2,2,1024,64.452,1349.5
terrain-000374,2,2,1024,42.085,55.4466
terrain-000375,2,2,1024,66.242,1410.02
terrain-000376,2,2,1024,41.715,171.133
terrain-000377,2,2,1024,41.76,176.635
terrain-000378,2,2,1024,41.811,179.518
terrain-000379,2,2,1024,59.56,2605.12
terrain-000380,2,2,1024,41.85,66.9898
terrain-000381,2,2,1024,58.737,1536.39
terrain-000382,2,2,1024,41.895,69.2388
terrain-000383,2,2,1024,60.692,1616.15
terrain-000384,2,2,1024,41.881,59.7126
terrain-000385,2,2,1024,42.042,82.2546
terrain-000386,2,2,1024,41.786,245.986
terrain-000387,2,2,1024,41.785,85.8474
terrain-000388,2,2,1024,57.679,1985.87
terrain-000389,2,2,1024,41.835,86.5226
terrain-000390,2,2,1024,41.891,101.957
terrain-000391,2,2,1024,41.74,86.0278
terrain-000392,2,2,1024,42.524,85.373
terrain-000393,2,2,1024,64.459,1551.83
terrain-000394,2,2,1024,42.115,60.8939
terrain-000395,2,2,1024,65.288,1467.66
terrain-000396,2,2,1024,42.109,58.5517
terrain-000397,2,2,1024,66.899,1502.23
terrain-000398,2,2,1024,41.867,71.7137
terrain-000399,2,2,1024,59.125,1691.42
terrain-000400,2,2,1024,41.912,74.1491
terrain-000401,2,2,1024,61.032,1738.46
terrain-000402,2,2,1024,42.059,87.5689
terrain-000403,2,2,1024,41.797,93.5267
terrain-000404,2,2,1024,57.819,2173.79
terrain-000405,2,2,1024,41.9,110.25
terrain-000406,2,2,1024,41.752,93.9774
terrain-000407,2,2,1024,41.716,129.027
terrain-000408,2,2,1024,41.761,133.355
terrain-000409,2,2,4,41.746,1.19548
terrain-000410,2,2,4,41.798,1.22968
terrain-000411,2,2,4,53.633,102.119
terrain-000412,2,2,4,41.794,2.65309
terrain-000413,2,2,4,41.847,2.66689
terrain-000414,2,2,4,41.764,1.69125
terrain-000415,2,2,4,41.816,1.72598
terrain-000416,2,2,4,53.433,103.451
terrain-000417,2,2,4,41.747,2.63636
terrain-000418,2,2,4,41.802,2.6481
terrain-000419,2,2,4,41.779,2.13288
terrain-000420,2,2,4,41.831,2.16153
terrain-000421,2,2,4,53.096,102.129
terrain-000422,2,2,4,41.869,3.19242
terrain-000423,2,2,4,41.924,3.16354
terrain-000424,2,2,4,41.789,2.45344
terrain-000425,2,2,4,41.841,2.47395
terrain-000426,2,2,1024,42.851,65.6115
terrain-000427,2,2,1024,62.869,775.354
terrain-000428,2,2,1024,42.907,66.0052
terrain-000429,2,2,1024,43.552,88.6798
terrain-000430,2,2,1024,62.459,792.449
terrain-000431,2,2,1024,42.806,63.4774
terrain-000432,2,2,1024,61.91,756.487
terrain-000433,2,2,1024,41.799,119.556
terrain-000434,2,2,1024,41.88,152.027
terrain-000435,2,2,1024,41.703,114.5
terrain-000436,2,2,1024,41.749,118.27
terrain-000437,2,2,1024,42.137,55.7275
terrain-000438,2,2,1024,42.479,80.3143
terrain-000439,2,2,1024,64.923,1468.86
terrain-000440,2,2,1024,42.086,57.4537
terrain-000441,2,2,1024,64.452,1349.5
terrain-000442,2,2,1024,42.085,55.4466
terrain-000443,2,2,1024,66.243,1410.02
terrain-000444,2,2,1024,41.715,171.133
terrain-000445,2,2,1024,41.76,176.635
terrain-000446,2,2,1024,41.811,179.518
terrain-000447,2,2,1024,59.56,2605.13
terrain-000448,2,2,1024,41.85,66.9898
terrain-000449,2,2,1024,58.737,1536.4
terrain-000450,2,2,1024,41.895,69.2388
terrain-000451,2,2,1024,60.692,1616.16
terrain-000452,2,2,1024,41.881,59.7126
terrain-000453,2,2,1024,42.042,82.2546
terrain-000454,2,2,1024,41.786,245.986
terrain-000455,2,2,1024,41.785,85.8474
terrain-000456,2,2,1024,57.679,1985.88
terrain-000457,2,2,1024,41.835,86.5227
terrain-000458,2,2,1024,41.891,101.957
terrain-000459,2,2,1024,41.74,86.0278
terrain-000460,2,2,1024,42.524,85.373
terrain-000461,2,2,1024,64.459,1551.84
terrain-000462,2,2,1024,42.115,60.8939
terrain-000463,2,2,1024,65.288,1467.67
terrain-000464,2,2,1024,42.109,58.5517
terrain-000465,2,2,1024,66.899,1502.24
terrain-000466,2,2,1024,41.867,71.7137
terrain-000467,2,2,1024,59.125,1691.43
terrain-000468,2,2,1024,41.912,74.1491
terrain-000469,2,2,1024,61.033,1738.47
terrain-000470,2,2,1024,42.059,87.5689
terrain-000471,2,2,1024,41.797,93.5267
terrain-000472,2,2,1024,57.819,2173.81
terrain-000473,2,2,1024,41.9,110.25
terrain-000474,2,2,1024,41.752,93.9774
terrain-000475,2,2,1024,41.716,129.027
terrain-000476,2,2,1024,41.761,133.355
terrain-000477,2,2,4,41.747,1.19524
terrain-000478,2,2,4,41.798,1.22945
terrain-000479,2,2,4,53.831,103.424
terrain-000480,2,2,4,41.794,2.65106
terrain-000481,2,2,4,41.848,2.6649
terrain-000482,2,2,4,41.764,1.69057
terrain-000483,2,2,4,41.816,1.7253
terrain-000484,2,2,4,53.645,104.865
terrain-000485,2,2,4,41.748,2.63452
terrain-000486,2,2,4,41.802,2.6463
terrain-000487,2,2,4,41.78,2.13185
terrain-000488,2,2,4,41.831,2.16053
terrain-000489,2,2,4,53.384,104.227
terrain-000490,2,2,4,41.87,3.19024
terrain-000491,2,2,4,41.924,3.16146
terrain-000492,2,2,4,41.789,2.45253
terrain-000493,2,2,4,41.842,2.47303
terrain-000494,2,2,1024,42.851,65.613
terrain-000495,2,2,1024,62.877,775.63
terrain-000496,2,2,1024,42.907,66.0067
terrain-000497,2,2,1024,43.552,88.6829
terrain-000498,2,2,1024,62.526,794.921
terrain-000499,2,2,1024,42.806,63.4789
terrain-000500,2,2,1024,61.917,756.75
terrain-000501,2,2,1024,41.797,119.561
terrain-000502,2,2,1024,41.879,152.037
terrain-000503,2,2,1024,41.701,114.505
terrain-000504,2,2,1024,41.747,118.276
terrain-000505,2,2,1024,42.137,55.7286
terrain-000506,2,2,1024,42.479,80.3167
terrain-000507,2,2,1024,65.071,1477.87
terrain-000508,2,2,1024,42.086,57.455
terrain-000509,2,2,1024,64.483,1351.21
terrain-000510,2,2,1024,42.085,55.4478
terrain-000511,2,2,1024,66.291,1413.24
terrain-000512,2,2,1024,41.714,171.145
terrain-000513,2,2,1024,41.759,176.648
terrain-000514,2,2,1024,41.809,179.531
terrain-000515,2,2,1024,59.778,2635.1
terrain-000516,2,2,1024,41.849,66.9915
terrain-000517,2,2,1024,58.746,1537.3
terrain-000518,2,2,1024,41.894,69.2406
terrain-000519,2,2,1024,60.703,1617.16
terrain-000520,2,2,1024,41.881,59.7139
terrain-000521,2,2,1024,42.042,82.2572
terrain-000522,2,2,1024,41.784,246.017
terrain-000523,2,2,1024,41.784,85.8501
terrain-000524,2,2,1024,57.686,1987.4
terrain-000525,2,2,1024,41.834,86.5254
terrain-000526,2,2,1024,41.891,101.961
terrain-000527,2,2,1024,41.739,86.0306
terrain-000528,2,2,1024,42.523,85.3771
terrain-000529,2,2,1024,64.504,1554.74
terrain-000530,2,2,1024,42.114,60.8959
terrain-000531,2,2,1024,65.329,1470.04
terrain-000532,2,2,1024,42.109,58.5535
terrain-000533,2,2,1024,66.959,1506.27
terrain-000534,2,2,1024,41.866,71.7165
terrain-000535,2,2,1024,59.14,1693.01
terrain-000536,2,2,1024,41.911,74.1521
terrain-000537,2,2,1024,61.05,1740.14
terrain-000538,2,2,1024,42.059,87.5731
terrain-000539,2,2,1024,41.796,93.5313
terrain-000540,2,2,1024,57.834,2176.43
terrain-000541,2,2,1024,41.9,110.257
terrain-000542,2,2,1024,41.752,93.9823
terrain-000543,2,2,1024,41.713,129.036
terrain-000544,2,2,1024,41.759,133.365
terrain-000545,2,2,4,41.746,1.19547
terrain-000546,2,2,4,41.798,1.22968
terrain-000547,2,2,4,53.567,101.649
terrain-000548,2,2,4,41.794,2.65278
terrain-000549,2,2,4,41.847,2.66659
terrain-000550,2,2,4,41.764,1.69122
terrain-000551,2,2,4,41.816,1.72595
terrain-000552,2,2,4,53.358,102.9
terrain-000553,2,2,4,41.747,2.63602
terrain-000554,2,2,4,41.802,2.64775
terrain-000555,2,2,4,41.779,2.13285
terrain-000556,2,2,4,41.831,2.1615
terrain-000557,2,2,4,53.019,101.559
terrain-000558,2,2,4,41.869,3.19187
terrain-000559,2,2,4,41.924,3.16302
terrain-000560,2,2,4,41.789,2.45325
terrain-000561,2,2,4,41.841,2.47376
terrain-000562,2,2,1024,42.851,65.611
terrain-000563,2,2,1024,62.867,775.288
terrain-000564,2,2,1024,42.907,66.0047
terrain-000565,2,2,1024,43.552,88.679
terrain-000566,2,2,1024,62.457,792.381
terrain-000567,2,2,1024,42.806,63.477
terrain-000568,2,2,1024,61.908,756.425
terrain-000569,2,2,1024,41.799,119.554
terrain-000570,2,2,1024,41.88,152.025
terrain-000571,2,2,1024,41.703,114.499
terrain-000572,2,2,1024,41.748,118.269
terrain-000573,2,2,1024,42.137,55.7272
terrain-000574,2,2,1024,42.479,80.3136
terrain-000575,2,2,1024,64.919,1468.63
terrain-000576,2,2,1024,42.086,57.4534
terrain-000577,2,2,1024,64.449,1349.31
terrain-000578,2,2,1024,42.085,55.4463
terrain-000579,2,2,1024,66.239,1409.81
terrain-000580,2,2,1024,41.715,171.13
terrain-000581,2,2,1024,41.76,176.632
terrain-000582,2,2,1024,41.811,179.515
terrain-000583,2,2,1024,59.555,2604.37
terrain-000584,2,2,1024,41.85,66.9893
terrain-000585,2,2,1024,58.734,1536.14
terrain-000586,2,2,1024,41.895,69.2383
terrain-000587,2,2,1024,60.689,1615.87
terrain-000588,2,2,1024,41.881,59.7122
terrain-000589,2,2,1024,42.042,82.2539
terrain-000590,2,2,1024,41.786,245.98
terrain-000591,2,2,1024,41.785,85.8467
terrain-000592,2,2,1024,57.675,1985.45
terrain-000593,2,2,1024,41.835,86.5219
terrain-000594,2,2,1024,41.891,101.956
terrain-000595,2,2,1024,41.74,86.027
terrain-000596,2,2,1024,42.524,85.3716
terrain-000597,2,2,1024,64.45,1551.3
terrain-000598,2,2,1024,42.115,60.8932
terrain-000599,2,2,1024,65.281,1467.23
terrain-000600,2,2,1024,42.109,58.551
terrain-000601,2,2,1024,66.891,1501.78
terrain-000602,2,2,1024,41.867,71.7127
terrain-000603,2,2,1024,59.118,1690.86
terrain-000604,2,2,1024,41.912,74.1481
terrain-000605,2,2,1024,61.025,1737.86
terrain-000606,2,2,1024,42.059,87.5673
terrain-000607,2,2,1024,41.797,93.525
terrain-000608,2,2,1024,57.812,2172.85
terrain-000609,2,2,1024,41.9,110.248
terrain-000610,2,2,1024,41.752,93.9757
terrain-000611,2,2,1024,41.716,129.024
terrain-000612,2,2,1024,41.761,133.352
terrain-000613,2,2,4,41.747,1.19524
terrain-000614,2,2,4,41.798,1.22945
terrain-000615,2,2,4,53.821,103.357
terrain-000616,2,2,4,41.794,2.65102
terrain-000617,2,2,4,41.848,2.66486
terrain-000618,2,2,4,41.764,1.69057
terrain-000619,2,2,4,41.816,1.7253
terrain-000620,2,2,4,53.626,104.725
terrain-000621,2,2,4,41.748,2.63443
terrain-000622,2,2,4,41.802,2.64621
terrain-000623,2,2,4,41.78,2.13185
terrain-000624,2,2,4,41.831,2.16053
terrain-000625,2,2,4,53.361,104.054
terrain-000626,2,2,4,41.87,3.19009
terrain-000627,2,2,4,41.924,3.1613
terrain-000628,2,2,4,41.789,2.45253
terrain-000629,2,2,4,41.842,2.47303
terrain-000630,2,2,1024,42.851,65.613
terrain-000631,2,2,1024,62.877,775.629
terrain-000632,2,2,1024,42.907,66.0067
terrain-000633,2,2,1024,43.552,88.6829
terrain-000634,2,2,1024,62.526,794.92
terrain-000635,2,2,1024,42.806,63.4789
terrain-000636,2,2,1024,61.917,756.749
terrain-000637,2,2,1024,41.797,119.561
terrain-000638,2,2,1024,41.879,152.037
terrain-000639,2,2,1024,41.701,114.505
terrain-000640,2,2,1024,41.747,118.275
terrain-000641,2,2,1024,42.137,55.7286
terrain-000642,2,2,1024,42.479,80.3167
terrain-000643,2,2,1024,65.071,1477.86
terrain-000644,2,2,1024,42.086,57.455
terrain-000645,2,2,1024,64.483,1351.21
terrain-000646,2,2,1024,42.085,55.4477
terrain-000647,2,2,1024,66.291,1413.23
terrain-000648,2,2,1024,41.714,171.145
terrain-000649,2,2,1024,41.759,176.648
terrain-000650,2,2,1024,41.809,179.531
terrain-000651,2,2,1024,59.777,2635.09
terrain-000652,2,2,1024,41.849,66.9915
terrain-000653,2,2,1024,58.746,1537.3
terrain-000654,2,2,1024,41.894,69.2405
terrain-000655,2,2,1024,60.703,1617.16
terrain-000656,2,2,1024,41.881,59.7138
terrain-000657,2,2,1024,42.042,82.2572
terrain-000658,2,2,1024,41.784,246.017
terrain-000659,2,2,1024,41.784,85.8501
terrain-000660,2,2,1024,57.686,1987.4
terrain-000661,2,2,1024,41.834,86.5254
terrain-000662,2,2,1024,41.891,101.961
terrain-000663,2,2,1024,41.739,86.0306
terrain-000664,2,2,1024,42.523,85.3771
terrain-000665,2,2,1024,64.504,1554.74
terrain-000666,2,2,1024,42.114,60.8959
terrain-000667,2,2,1024,65.329,1470.04
terrain-000668,2,2,1024,42.109,58.5535
terrain-000669,2,2,1024,66.959,1506.26
terrain-000670,2,2,1024,41.866,71.7165
terrain-000671,2,2,1024,59.14,1693
terrain-000672,2,2,1024,41.911,74.1521
terrain-000673,2,2,1024,61.05,1740.13
terrain-000674,2,2,1024,42.059,87.5731
terrain-000675,2,2,1024,41.796,93.5313
terrain-000676,2,2,1024,57.834,2176.42
terrain-000677,2,2,1024,41.9,110.257
terrain-000678,2,2,1024,41.752,93.9823
terrain-000679,2,2,1024,41.713,129.036
terrain-000680,2,2,1024,41.759,133.365
terrain-000681,2,2,4,41.747,1.19524
terrain-000682,2,2,4,41.798,1.22945
terrain-000683,2,2,4,53.831,103.424
terrain-000684,2,2,4,41.794,2.65106
terrain-000685,2,2,4,41.848,2.6649
terrain-000686,2,2,4,41.764,1.69057
terrain-000687,2,2,4,41.816,1.7253
terrain-000688,2,2,4,53.645,104.865
terrain-000689,2,2,4,41.748,2.63452
terrain-000690,2,2,4,41.802,2.6463
terrain-000691,2,2,4,41.78,2.13185
terrain-000692,2,2,4,41.831,2.16053
terrain-000693,2,2,4,53.384,104.227
terrain-000694,2,2,4,41.87,3.19024
terrain-000695,2,2,4,41.924,3.16146
terrain-000696,2,2,4,41.789,2.45253
terrain-000697,2,2,4,41.842,2.47303
terrain-000698,2,2,1024,42.851,65.613
terrain-000699,2,2,1024,62.877,775.63
terrain-000700,2,2,1024,42.907,66.0067
terrain-000701,2,2,1024,43.552,88.6829
terrain-000702,2,2,1024,62.526,794.921
terrain-000703,2,2,1024,42.806,63.4789
terrain-000704,2,2,1024,61.917,756.75
terrain-000705,2,2,1024,41.797,119.561
terrain-000706,2,2,1024,41.879,152.037
terrain-000707,2,2,1024,41.701,114.505
terrain-000708,2,2,1024,41.747,118.276
terrain-000709,2,2,1024,42.137,55.7286
terrain-000710,2,2,1024,42.479,80.3167
terrain-000711,2,2,1024,65.071,1477.87
terrain-000712,2,2,1024,42.086,57.455
terrain-000713,2,2,1024,64.483,1351.21
terrain-000714,2,2,1024,42.085,55.4478
terrain-000715,2,2,1024,66.291,1413.24
terrain-000716,2,2,1024,41.714,171.145
terrain-000717,2,2,1024,41.759,176.648
terrain-000718,2,2,1024,41.809,179.531
terrain-000719,2,2,1024,59.778,2635.1
terrain-000720,2,2,1024,41.849,66.9915
terrain-000721,2,2,1024,58.746,1537.3
terrain-000722,2,2,1024,41.894,69.2406
terrain-000723,2,2,1024,60.703,1617.16
terrain-000724,2,2,1024,41.881,59.7139
terrain-000725,2,2,1024,42.042,82.2572
terrain-000726,2,2,1024,41.784,246.017
terrain-000727,2,2,1024,41.784,85.8501
terrain-000728,2,2,1024,57.686,1987.4
terrain-000729,2,2,1024,41.834,86.5254
terrain-000730,2,2,1024,41.891,101.961
terrain-000731,2,2,1024,41.739,86.0306
terrain-000732,2,2,1024,42.523,85.3771
terrain-000733,2,2,1024,64.504,1554.74
terrain-000734,2,2,1024,42.114,60.8959
terrain-000735,2,2,1024,65.329,1470.04
terrain-000736,2,2,1024,42.109,58.5535
terrain-000737,2,2,1024,66.959,1506.27
terrain-000738,2,2,1024,41.866,71.7165
terrain-000739,2,2,1024,59.14,1693.01
terrain-000740,2,2,1024,41.911,74.1521
terrain-000741,2,2,1024,61.05,1740.14
terrain-000742,2,2,1024,42.059,87.5731
terrain-000743,2,2,1024,41.796,93.5313
terrain-000744,2,2,1024,57.834,2176.43
terrain-000745,2,2,1024,41.9,110.257
terrain-000746,2,2,1024,41.752,93.9823
terrain-000747,2,2,1024,41.713,129.036
terrain-000748,2,2,1024,41.759,133.365
terrain-000749,2,2,4,41.746,1.1957
terrain-000750,2,2,4,41.797,1.22993
terrain-000751,2,2,4,54.87,111.948
terrain-000752,2,2,4,41.794,2.65331
terrain-000753,2,2,4,41.848,2.66719
terrain-000754,2,2,4,41.764,1.69134
terrain-000755,2,2,4,41.815,1.72609
terrain-000756,2,2,4,54.692,113.728
terrain-000757,2,2,4,41.747,2.63685
terrain-000758,2,2,4,41.802,2.64864
terrain-000759,2,2,4,41.78,2.13372
terrain-000760,2,2,4,41.831,2.16243
terrain-000761,2,2,4,54.422,113.153
terrain-000762,2,2,4,41.87,3.19391
terrain-000763,2,2,4,41.924,3.16502
terrain-000764,2,2,4,41.789,2.45449
terrain-000765,2,2,4,41.842,2.47501
terrain-000766,2,2,1024,42.854,65.6055
terrain-000767,2,2,1024,62.842,772.913
terrain-000768,2,2,1024,42.91,65.9992
terrain-000769,2,2,1024,43.557,88.6685
terrain-000770,2,2,1024,62.492,792.061
terrain-000771,2,2,1024,42.81,63.4716
terrain-000772,2,2,1024,61.887,754.164
terrain-000773,2,2,1024,41.798,119.536
terrain-000774,2,2,1024,41.88,151.995
terrain-000775,2,2,1024,41.703,114.482
terrain-000776,2,2,1024,41.748,118.251
terrain-000777,2,2,1024,42.138,55.7233
terrain-000778,2,2,1024,42.481,80.305
terrain-000779,2,2,1024,65.118,1478.76
terrain-000780,2,2,1024,42.087,57.449
terrain-000781,2,2,1024,64.491,1349.92
terrain-000782,2,2,1024,42.086,55.4424
terrain-000783,2,2,1024,66.295,1411.37
terrain-000784,2,2,1024,41.714,171.096
terrain-000785,2,2,1024,41.759,176.597
terrain-000786,2,2,1024,41.809,179.479
terrain-000787,2,2,1024,59.835,2640.33
terrain-000788,2,2,1024,41.85,66.9834
terrain-000789,2,2,1024,58.71,1533.01
terrain-000790,2,2,1024,41.895,69.2322
terrain-000791,2,2,1024,60.658,1612.41
terrain-000792,2,2,1024,41.881,59.7077
terrain-000793,2,2,1024,42.043,82.2449
terrain-000794,2,2,1024,41.784,245.923
terrain-000795,2,2,1024,41.785,85.8372
terrain-000796,2,2,1024,57.633,1980.24
terrain-000797,2,2,1024,41.835,86.5125
terrain-000798,2,2,1024,41.891,101.942
terrain-000799,2,2,1024,41.74,86.0172
terrain-000800,2,2,1024,42.526,85.3694
terrain-000801,2,2,1024,64.597,1558.41
terrain-000802,2,2,1024,42.116,60.8921
terrain-000803,2,2,1024,65.367,1470.18
terrain-000804,2,2,1024,42.111,58.5501
terrain-000805,2,2,1024,66.996,1505.88
terrain-000806,2,2,1024,41.867,71.7111
terrain-000807,2,2,1024,59.125,1689.99
terrain-000808,2,2,1024,41.912,74.1465
terrain-000809,2,2,1024,61.031,1736.94
terrain-000810,2,2,1024,42.06,87.565
terrain-000811,2,2,1024,41.797,93.5225
terrain-000812,2,2,1024,57.807,2171.44
terrain-000813,2,2,1024,41.901,110.244
terrain-000814,2,2,1024,41.752,93.9731
terrain-000815,2,2,1024,41.715,129.019
terrain-000816,2,2,1024,41.76,133.347
terrain-000817,3,3,4,41.865,1.22993
terrain-000818,3,3,4,41.955,1.19601
terrain-000819,3,3,4,42.01,1.23024
terrain-000820,3,3,4,41.863,1.19574
terrain-000821,3,3,4,41.915,1.22996
terrain-000822,3,3,4,53.61,162.905
terrain-000823,3,3,4,41.896,3.14536
terrain-000824,3,3,4,42.049,2.50346
terrain-000825,3,3,4,56.039,118.361
terrain-000826,3,3,4,41.912,2.65416
terrain-000827,3,3,4,41.967,2.66797
terrain-000828,3,3,4,54.294,161.762
terrain-000829,3,3,4,41.858,2.66784
terrain-000830,3,3,4,42.013,1.69203
terrain-000831,3,3,4,57.25,92.0486
terrain-000832,3,3,4,41.882,1.69171
terrain-000833,3,3,4,41.934,1.72645
terrain-000834,3,3,4,41.863,1.72639
terrain-000835,3,3,4,55.755,119.521
terrain-000836,3,3,4,41.865,2.63738
terrain-000837,3,3,4,41.92,2.64912
terrain-000838,3,3,4,53.894,163.882
terrain-000839,3,3,4,41.812,2.64899
terrain-000840,3,3,4,56.598,105.213
terrain-000841,3,3,4,41.897,2.13377
terrain-000842,3,3,4,41.95,2.16244
terrain-000843,3,3,4,55.259,138.73
terrain-000844,3,3,4,41.861,2.16235
terrain-000845,3,3,4,42.063,2.13413
terrain-000846,3,3,4,55.315,117.637
terrain-000847,3,3,4,41.989,3.194
terrain-000848,3,3,4,42.045,3.16509
terrain-000849,3,3,4,53.35,160.464
terrain-000850,3,3,4,41.915,3.1649
terrain-000851,3,3,4,54.598,152.752
terrain-000852,3,3,4,41.859,2.47487
terrain-000853,3,3,4,42.099,2.45495
terrain-000854,3,3,4,56.197,113.338
terrain-000855,3,3,4,41.907,2.45447
terrain-000856,3,3,4,41.96,2.47499
terrain-000857,3,3,1024,42.987,65.6121
terrain-000858,3,3,1024,67.12,904.892
terrain-000859,3,3,1024,43.045,66.0058
terrain-000860,3,3,1024,43.702,88.681
terrain-000861,3,3,1024,66.868,933.265
terrain-000862,3,3,1024,42.942,63.478
terrain-000863,3,3,1024,65.88,879.3
terrain-000864,3,3,1024,42.47,38.5669
terrain-000865,3,3,1024,42.369,37.1692
terrain-000866,3,3,1024,42.416,38.4321
terrain-000867,3,3,1024,41.973,314.805
terrain-000868,3,3,1024,62.08,8136.74
terrain-000869,3,3,1024,41.916,119.557
terrain-000870,3,3,1024,41.999,152.03
terrain-000871,3,3,1024,41.819,114.502
terrain-000872,3,3,1024,41.865,118.272
terrain-000873,3,3,1024,41.887,112.924
terrain-000874,3,3,1024,42.261,55.7279
terrain-000875,3,3,1024,42.61,80.3151
terrain-000876,3,3,1024,69.63,1717.38
terrain-000877,3,3,1024,42.209,57.4542
terrain-000878,3,3,1024,66.629,1440.95
terrain-000879,3,3,1024,42.209,55.447
terrain-000880,3,3,1024,69.93,1579.61
terrain-000881,3,3,1024,42.023,40.9395
terrain-000882,3,3,1024,42.026,38.4322
terrain-000883,3,3,1024,42.081,38.567
terrain-000884,3,3,1024,60.63,10758
terrain-000885,3,3,1024,41.831,171.136
terrain-000886,3,3,1024,41.877,176.638
terrain-000887,3,3,1024,41.928,179.521
terrain-000888,3,3,1024,63.398,3063.08
terrain-000889,3,3,1024,41.969,66.9904
terrain-000890,3,3,1024,59.189,1536.7
terrain-000891,3,3,1024,42.015,69.2394
terrain-000892,3,3,1024,61.181,1616.49
terrain-000893,3,3,1024,42.001,59.713
terrain-000894,3,3,1024,42.165,82.2555
terrain-000895,3,3,1024,41.908,48.9442
terrain-000896,3,3,1024,41.959,49.163
terrain-000897,3,3,1024,41.908,56.1189
terrain-000898,3,3,1024,41.903,245.993
terrain-000899,3,3,1024,41.957,251.619
terrain-000900,3,3,1024,63.007,5308.68
terrain-000901,3,3,1024,41.902,85.8483
terrain-000902,3,3,1024,58.105,1986.37
terrain-000903,3,3,1024,41.953,86.5235
terrain-000904,3,3,1024,42.012,101.958
terrain-000905,3,3,1024,41.857,86.0287
terrain-000906,3,3,1024,41.803,65.1818
terrain-000907,3,3,1024,41.851,67.3717
terrain-000908,3,3,1024,42.285,58.7117
terrain-000909,3,3,1024,42.655,85.3732
terrain-000910,3,3,1024,69.299,1828.54
terrain-000911,3,3,1024,42.239,60.8939
terrain-000912,3,3,1024,67.694,1576.18
terrain-000913,3,3,1024,42.233,58.5517
terrain-000914,3,3,1024,70.909,1695.91
terrain-000915,3,3,1024,60.781,12120.1
terrain-000916,3,3,1024,41.853,205.756
terrain-000917,3,3,1024,41.9,212.542
terrain-000918,3,3,1024,41.95,214.664
terrain-000919,3,3,1024,63.68,3336.89
terrain-000920,3,3,1024,41.986,71.7137
terrain-000921,3,3,1024,59.584,1691.46
terrain-000922,3,3,1024,42.032,74.1492
terrain-000923,3,3,1024,61.526,1738.49
terrain-000924,3,3,1024,42.011,63.1519
terrain-000925,3,3,1024,42.183,87.5689
terrain-000926,3,3,1024,41.946,321.663
terrain-000927,3,3,1024,41.999,326.549
terrain-000928,3,3,1024,63.317,5850.65
terrain-000929,3,3,1024,41.915,93.5267
terrain-000930,3,3,1024,58.247,2173.83
terrain-000931,3,3,1024,41.965,93.9354
terrain-000932,3,3,1024,42.021,110.25
terrain-000933,3,3,1024,41.869,93.9774
terrain-000934,3,3,1024,42.037,441.574
terrain-000935,3,3,1024,62.359,9081.09
terrain-000936,3,3,1024,41.928,134.188
terrain-000937,3,3,1024,42.012,171.234
terrain-000938,3,3,1024,41.831,129.027
terrain-000939,3,3,1024,41.878,133.355
terrain-000940,3,3,1024,63.78,3467.99
terrain-000941,3,3,1024,41.998,74.3252
terrain-000942,3,3,1024,59.79,1775.07
terrain-000943,3,3,1024,42.045,76.8654
terrain-000944,3,3,1024,61.694,1800.43
terrain-000945,3,3,1024,42.019,65.0177
terrain-000946,3,3,1024,42.195,90.476
terrain-000947,3,3,1024,41.991,379.9
terrain-000948,3,3,1024,42.044,383.448
terrain-000949,3,3,1024,63.395,6088.08
terrain-000950,3,3,1024,41.925,97.8898
terrain-000951,3,3,1024,58.314,2271.54
terrain-000952,3,3,1024,41.975,98.1239
terrain-000953,3,3,1024,42.03,114.898
terrain-000954,3,3,1024,41.88,98.5134
terrain-000955,3,3,1024,62.386,9453.43
terrain-000956,3,3,1024,41.94,142.901
terrain-000957,3,3,1024,42.026,182.713
terrain-000958,3,3,1024,41.843,137.734
terrain-000959,3,3,1024,41.89,142.405
terrain-000960,3,3,1024,60.735,12605.1
terrain-000961,3,3,1024,41.876,228.824
terrain-000962,3,3,1024,41.922,236.497
terrain-000963,3,3,1024,41.973,237.867
terrain-000964,3,3,4,41.866,1.23024
terrain-000965,3,3,4,41.955,1.19631
terrain-000966,3,3,4,42.011,1.23055
terrain-000967,3,3,4,41.864,1.19603
terrain-000968,3,3,4,41.916,1.23027
terrain-000969,3,3,4,56.2,195.509
terrain-000970,3,3,4,41.898,3.14737
terrain-000971,3,3,4,42.051,2.50479
terrain-000972,3,3,4,59.593,145.85
terrain-000973,3,3,4,41.914,2.65585
terrain-000974,3,3,4,41.969,2.66967
terrain-000975,3,3,4,57.305,197.574
terrain-000976,3,3,4,41.859,2.66954
terrain-000977,3,3,4,42.015,1.6926
terrain-000978,3,3,4,60.997,113.029
terrain-000979,3,3,4,41.883,1.69231
terrain-000980,3,3,4,41.935,1.72708
terrain-000981,3,3,4,41.864,1.72702
terrain-000982,3,3,4,59.164,146.633
terrain-000983,3,3,4,41.867,2.63903
terrain-000984,3,3,4,41.922,2.65078
terrain-000985,3,3,4,56.724,198.986
terrain-000986,3,3,4,41.814,2.65064
terrain-000987,3,3,4,60.219,129.301
terrain-000988,3,3,4,41.899,2.1348
terrain-000989,3,3,4,41.951,2.16349
terrain-000990,3,3,4,58.432,169.083
terrain-000991,3,3,4,41.863,2.1634
terrain-000992,3,3,4,42.065,2.13508
terrain-000993,3,3,4,58.523,143.507
terrain-000994,3,3,4,41.992,3.19641
terrain-000995,3,3,4,42.047,3.16744
terrain-000996,3,3,4,55.953,193.437
terrain-000997,3,3,4,41.917,3.16724
terrain-000998,3,3,4,57.675,186.601
terrain-000999,3,3,4,41.861,2.47636
terrain-001000,3,3,4,42.101,2.45626
terrain-001001,3,3,4,59.782,139.625
terrain-001002,3,3,4,41.909,2.45595
terrain-001003,3,3,4,41.962,2.47648
terrain-001004,3,3,1024,42.99,65.6132
terrain-001005,3,3,1024,73.144,1111.38
terrain-001006,3,3,1024,43.047,66.0069
terrain-001007,3,3,1024,43.705,88.6833
terrain-001008,3,3,1024,73.075,1154.83
terrain-001009,3,3,1024,42.945,63.4791
terrain-001010,3,3,1024,71.423,1073.03
terrain-001011,3,3,1024,42.472,38.5674
terrain-001012,3,3,1024,42.371,37.1697
terrain-001013,3,3,1024,42.419,38.4327
terrain-001014,3,3,1024,41.974,314.83
terrain-001015,3,3,1024,70.243,11141.1
terrain-001016,3,3,1024,41.919,119.561
terrain-001017,3,3,1024,42.004,152.036
terrain-001018,3,3,1024,41.822,114.505
terrain-001019,3,3,1024,41.868,118.275
terrain-001020,3,3,1024,41.891,112.929
terrain-001021,3,3,1024,42.264,55.7287
terrain-001022,3,3,1024,42.614,80.3169
terrain-001023,3,3,1024,75.932,2089.21
terrain-001024,3,3,1024,42.212,57.4551
terrain-001025,3,3,1024,66.706,1441.53
terrain-001026,3,3,1024,42.211,55.4478
terrain-001027,3,3,1024,70.016,1580.3
terrain-001028,3,3,1024,42.026,40.9401
terrain-001029,3,3,1024,42.028,38.4327
terrain-001030,3,3,1024,42.084,38.5675
terrain-001031,3,3,1024,67.996,14669.1
terrain-001032,3,3,1024,41.834,171.144
terrain-001033,3,3,1024,41.88,176.646
terrain-001034,3,3,1024,41.931,179.529
terrain-001035,3,3,1024,69.25,3842.47
terrain-001036,3,3,1024,41.971,66.9915
terrain-001037,3,3,1024,59.263,1537.34
terrain-001038,3,3,1024,42.017,69.2406
terrain-001039,3,3,1024,61.259,1617.19
terrain-001040,3,3,1024,42.003,59.7139
terrain-001041,3,3,1024,42.169,82.2573
terrain-001042,3,3,1024,41.911,48.9451
terrain-001043,3,3,1024,41.963,49.1638
terrain-001044,3,3,1024,41.911,56.12
terrain-001045,3,3,1024,41.905,246.008
terrain-001046,3,3,1024,41.959,251.635
terrain-001047,3,3,1024,69.279,6758.21
terrain-001048,3,3,1024,41.906,85.8501
terrain-001049,3,3,1024,58.188,1987.41
terrain-001050,3,3,1024,41.957,86.5254
terrain-001051,3,3,1024,42.015,101.961
terrain-001052,3,3,1024,41.86,86.0305
terrain-001053,3,3,1024,41.807,65.1834
terrain-001054,3,3,1024,41.855,67.3733
terrain-001055,3,3,1024,42.288,58.7137
terrain-001056,3,3,1024,42.659,85.3778
terrain-001057,3,3,1024,76.585,2291.8
terrain-001058,3,3,1024,42.241,60.8963
terrain-001059,3,3,1024,67.795,1577.77
terrain-001060,3,3,1024,42.236,58.5538
terrain-001061,3,3,1024,71.022,1697.74
terrain-001062,3,3,1024,68.782,16857.5
terrain-001063,3,3,1024,41.857,205.782
terrain-001064,3,3,1024,41.903,212.569
terrain-001065,3,3,1024,41.954,214.692
terrain-001066,3,3,1024,69.686,4195.82
terrain-001067,3,3,1024,41.989,71.7169
terrain-001068,3,3,1024,59.677,1693.26
terrain-001069,3,3,1024,42.035,74.1525
terrain-001070,3,3,1024,61.624,1740.4
terrain-001071,3,3,1024,42.014,63.1543
terrain-001072,3,3,1024,42.187,87.5738
terrain-001073,3,3,1024,41.948,321.725
terrain-001074,3,3,1024,42.002,326.612
terrain-001075,3,3,1024,69.863,7489.57
terrain-001076,3,3,1024,41.918,93.5319
terrain-001077,3,3,1024,58.353,2176.78
terrain-001078,3,3,1024,41.969,93.9406
terrain-001079,3,3,1024,42.025,110.258
terrain-001080,3,3,1024,41.872,93.9829
terrain-001081,3,3,1024,42.039,441.689
terrain-001082,3,3,1024,71.19,12651.6
terrain-001083,3,3,1024,41.932,134.198
terrain-001084,3,3,1024,42.018,171.252
terrain-001085,3,3,1024,41.835,129.037
terrain-001086,3,3,1024,41.881,133.366
terrain-001087,3,3,1024,69.883,4369.76
terrain-001088,3,3,1024,42.001,74.3326
terrain-001089,3,3,1024,59.916,1779.33
terrain-001090,3,3,1024,42.048,76.873
terrain-001091,3,3,1024,61.827,1804.8
terrain-001092,3,3,1024,42.022,65.0231
terrain-001093,3,3,1024,42.199,90.487
terrain-001094,3,3,1024,41.994,380.087
terrain-001095,3,3,1024,42.047,383.636
terrain-001096,3,3,1024,70.106,7827.23
terrain-001097,3,3,1024,41.929,97.9022
terrain-001098,3,3,1024,58.457,2278.48
terrain-001099,3,3,1024,41.979,98.1361
terrain-001100,3,3,1024,42.034,114.916
terrain-001101,3,3,1024,41.883,98.5263
terrain-001102,3,3,1024,71.567,13307.9
terrain-001103,3,3,1024,41.944,142.927
terrain-001104,3,3,1024,42.032,182.758
terrain-001105,3,3,1024,41.848,137.759
terrain-001106,3,3,1024,41.894,142.432
terrain-001107,3,3,1024,69.073,17745.5
terrain-001108,3,3,1024,41.88,228.894
terrain-001109,3,3,1024,41.927,236.569
terrain-001110,3,3,1024,41.977,237.94
terrain-001111,3,3,4,41.866,1.23024
terrain-001112,3,3,4,41.955,1.19631
terrain-001113,3,3,4,42.011,1.23055
terrain-001114,3,3,4,41.864,1.19603
terrain-001115,3,3,4,41.916,1.23027
terrain-001116,3,3,4,56.257,196.162
terrain-001117,3,3,4,41.898,3.14754
terrain-001118,3,3,4,42.051,2.50481
terrain-001119,3,3,4,59.613,145.984
terrain-001120,3,3,4,41.914,2.6559
terrain-001121,3,3,4,41.969,2.66972
terrain-001122,3,3,4,57.327,197.813
terrain-001123,3,3,4,41.859,2.66958
terrain-001124,3,3,4,42.015,1.6926
terrain-001125,3,3,4,60.997,113.029
terrain-001126,3,3,4,41.883,1.69231
terrain-001127,3,3,4,41.935,1.72708
terrain-001128,3,3,4,41.864,1.72702
terrain-001129,3,3,4,59.202,146.908
terrain-001130,3,3,4,41.867,2.63912
terrain-001131,3,3,4,41.922,2.65087
terrain-001132,3,3,4,56.767,199.476
terrain-001133,3,3,4,41.814,2.65073
terrain-001134,3,3,4,60.219,129.301
terrain-001135,3,3,4,41.899,2.1348
terrain-001136,3,3,4,41.951,2.16349
terrain-001137,3,3,4,58.432,169.083
terrain-001138,3,3,4,41.863,2.1634
terrain-001139,3,3,4,42.065,2.13508
terrain-001140,3,3,4,58.568,143.836
terrain-001141,3,3,4,41.992,3.19657
terrain-001142,3,3,4,42.047,3.16759
terrain-001143,3,3,4,56.003,194.018
terrain-001144,3,3,4,41.918,3.1674
terrain-001145,3,3,4,57.675,186.601
terrain-001146,3,3,4,41.861,2.47636
terrain-001147,3,3,4,42.101,2.45626
terrain-001148,3,3,4,59.782,139.625
terrain-001149,3,3,4,41.909,2.45595
terrain-001150,3,3,4,41.962,2.47648
terrain-001151,3,3,1024,42.99,65.6133
terrain-001152,3,3,1024,73.144,1111.4
terrain-001153,3,3,1024,43.047,66.007
terrain-001154,3,3,1024,43.705,88.6834
terrain-001155,3,3,1024,73.075,1154.84
terrain-001156,3,3,1024,42.945,63.4791
terrain-001157,3,3,1024,71.423,1073.04
terrain-001158,3,3,1024,42.472,38.5675
terrain-001159,3,3,1024,42.371,37.1698
terrain-001160,3,3,1024,42.419,38.4327
terrain-001161,3,3,1024,41.974,314.831
terrain-001162,3,3,1024,70.247,11142.7
terrain-001163,3,3,1024,41.919,119.561
terrain-001164,3,3,1024,42.004,152.037
terrain-001165,3,3,1024,41.822,114.505
terrain-001166,3,3,1024,41.868,118.276
terrain-001167,3,3,1024,41.891,112.929
terrain-001168,3,3,1024,42.264,55.7287
terrain-001169,3,3,1024,42.614,80.317
terrain-001170,3,3,1024,75.933,2089.27
terrain-001171,3,3,1024,42.212,57.4551
terrain-001172,3,3,1024,66.707,1441.56
terrain-001173,3,3,1024,42.211,55.4478
terrain-001174,3,3,1024,70.016,1580.33
terrain-001175,3,3,1024,42.026,40.9401
terrain-001176,3,3,1024,42.028,38.4328
terrain-001177,3,3,1024,42.084,38.5675
terrain-001178,3,3,1024,68.001,14671.8
terrain-001179,3,3,1024,41.834,171.144
terrain-001180,3,3,1024,41.88,176.647
terrain-001181,3,3,1024,41.931,179.53
terrain-001182,3,3,1024,69.252,3842.66
terrain-001183,3,3,1024,41.971,66.9916
terrain-001184,3,3,1024,59.263,1537.37
terrain-001185,3,3,1024,42.017,69.2406
terrain-001186,3,3,1024,61.259,1617.22
terrain-001187,3,3,1024,42.003,59.7139
terrain-001188,3,3,1024,42.169,82.2574
terrain-001189,3,3,1024,41.911,48.9451
terrain-001190,3,3,1024,41.963,49.1639
terrain-001191,3,3,1024,41.911,56.1201
terrain-001192,3,3,1024,41.905,246.008
terrain-001193,3,3,1024,41.959,251.635
terrain-001194,3,3,1024,69.282,6758.79
terrain-001195,3,3,1024,41.906,85.8502
terrain-001196,3,3,1024,58.188,1987.46
terrain-001197,3,3,1024,41.957,86.5254
terrain-001198,3,3,1024,42.015,101.961
terrain-001199,3,3,1024,41.86,86.0306
terrain-001200,3,3,1024,41.807,65.1835
terrain-001201,3,3,1024,41.855,67.3734
terrain-001202,3,3,1024,42.288,58.7138
terrain-001203,3,3,1024,42.659,85.3779
terrain-001204,3,3,1024,76.586,2291.87
terrain-001205,3,3,1024,42.241,60.8963
terrain-001206,3,3,1024,67.796,1577.8
terrain-001207,3,3,1024,42.236,58.5539
terrain-001208,3,3,1024,71.023,1697.78
terrain-001209,3,3,1024,68.788,16861.3
terrain-001210,3,3,1024,41.857,205.783
terrain-001211,3,3,1024,41.903,212.569
terrain-001212,3,3,1024,41.954,214.692
terrain-001213,3,3,1024,69.688,4196.05
terrain-001214,3,3,1024,41.989,71.7169
terrain-001215,3,3,1024,59.678,1693.3
terrain-001216,3,3,1024,42.035,74.1525
terrain-001217,3,3,1024,61.625,1740.44
terrain-001218,3,3,1024,42.014,63.1543
terrain-001219,3,3,1024,42.187,87.5739
terrain-001220,3,3,1024,41.948,321.726
terrain-001221,3,3,1024,42.002,326.614
terrain-001222,3,3,1024,69.866,7490.28
terrain-001223,3,3,1024,41.918,93.532
terrain-001224,3,3,1024,58.353,2176.84
terrain-001225,3,3,1024,41.969,93.9407
terrain-001226,3,3,1024,42.025,110.258
terrain-001227,3,3,1024,41.872,93.983
terrain-001228,3,3,1024,42.039,441.691
terrain-001229,3,3,1024,71.196,12653.8
terrain-001230,3,3,1024,41.932,134.198
terrain-001231,3,3,1024,42.018,171.252
terrain-001232,3,3,1024,41.835,129.037
terrain-001233,3,3,1024,41.881,133.366
terrain-001234,3,3,1024,69.885,4370.05
terrain-001235,3,3,1024,42.001,74.3326
terrain-001236,3,3,1024,59.916,1779.38
terrain-001237,3,3,1024,42.048,76.8731
terrain-001238,3,3,1024,61.827,1804.85
terrain-001239,3,3,1024,42.022,65.0232
terrain-001240,3,3,1024,42.199,90.4871
terrain-001241,3,3,1024,41.994,380.089
terrain-001242,3,3,1024,42.047,383.638
terrain-001243,3,3,1024,70.11,7828.15
terrain-001244,3,3,1024,41.929,97.9023
terrain-001245,3,3,1024,58.457,2278.56
terrain-001246,3,3,1024,41.979,98.1362
terrain-001247,3,3,1024,42.034,114.916
terrain-001248,3,3,1024,41.883,98.5265
terrain-001249,3,3,1024,71.573,13310.9
terrain-001250,3,3,1024,41.944,142.928
terrain-001251,3,3,1024,42.032,182.758
terrain-001252,3,3,1024,41.848,137.76
terrain-001253,3,3,1024,41.894,142.432
terrain-001254,3,3,1024,69.081,17750.3
terrain-001255,3,3,1024,41.88,228.895
terrain-001256,3,3,1024,41.927,236.57
terrain-001257,3,3,1024,41.977,237.94
terrain-001258,3,3,4,41.866,1.23008
terrain-001259,3,3,4,41.956,1.19615
terrain-001260,3,3,4,42.012,1.2304
terrain-001261,3,3,4,41.864,1.19588
terrain-001262,3,3,4,41.917,1.23011
terrain-001263,3,3,4,57.022,205.081
terrain-001264,3,3,4,41.9,3.14868
terrain-001265,3,3,4,42.052,2.50358
terrain-001266,3,3,4,59.894,147.762
terrain-001267,3,3,4,41.915,2.65454
terrain-001268,3,3,4,41.969,2.66839
terrain-001269,3,3,4,57.132,194.71
terrain-001270,3,3,4,41.86,2.66825
terrain-001271,3,3,4,42.015,1.69213
terrain-001272,3,3,4,61.705,116.786
terrain-001273,3,3,4,41.883,1.69184
terrain-001274,3,3,4,41.936,1.72661
terrain-001275,3,3,4,41.865,1.72655
terrain-001276,3,3,4,59.486,148.704
terrain-001277,3,3,4,41.867,2.63788
terrain-001278,3,3,4,41.923,2.64966
terrain-001279,3,3,4,56.586,196.302
terrain-001280,3,3,4,41.815,2.64952
terrain-001281,3,3,4,60.768,132.64
terrain-001282,3,3,4,41.9,2.13411
terrain-001283,3,3,4,41.952,2.16282
terrain-001284,3,3,4,58.57,169.869
terrain-001285,3,3,4,41.864,2.16273
terrain-001286,3,3,4,42.065,2.13438
terrain-001287,3,3,4,58.963,146.607
terrain-001288,3,3,4,41.993,3.19512
terrain-001289,3,3,4,42.048,3.1662
terrain-001290,3,3,4,55.972,192.792
terrain-001291,3,3,4,41.919,3.166
terrain-001292,3,3,4,57.784,187.127
terrain-001293,3,3,4,41.862,2.47574
terrain-001294,3,3,4,42.102,2.45563
terrain-001295,3,3,4,60.324,143.241
terrain-001296,3,3,4,41.91,2.45535
terrain-001297,3,3,4,41.963,2.47586
terrain-001298,3,3,1024,42.99,65.6141
terrain-001299,3,3,1024,73.152,1111.68
terrain-001300,3,3,1024,43.047,66.0077
terrain-001301,3,3,1024,43.705,88.6849
terrain-001302,3,3,1024,73.078,1154.93
terrain-001303,3,3,1024,42.945,63.4799
terrain-001304,3,3,1024,71.431,1073.31
terrain-001305,3,3,1024,42.472,38.5677
terrain-001306,3,3,1024,42.371,37.17
terrain-001307,3,3,1024,42.419,38.4329
terrain-001308,3,3,1024,41.972,314.885
terrain-001309,3,3,1024,71.528,11660.2
terrain-001310,3,3,1024,41.917,119.563
terrain-001311,3,3,1024,42.003,152.041
terrain-001312,3,3,1024,41.82,114.508
terrain-001313,3,3,1024,41.866,118.278
terrain-001314,3,3,1024,41.887,112.931
terrain-001315,3,3,1024,42.264,55.7293
terrain-001316,3,3,1024,42.613,80.3182
terrain-001317,3,3,1024,75.949,2090.19
terrain-001318,3,3,1024,42.212,57.4557
terrain-001319,3,3,1024,66.714,1441.94
terrain-001320,3,3,1024,42.211,55.4484
terrain-001321,3,3,1024,70.014,1580.79
terrain-001322,3,3,1024,42.026,40.9404
terrain-001323,3,3,1024,42.028,38.433
terrain-001324,3,3,1024,42.084,38.5678
terrain-001325,3,3,1024,68.43,15059
terrain-001326,3,3,1024,41.832,171.15
terrain-001327,3,3,1024,41.878,176.653
terrain-001328,3,3,1024,41.929,179.536
terrain-001329,3,3,1024,69.567,3884.99
terrain-001330,3,3,1024,41.971,66.9924
terrain-001331,3,3,1024,59.265,1537.8
terrain-001332,3,3,1024,42.017,69.2415
terrain-001333,3,3,1024,61.262,1617.7
terrain-001334,3,3,1024,42.003,59.7145
terrain-001335,3,3,1024,42.169,82.2586
terrain-001336,3,3,1024,41.91,48.9455
terrain-001337,3,3,1024,41.962,49.1643
terrain-001338,3,3,1024,41.91,56.1207
terrain-001339,3,3,1024,41.902,246.028
terrain-001340,3,3,1024,41.957,251.647
terrain-001341,3,3,1024,69.736,6871.5
terrain-001342,3,3,1024,41.904,85.8515
terrain-001343,3,3,1024,58.189,1988.18
terrain-001344,3,3,1024,41.956,86.5267
terrain-001345,3,3,1024,42.015,101.963
terrain-001346,3,3,1024,41.859,86.032
terrain-001347,3,3,1024,41.806,65.1842
terrain-001348,3,3,1024,41.854,67.3741
terrain-001349,3,3,1024,42.288,58.7143
terrain-001350,3,3,1024,42.659,85.3791
terrain-001351,3,3,1024,76.683,2298.07
terrain-001352,3,3,1024,42.241,60.8969
terrain-001353,3,3,1024,67.804,1578.22
terrain-001354,3,3,1024,42.236,58.5544
terrain-001355,3,3,1024,71.019,1698.27
terrain-001356,3,3,1024,68.968,17170.3
terrain-001357,3,3,1024,41.855,205.792
terrain-001358,3,3,1024,41.901,212.579
terrain-001359,3,3,1024,41.952,214.701
terrain-001360,3,3,1024,69.772,4208.05
terrain-001361,3,3,1024,41.989,71.7178
terrain-001362,3,3,1024,59.679,1693.78
terrain-001363,3,3,1024,42.035,74.1534
terrain-001364,3,3,1024,61.627,1740.94
terrain-001365,3,3,1024,42.014,63.1549
terrain-001366,3,3,1024,42.187,87.5751
terrain-001367,3,3,1024,41.945,321.758
terrain-001368,3,3,1024,41.999,326.631
terrain-001369,3,3,1024,70.086,7553.18
terrain-001370,3,3,1024,41.917,93.5334
terrain-001371,3,3,1024,58.353,2177.64
terrain-001372,3,3,1024,41.968,93.9421
terrain-001373,3,3,1024,42.025,110.26
terrain-001374,3,3,1024,41.872,93.9845
terrain-001375,3,3,1024,42.035,441.794
terrain-001376,3,3,1024,72.33,13168.3
terrain-001377,3,3,1024,41.93,134.201
terrain-001378,3,3,1024,42.017,171.258
terrain-001379,3,3,1024,41.833,129.04
terrain-001380,3,3,1024,41.879,133.369
terrain-001381,3,3,1024,69.872,4367.97
terrain-001382,3,3,1024,42.001,74.3349
terrain-001383,3,3,1024,59.925,1780.65
terrain-001384,3,3,1024,42.047,76.8754
terrain-001385,3,3,1024,61.838,1806.17
terrain-001386,3,3,1024,42.022,65.0248
terrain-001387,3,3,1024,42.199,90.4904
terrain-001388,3,3,1024,41.99,380.167
terrain-001389,3,3,1024,42.043,383.696
terrain-001390,3,3,1024,70.258,7874.95
terrain-001391,3,3,1024,41.927,97.9061
terrain-001392,3,3,1024,58.465,2280.66
terrain-001393,3,3,1024,41.978,98.14
terrain-001394,3,3,1024,42.034,114.922
terrain-001395,3,3,1024,41.882,98.5304
terrain-001396,3,3,1024,72.72,13855.4
terrain-001397,3,3,1024,41.942,142.935
terrain-001398,3,3,1024,42.031,182.772
terrain-001399,3,3,1024,41.845,137.767
terrain-001400,3,3,1024,41.891,142.44
terrain-001401,3,3,1024,69.256,18084.7
terrain-001402,3,3,1024,41.877,228.918
terrain-001403,3,3,1024,41.924,236.594
terrain-001404,3,3,1024,41.974,237.964
terrain-001405,3,3,4,41.865,1.22993
terrain-001406,3,3,4,41.955,1.19601
terrain-001407,3,3,4,42.01,1.23024
terrain-001408,3,3,4,41.863,1.19574
terrain-001409,3,3,4,41.915,1.22996
terrain-001410,3,3,4,53.61,162.905
terrain-001411,3,3,4,41.896,3.14536
terrain-001412,3,3,4,42.049,2.50346
terrain-001413,3,3,4,56.039,118.361
terrain-001414,3,3,4,41.912,2.65416
terrain-001415,3,3,4,41.967,2.66797
terrain-001416,3,3,4,54.294,161.762
terrain-001417,3,3,4,41.858,2.66784
terrain-001418,3,3,4,42.013,1.69203
terrain-001419,3,3,4,57.25,92.0486
terrain-001420,3,3,4,41.882,1.69171
terrain-001421,3,3,4,41.934,1.72645
terrain-001422,3,3,4,41.863,1.72639
terrain-001423,3,3,4,55.755,119.521
terrain-001424,3,3,4,41.865,2.63738
terrain-001425,3,3,4,41.92,2.64912
terrain-001426,3,3,4,53.894,163.882
terrain-001427,3,3,4,41.812,2.64899
terrain-001428,3,3,4,56.598,105.213
terrain-001429,3,3,4,41.897,2.13377
terrain-001430,3,3,4,41.95,2.16244
terrain-001431,3,3,4,55.259,138.73
terrain-001432,3,3,4,41.861,2.16235
terrain-001433,3,3,4,42.063,2.13413
terrain-001434,3,3,4,55.315,117.637
terrain-001435,3,3,4,41.989,3.194
terrain-001436,3,3,4,42.045,3.16509
terrain-001437,3,3,4,53.35,160.464
terrain-001438,3,3,4,41.915,3.1649
terrain-001439,3,3,4,54.598,152.752
terrain-001440,3,3,4,41.859,2.47487
terrain-001441,3,3,4,42.099,2.45495
terrain-001442,3,3,4,56.197,113.338
terrain-001443,3,3,4,41.907,2.45447
terrain-001444,3,3,4,41.96,2.47499
terrain-001445,3,3,1024,42.987,65.6121
terrain-001446,3,3,1024,67.12,904.892
terrain-001447,3,3,1024,43.045,66.0058
terrain-001448,3,3,1024,43.702,88.681
terrain-001449,3,3,1024,66.868,933.265
terrain-001450,3,3,1024,42.942,63.478
terrain-001451,3,3,1024,65.88,879.3
terrain-001452,3,3,1024,42.47,38.5669
terrain-001453,3,3,1024,42.369,37.1692
terrain-001454,3,3,1024,42.416,38.4321
terrain-001455,3,3,1024,41.973,314.805
terrain-001456,3,3,1024,62.08,8136.74
terrain-001457,3,3,1024,41.916,119.557
terrain-001458,3,3,1024,41.999,152.03
terrain-001459,3,3,1024,41.819,114.502
terrain-001460,3,3,1024,41.865,118.272
terrain-001461,3,3,1024,41.887,112.924
terrain-001462,3,3,1024,42.261,55.7279
terrain-001463,3,3,1024,42.61,80.3151
terrain-001464,3,3,1024,69.63,1717.38
terrain-001465,3,3,1024,42.209,57.4542
terrain-001466,3,3,1024,66.629,1440.95
terrain-001467,3,3,1024,42.209,55.447
terrain-001468,3,3,1024,69.93,1579.61
terrain-001469,3,3,1024,42.023,40.9395
terrain-001470,3,3,1024,42.026,38.4322
terrain-001471,3,3,1024,42.081,38.567
terrain-001472,3,3,1024,60.629,10758
terrain-001473,3,3,1024,41.831,171.136
terrain-001474,3,3,1024,41.877,176.638
terrain-001475,3,3,1024,41.928,179.521
terrain-001476,3,3,1024,63.398,3063.08
terrain-001477,3,3,1024,41.969,66.9904
terrain-001478,3,3,1024,59.189,1536.7
terrain-001479,3,3,1024,42.015,69.2394
terrain-001480,3,3,1024,61.181,1616.49
terrain-001481,3,3,1024,42.001,59.713
terrain-001482,3,3,1024,42.165,82.2555
terrain-001483,3,3,1024,41.908,48.9442
terrain-001484,3,3,1024,41.959,49.163
terrain-001485,3,3,1024,41.908,56.1189
terrain-001486,3,3,1024,41.903,245.993
terrain-001487,3,3,1024,41.957,251.619
terrain-001488,3,3,1024,63.007,5308.68
terrain-001489,3,3,1024,41.902,85.8483
terrain-001490,3,3,1024,58.105,1986.37
terrain-001491,3,3,1024,41.953,86.5235
terrain-001492,3,3,1024,42.012,101.958
terrain-001493,3,3,1024,41.857,86.0287
terrain-001494,3,3,1024,41.803,65.1818
terrain-001495,3,3,1024,41.851,67.3717
terrain-001496,3,3,1024,42.285,58.7117
terrain-001497,3,3,1024,42.655,85.3732
terrain-001498,3,3,1024,69.299,1828.54
terrain-001499,3,3,1024,42.239,60.8939
terrain-001500,3,3,1024,67.694,1576.18
terrain-001501,3,3,1024,42.233,58.5517
terrain-001502,3,3,1024,70.909,1695.91
terrain-001503,3,3,1024,60.782,12120.1
terrain-001504,3,3,1024,41.853,205.756
terrain-001505,3,3,1024,41.9,212.542
terrain-001506,3,3,1024,41.95,214.664
terrain-001507,3,3,1024,63.68,3336.89
terrain-001508,3,3,1024,41.986,71.7137
terrain-001509,3,3,1024,59.584,1691.46
terrain-001510,3,3,1024,42.032,74.1492
terrain-001511,3,3,1024,61.526,1738.49
terrain-001512,3,3,1024,42.011,63.1519
terrain-001513,3,3,1024,42.183,87.5689
terrain-001514,3,3,1024,41.946,321.663
terrain-001515,3,3,1024,41.999,326.549
terrain-001516,3,3,1024,63.317,5850.65
terrain-001517,3,3,1024,41.915,93.5267
terrain-001518,3,3,1024,58.247,2173.83
terrain-001519,3,3,1024,41.965,93.9354
terrain-001520,3,3,1024,42.021,110.25
terrain-001521,3,3,1024,41.869,93.9774
terrain-001522,3,3,1024,42.037,441.574
terrain-001523,3,3,1024,62.359,9081.09
terrain-001524,3,3,1024,41.928,134.188
terrain-001525,3,3,1024,42.012,171.234
terrain-001526,3,3,1024,41.831,129.027
terrain-001527,3,3,1024,41.878,133.355
terrain-001528,3,3,1024,63.78,3467.99
terrain-001529,3,3,1024,41.998,74.3252
terrain-001530,3,3,1024,59.79,1775.07
terrain-001531,3,3,1024,42.045,76.8654
terrain-001532,3,3,1024,61.694,1800.43
terrain-001533,3,3,1024,42.019,65.0177
terrain-001534,3,3,1024,42.195,90.476
terrain-001535,3,3,1024,41.991,379.9
terrain-001536,3,3,1024,42.044,383.448
terrain-001537,3,3,1024,63.395,6088.08
terrain-001538,3,3,1024,41.925,97.8898
terrain-001539,3,3,1024,58.314,2271.54
terrain-001540,3,3,1024,41.975,98.1239
terrain-001541,3,3,1024,42.03,114.898
terrain-001542,3,3,1024,41.88,98.5134
terrain-001543,3,3,1024,62.385,9453.43
terrain-001544,3,3,1024,41.94,142.901
terrain-001545,3,3,1024,42.026,182.713
terrain-001546,3,3,1024,41.843,137.734
terrain-001547,3,3,1024,41.89,142.405
terrain-001548,3,3,1024,60.735,12605.1
terrain-001549,3,3,1024,41.876,228.824
terrain-001550,3,3,1024,41.922,236.497
terrain-001551,3,3,1024,41.973,237.867
terrain-001552,3,3,4,41.866,1.23024
terrain-001553,3,3,4,41.955,1.19631
terrain-001554,3,3,4,42.011,1.23055
terrain-001555,3,3,4,41.864,1.19603
terrain-001556,3,3,4,41.916,1.23027
terrain-001557,3,3,4,56.2,195.509
terrain-001558,3,3,4,41.898,3.14737
terrain-001559,3,3,4,42.051,2.50479
terrain-001560,3,3,4,59.593,145.85
terrain-001561,3,3,4,41.914,2.65585
terrain-001562,3,3,4,41.969,2.66967
terrain-001563,3,3,4,57.305,197.574
terrain-001564,3,3,4,41.859,2.66954
terrain-001565,3,3,4,42.015,1.6926
terrain-001566,3,3,4,60.997,113.029
terrain-001567,3,3,4,41.883,1.69231
terrain-001568,3,3,4,41.935,1.72708
terrain-001569,3,3,4,41.864,1.72702
terrain-001570,3,3,4,59.164,146.633
terrain-001571,3,3,4,41.867,2.63903
terrain-001572,3,3,4,41.922,2.65078
terrain-001573,3,3,4,56.724,198.986
terrain-001574,3,3,4,41.814,2.65064
terrain-001575,3,3,4,60.219,129.301
terrain-001576,3,3,4,41.899,2.1348
terrain-001577,3,3,4,41.951,2.16349
terrain-001578,3,3,4,58.432,169.083
terrain-001579,3,3,4,41.863,2.1634
terrain-001580,3,3,4,42.065,2.13508
terrain-001581,3,3,4,58.523,143.507
terrain-001582,3,3,4,41.992,3.19641
terrain-001583,3,3,4,42.047,3.16744
terrain-001584,3,3,4,55.953,193.437
terrain-001585,3,3,4,41.917,3.16724
terrain-001586,3,3,4,57.675,186.601
terrain-001587,3,3,4,41.861,2.47636
terrain-001588,3,3,4,42.101,2.45626
terrain-001589,3,3,4,59.782,139.625
terrain-001590,3,3,4,41.909,2.45595
terrain-001591,3,3,4,41.962,2.47648
terrain-001592,3,3,1024,42.99,65.6132
terrain-001593,3,3,1024,73.144,1111.38
terrain-001594,3,3,1024,43.047,66.0069
terrain-001595,3,3,1024,43.705,88.6833
terrain-001596,3,3,1024,73.075,1154.83
terrain-001597,3,3,1024,42.945,63.4791
terrain-001598,3,3,1024,71.423,1073.03
terrain-001599,3,3,1024,42.472,38.5674
terrain-001600,3,3,1024,42.371,37.1697
terrain-001601,3,3,1024,42.419,38.4327
terrain-001602,3,3,1024,41.974,314.83
terrain-001603,3,3,1024,70.243,11141.1
terrain-001604,3,3,1024,41.919,119.561
terrain-001605,3,3,1024,42.004,152.036
terrain-001606,3,3,1024,41.822,114.505
terrain-001607,3,3,1024,41.868,118.275
terrain-001608,3,3,1024,41.891,112.929
terrain-001609,3,3,1024,42.264,55.7287
terrain-001610,3,3,1024,42.614,80.3169
terrain-001611,3,3,1024,75.932,2089.21
terrain-001612,3,3,1024,42.212,57.4551
terrain-001613,3,3,1024,66.706,1441.53
terrain-001614,3,3,1024,42.211,55.4478
terrain-001615,3,3,1024,70.016,1580.3
terrain-001616,3,3,1024,42.026,40.9401
terrain-001617,3,3,1024,42.028,38.4327
terrain-001618,3,3,1024,42.084,38.5675
terrain-001619,3,3,1024,67.996,14669.1
terrain-001620,3,3,1024,41.834,171.144
terrain-001621,3,3,1024,41.88,176.646
terrain-001622,3,3,1024,41.931,179.529
terrain-001623,3,3,1024,69.25,3842.47
terrain-001624,3,3,1024,41.971,66.9915
terrain-001625,3,3,1024,59.263,1537.34
terrain-001626,3,3,1024,42.017,69.2406
terrain-001627,3,3,1024,61.259,1617.19
terrain-001628,3,3,1024,42.003,59.7139
terrain-001629,3,3,1024,42.169,82.2573
terrain-001630,3,3,1024,41.911,48.9451
terrain-001631,3,3,1024,41.963,49.1638
terrain-001632,3,3,1024,41.911,56.12
terrain-001633,3,3,1024,41.905,246.008
terrain-001634,3,3,1024,41.959,251.635
terrain-001635,3,3,1024,69.279,6758.21
terrain-001636,3,3,1024,41.906,85.8501
terrain-001637,3,3,1024,58.188,1987.41
terrain-001638,3,3,1024,41.957,86.5254
terrain-001639,3,3,1024,42.015,101.961
terrain-001640,3,3,1024,41.86,86.0305
terrain-001641,3,3,1024,41.807,65.1834
terrain-001642,3,3,1024,41.855,67.3733
terrain-001643,3,3,1024,42.288,58.7137
terrain-001644,3,3,1024,42.659,85.3778
terrain-001645,3,3,1024,76.585,2291.8
terrain-001646,3,3,1024,42.241,60.8963
terrain-001647,3,3,1024,67.795,1577.77
terrain-001648,3,3,1024,42.236,58.5538
terrain-001649,3,3,1024,71.022,1697.74
terrain-001650,3,3,1024,68.783,16857.5
terrain-001651,3,3,1024,41.857,205.782
terrain-001652,3,3,1024,41.903,212.569
terrain-001653,3,3,1024,41.954,214.692
terrain-001654,3,3,1024,69.686,4195.82
terrain-001655,3,3,1024,41.989,71.7169
terrain-001656,3,3,1024,59.677,1693.26
terrain-001657,3,3,1024,42.035,74.1525
terrain-001658,3,3,1024,61.624,1740.4
terrain-001659,3,3,1024,42.014,63.1543
terrain-001660,3,3,1024,42.187,87.5738
terrain-001661,3,3,1024,41.948,321.725
terrain-001662,3,3,1024,42.002,326.612
terrain-001663,3,3,1024,69.863,7489.55
terrain-001664,3,3,1024,41.918,93.5319
terrain-001665,3,3,1024,58.353,2176.78
terrain-001666,3,3,1024,41.969,93.9406
terrain-001667,3,3,1024,42.025,110.258
terrain-001668,3,3,1024,41.872,93.9829
terrain-001669,3,3,1024,42.039,441.689
terrain-001670,3,3,1024,71.191,12651.7
terrain-001671,3,3,1024,41.932,134.198
terrain-001672,3,3,1024,42.018,171.252
terrain-001673,3,3,1024,41.835,129.037
terrain-001674,3,3,1024,41.881,133.366
terrain-001675,3,3,1024,69.883,4369.76
terrain-001676,3,3,1024,42.001,74.3326
terrain-001677,3,3,1024,59.916,1779.33
terrain-001678,3,3,1024,42.048,76.873
terrain-001679,3,3,1024,61.827,1804.8
terrain-001680,3,3,1024,42.022,65.0231
terrain-001681,3,3,1024,42.199,90.487
terrain-001682,3,3,1024,41.994,380.087
terrain-001683,3,3,1024,42.047,383.636
terrain-001684,3,3,1024,70.106,7827.18
terrain-001685,3,3,1024,41.929,97.9022
terrain-001686,3,3,1024,58.457,2278.48
terrain-001687,3,3,1024,41.979,98.1361
terrain-001688,3,3,1024,42.034,114.916
terrain-001689,3,3,1024,41.883,98.5263
terrain-001690,3,3,1024,71.567,13308.2
terrain-001691,3,3,1024,41.944,142.927
terrain-001692,3,3,1024,42.032,182.758
terrain-001693,3,3,1024,41.848,137.759
terrain-001694,3,3,1024,41.894,142.432
terrain-001695,3,3,1024,69.073,17745.5
terrain-001696,3,3,1024,41.88,228.894
terrain-001697,3,3,1024,41.927,236.569
terrain-001698,3,3,1024,41.977,237.94
terrain-001699,3,3,4,41.866,1.23008
terrain-001700,3,3,4,41.956,1.19615
terrain-001701,3,3,4,42.012,1.2304
terrain-001702,3,3,4,41.864,1.19588
terrain-001703,3,3,4,41.917,1.23011
terrain-001704,3,3,4,57.022,205.081
terrain-001705,3,3,4,41.9,3.14868
terrain-001706,3,3,4,42.052,2.50358
terrain-001707,3,3,4,59.894,147.762
terrain-001708,3,3,4,41.915,2.65454
terrain-001709,3,3,4,41.969,2.66839
terrain-001710,3,3,4,57.132,194.71
terrain-001711,3,3,4,41.86,2.66825
terrain-001712,3,3,4,42.015,1.69213
terrain-001713,3,3,4,61.705,116.786
terrain-001714,3,3,4,41.883,1.69184
terrain-001715,3,3,4,41.936,1.72661
terrain-001716,3,3,4,41.865,1.72655
terrain-001717,3,3,4,59.486,148.704
terrain-001718,3,3,4,41.867,2.63788
terrain-001719,3,3,4,41.923,2.64966
terrain-001720,3,3,4,56.586,196.302
terrain-001721,3,3,4,41.815,2.64952
terrain-001722,3,3,4,60.768,132.64
terrain-001723,3,3,4,41.9,2.13411
terrain-001724,3,3,4,41.952,2.16282
terrain-001725,3,3,4,58.57,169.869
terrain-001726,3,3,4,41.864,2.16273
terrain-001727,3,3,4,42.065,2.13438
terrain-001728,3,3,4,58.963,146.607
terrain-001729,3,3,4,41.993,3.19512
terrain-001730,3,3,4,42.048,3.1662
terrain-001731,3,3,4,55.972,192.792
terrain-001732,3,3,4,41.919,3.166
terrain-001733,3,3,4,57.784,187.127
terrain-001734,3,3,4,41.862,2.47574
terrain-001735,3,3,4,42.102,2.45563
terrain-001736,3,3,4,60.324,143.241
terrain-001737,3,3,4,41.91,2.45535
terrain-001738,3,3,4,41.963,2.47586
terrain-001739,3,3,1024,42.99,65.6141
terrain-001740,3,3,1024,73.152,1111.68
terrain-001741,3,3,1024,43.047,66.0077
terrain-001742,3,3,1024,43.705,88.6849
terrain-001743,3,3,1024,73.078,1154.93
terrain-001744,3,3,1024,42.945,63.4799
terrain-001745,3,3,1024,71.431,1073.31
terrain-001746,3,3,1024,42.472,38.5677
terrain-001747,3,3,1024,42.371,37.17
terrain-001748,3,3,1024,42.419,38.4329
terrain-001749,3,3,1024,41.972,314.885
terrain-001750,3,3,1024,71.528,11660.2
terrain-001751,3,3,1024,41.917,119.563
terrain-001752,3,3,1024,42.003,152.041
terrain-001753,3,3,1024,41.82,114.508
terrain-001754,3,3,1024,41.866,118.278
terrain-001755,3,3,1024,41.887,112.931
terrain-001756,3,3,1024,42.264,55.7293
terrain-001757,3,3,1024,42.613,80.3182
terrain-001758,3,3,1024,75.949,2090.19
terrain-001759,3,3,1024,42.212,57.4557
terrain-001760,3,3,1024,66.714,1441.94
terrain-001761,3,3,1024,42.211,55.4484
terrain-001762,3,3,1024,70.014,1580.79
terrain-001763,3,3,1024,42.026,40.9404
terrain-001764,3,3,1024,42.028,38.433
terrain-001765,3,3,1024,42.084,38.5678
terrain-001766,3,3,1024,68.43,15059
terrain-001767,3,3,1024,41.832,171.15
terrain-001768,3,3,1024,41.878,176.653
terrain-001769,3,3,1024,41.929,179.536
terrain-001770,3,3,1024,69.567,3884.99
terrain-001771,3,3,1024,41.971,66.9924
terrain-001772,3,3,1024,59.265,1537.8
terrain-001773,3,3,1024,42.017,69.2415
terrain-001774,3,3,1024,61.262,1617.7
terrain-001775,3,3,1024,42.003,59.7145
terrain-001776,3,3,1024,42.169,82.2586
terrain-001777,3,3,1024,41.91,48.9455
terrain-001778,3,3,1024,41.962,49.1643
terrain-001779,3,3,1024,41.91,56.1207
terrain-001780,3,3,1024,41.902,246.028
terrain-001781,3,3,1024,41.957,251.647
terrain-001782,3,3,1024,69.736,6871.5
terrain-001783,3,3,1024,41.904,85.8515
terrain-001784,3,3,1024,58.189,1988.18
terrain-001785,3,3,1024,41.956,86.5267
terrain-001786,3,3,1024,42.015,101.963
terrain-001787,3,3,1024,41.859,86.032
terrain-001788,3,3,1024,41.806,65.1842
terrain-001789,3,3,1024,41.854,67.3741
terrain-001790,3,3,1024,42.288,58.7143
terrain-001791,3,3,1024,42.659,85.3791
terrain-001792,3,3,1024,76.683,2298.07
terrain-001793,3,3,1024,42.241,60.8969
terrain-001794,3,3,1024,67.804,1578.22
terrain-001795,3,3,1024,42.236,58.5544
terrain-001796,3,3,1024,71.019,1698.27
terrain-001797,3,3,1024,68.968,17170.3
terrain-001798,3,3,1024,41.855,205.792
terrain-001799,3,3,1024,41.901,212.579
terrain-001800,3,3,1024,41.952,214.701
terrain-001801,3,3,1024,69.772,4208.05
terrain-001802,3,3,1024,41.989,71.7178
terrain-001803,3,3,1024,59.679,1693.78
terrain-001804,3,3,1024,42.035,74.1534
terrain-001805,3,3,1024,61.627,1740.94
terrain-001806,3,3,1024,42.014,63.1549
terrain-001807,3,3,1024,42.187,87.5751
terrain-001808,3,3,1024,41.945,321.758
terrain-001809,3,3,1024,41.999,326.631
terrain-001810,3,3,1024,70.086,7553.18
terrain-001811,3,3,1024,41.917,93.5334
terrain-001812,3,3,1024,58.353,2177.64
terrain-001813,3,3,1024,41.968,93.9421
terrain-001814,3,3,1024,42.025,110.26
terrain-001815,3,3,1024,41.872,93.9845
terrain-001816,3,3,1024,42.035,441.794
terrain-001817,3,3,1024,72.329,13168.3
terrain-001818,3,3,1024,41.93,134.201
terrain-001819,3,3,1024,42.017,171.258
terrain-001820,3,3,1024,41.833,129.04
terrain-001821,3,3,1024,41.879,133.369
terrain-001822,3,3,1024,69.872,4367.97
terrain-001823,3,3,1024,42.001,74.3349
terrain-001824,3,3,1024,59.925,1780.65
terrain-001825,3,3,1024,42.047,76.8754
terrain-001826,3,3,1024,61.838,1806.17
terrain-001827,3,3,1024,42.022,65.0248
terrain-001828,3,3,1024,42.199,90.4904
terrain-001829,3,3,1024,41.99,380.167
terrain-001830,3,3,1024,42.043,383.696
terrain-001831,3,3,1024,70.258,7874.95
terrain-001832,3,3,1024,41.927,97.9061
terrain-001833,3,3,1024,58.465,2280.66
terrain-001834,3,3,1024,41.978,98.14
terrain-001835,3,3,1024,42.034,114.922
terrain-001836,3,3,1024,41.882,98.5304
terrain-001837,3,3,1024,72.72,13855.4
terrain-001838,3,3,1024,41.942,142.935
terrain-001839,3,3,1024,42.031,182.772
terrain-001840,3,3,1024,41.845,137.767
terrain-001841,3,3,1024,41.891,142.44
terrain-001842,3,3,1024,69.256,18084.7
terrain-001843,3,3,1024,41.877,228.918
terrain-001844,3,3,1024,41.924,236.594
terrain-001845,3,3,1024,41.974,237.964
terrain-001846,3,3,4,41.866,1.23008
terrain-001847,3,3,4,41.956,1.19615
terrain-001848,3,3,4,42.012,1.2304
terrain-001849,3,3,4,41.864,1.19588
terrain-001850,3,3,4,41.917,1.23011
terrain-001851,3,3,4,57.022,205.081
terrain-001852,3,3,4,41.9,3.14868
terrain-001853,3,3,4,42.052,2.50358
terrain-001854,3,3,4,59.894,147.762
terrain-001855,3,3,4,41.915,2.65454
terrain-001856,3,3,4,41.969,2.66839
terrain-001857,3,3,4,57.132,194.71
terrain-001858,3,3,4,41.86,2.66825
terrain-001859,3,3,4,42.015,1.69213
terrain-001860,3,3,4,61.705,116.786
terrain-001861,3,3,4,41.883,1.69184
terrain-001862,3,3,4,41.936,1.72661
terrain-001863,3,3,4,41.865,1.72655
terrain-001864,3,3,4,59.486,148.704
terrain-001865,3,3,4,41.867,2.63788
terrain-001866,3,3,4,41.923,2.64966
terrain-001867,3,3,4,56.586,196.302
terrain-001868,3,3,4,41.815,2.64952
terrain-001869,3,3,4,60.768,132.64
terrain-001870,3,3,4,41.9,2.13411
terrain-001871,3,3,4,41.952,2.16282
terrain-001872,3,3,4,58.57,169.869
terrain-001873,3,3,4,41.864,2.16273
terrain-001874,3,3,4,42.065,2.13438
terrain-001875,3,3,4,58.963,146.607
terrain-001876,3,3,4,41.993,3.19512
terrain-001877,3,3,4,42.048,3.1662
terrain-001878,3,3,4,55.972,192.792
terrain-001879,3,3,4,41.919,3.166
terrain-001880,3,3,4,57.784,187.127
terrain-001881,3,3,4,41.862,2.47574
terrain-001882,3,3,4,42.102,2.45563
terrain-001883,3,3,4,60.324,143.241
terrain-001884,3,3,4,41.91,2.45535
terrain-001885,3,3,4,41.963,2.47586
terrain-001886,3,3,1024,42.99,65.6141
terrain-001887,3,3,1024,73.152,1111.68
terrain-001888,3,3,1024,43.047,66.0077
terrain-001889,3,3,1024,43.705,88.6849
terrain-001890,3,3,1024,73.078,1154.93
terrain-001891,3,3,1024,42.945,63.4799
terrain-001892,3,3,1024,71.431,1073.31
terrain-001893,3,3,1024,42.472,38.5677
terrain-001894,3,3,1024,42.371,37.17
terrain-001895,3,3,1024,42.419,38.4329
terrain-001896,3,3,1024,41.972,314.885
terrain-001897,3,3,1024,71.528,11660.2
terrain-001898,3,3,1024,41.917,119.563
terrain-001899,3,3,1024,42.003,152.041
terrain-001900,3,3,1024,41.82,114.508
terrain-001901,3,3,1024,41.866,118.278
terrain-001902,3,3,1024,41.887,112.931
terrain-001903,3,3,1024,42.264,55.7293
terrain-001904,3,3,1024,42.613,80.3182
terrain-001905,3,3,1024,75.949,2090.19
terrain-001906,3,3,1024,42.212,57.4557
terrain-001907,3,3,1024,66.714,1441.94
terrain-001908,3,3,1024,42.211,55.4484
terrain-001909,3,3,1024,70.014,1580.79
terrain-001910,3,3,1024,42.026,40.9404
terrain-001911,3,3,1024,42.028,38.433
terrain-001912,3,3,1024,42.084,38.5678
terrain-001913,3,3,1024,68.43,15059
terrain-001914,3,3,1024,41.832,171.15
terrain-001915,3,3,1024,41.878,176.653
terrain-001916,3,3,1024,41.929,179.536
terrain-001917,3,3,1024,69.567,3884.99
terrain-001918,3,3,1024,41.971,66.9924
terrain-001919,3,3,1024,59.265,1537.8
terrain-001920,3,3,1024,42.017,69.2415
terrain-001921,3,3,1024,61.262,1617.7
terrain-001922,3,3,1024,42.003,59.7145
terrain-001923,3,3,1024,42.169,82.2586
terrain-001924,3,3,1024,41.91,48.9455
terrain-001925,3,3,1024,41.962,49.1643
terrain-001926,3,3,1024,41.91,56.1207
terrain-001927,3,3,1024,41.902,246.028
terrain-001928,3,3,1024,41.957,251.647
terrain-001929,3,3,1024,69.736,6871.5
terrain-001930,3,3,1024,41.904,85.8515
terrain-001931,3,3,1024,58.189,1988.18
terrain-001932,3,3,1024,41.956,86.5267
terrain-001933,3,3,1024,42.015,101.963
terrain-001934,3,3,1024,41.859,86.032
terrain-001935,3,3,1024,41.806,65.1842
terrain-001936,3,3,1024,41.854,67.3741
terrain-001937,3,3,1024,42.288,58.7143
terrain-001938,3,3,1024,42.659,85.3791
terrain-001939,3,3,1024,76.683,2298.07
terrain-001940,3,3,1024,42.241,60.8969
terrain-001941,3,3,1024,67.804,1578.22
terrain-001942,3,3,1024,42.236,58.5544
terrain-001943,3,3,1024,71.019,1698.27
terrain-001944,3,3,1024,68.968,17170.3
terrain-001945,3,3,1024,41.855,205.792
terrain-001946,3,3,1024,41.901,212.579
terrain-001947,3,3,1024,41.952,214.701
terrain-001948,3,3,1024,69.772,4208.05
terrain-001949,3,3,1024,41.989,71.7178
terrain-001950,3,3,1024,59.679,1693.78
terrain-001951,3,3,1024,42.035,74.1534
terrain-001952,3,3,1024,61.627,1740.94
terrain-001953,3,3,1024,42.014,63.1549
terrain-001954,3,3,1024,42.187,87.5751
terrain-001955,3,3,1024,41.945,321.758
terrain-001956,3,3,1024,41.999,326.631
terrain-001957,3,3,1024,70.086,7553.18
terrain-001958,3,3,1024,41.917,93.5334
terrain-001959,3,3,1024,58.353,2177.64
terrain-001960,3,3,1024,41.968,93.9421
terrain-001961,3,3,1024,42.025,110.26
terrain-001962,3,3,1024,41.872,93.9845
terrain-001963,3,3,1024,42.035,441.794
terrain-001964,3,3,1024,72.33,13168.3
terrain-001965,3,3,1024,41.93,134.201
terrain-001966,3,3,1024,42.017,171.258
terrain-001967,3,3,1024,41.833,129.04
terrain-001968,3,3,1024,41.879,133.369
terrain-001969,3,3,1024,69.872,4367.97
terrain-001970,3,3,1024,42.001,74.3349
terrain-001971,3,3,1024,59.925,1780.65
terrain-001972,3,3,1024,42.047,76.8754
terrain-001973,3,3,1024,61.838,1806.17
terrain-001974,3,3,1024,42.022,65.0248
terrain-001975,3,3,1024,42.199,90.4904
terrain-001976,3,3,1024,41.99,380.167
terrain-001977,3,3,1024,42.043,383.696
terrain-001978,3,3,1024,70.258,7874.95
terrain-001979,3,3,1024,41.927,97.9061
terrain-001980,3,3,1024,58.465,2280.66
terrain-001981,3,3,1024,41.978,98.14
terrain-001982,3,3,1024,42.034,114.922
terrain-001983,3,3,1024,41.882,98.5304
terrain-001984,3,3,1024,72.72,13855.4
terrain-001985,3,3,1024,41.942,142.935
terrain-001986,3,3,1024,42.031,182.772
terrain-001987,3,3,1024,41.845,137.767
terrain-001988,3,3,1024,41.891,142.44
terrain-001989,3,3,1024,69.256,18084.7
terrain-001990,3,3,1024,41.877,228.918
terrain-001991,3,3,1024,41.924,236.594
terrain-001992,3,3,1024,41.974,237.964
terrain-001993,3,3,4,41.865,1.22954
terrain-001994,3,3,4,41.954,1.19564
terrain-001995,3,3,4,42.01,1.22986
terrain-001996,3,3,4,41.863,1.19536
terrain-001997,3,3,4,41.915,1.22957
terrain-001998,3,3,4,53.158,156.652
terrain-001999,3,3,4,41.897,3.14601
terrain-002000,3,3,4,42.049,2.50111
terrain-002001,3,3,4,54.813,108.567
terrain-002002,3,3,4,41.912,2.65152
terrain-002003,3,3,4,41.966,2.66536
terrain-002004,3,3,4,52.943,145.034
terrain-002005,3,3,4,41.857,2.66522
terrain-002006,3,3,4,42.013,1.69107
terrain-002007,3,3,4,56.229,86.1675
terrain-002008,3,3,4,41.881,1.69075
terrain-002009,3,3,4,41.934,1.72549
terrain-002010,3,3,4,41.863,1.72543
terrain-002011,3,3,4,54.591,109.894
terrain-002012,3,3,4,41.864,2.63493
terrain-002013,3,3,4,41.92,2.64671
terrain-002014,3,3,4,52.623,147.342
terrain-002015,3,3,4,41.812,2.64657
terrain-002016,3,3,4,55.496,97.6584
terrain-002017,3,3,4,41.897,2.13226
terrain-002018,3,3,4,41.95,2.16094
terrain-002019,3,3,4,54.038,126.633
terrain-002020,3,3,4,41.861,2.16085
terrain-002021,3,3,4,42.063,2.13262
terrain-002022,3,3,4,54.29,109.038
terrain-002023,3,3,4,41.989,3.19083
terrain-002024,3,3,4,42.044,3.16202
terrain-002025,3,3,4,52.253,145.869
terrain-002026,3,3,4,41.915,3.16183
terrain-002027,3,3,4,53.432,139.377
terrain-002028,3,3,4,41.859,2.4733
terrain-002029,3,3,4,42.099,2.4534
terrain-002030,3,3,4,55.138,105.286
terrain-002031,3,3,4,41.907,2.45292
terrain-002032,3,3,4,41.96,2.47342
terrain-002033,3,3,1024,42.986,65.6129
terrain-002034,3,3,1024,64.485,814.388
terrain-002035,3,3,1024,43.044,66.0066
terrain-002036,3,3,1024,43.7,88.6825
terrain-002037,3,3,1024,64.168,836.718
terrain-002038,3,3,1024,42.941,63.4788
terrain-002039,3,3,1024,63.433,793.599
terrain-002040,3,3,1024,42.469,38.5671
terrain-002041,3,3,1024,42.368,37.1694
terrain-002042,3,3,1024,42.415,38.4323
terrain-002043,3,3,1024,41.971,314.862
terrain-002044,3,3,1024,60.58,7607.1
terrain-002045,3,3,1024,41.913,119.56
terrain-002046,3,3,1024,41.996,152.035
terrain-002047,3,3,1024,41.816,114.504
terrain-002048,3,3,1024,41.862,118.275
terrain-002049,3,3,1024,41.883,112.927
terrain-002050,3,3,1024,42.26,55.7285
terrain-002051,3,3,1024,42.608,80.3165
terrain-002052,3,3,1024,66.833,1551.65
terrain-002053,3,3,1024,42.208,57.4549
terrain-002054,3,3,1024,66.038,1409.28
terrain-002055,3,3,1024,42.208,55.4476
terrain-002056,3,3,1024,67.661,1458.08
terrain-002057,3,3,1024,42.022,40.9397
terrain-002058,3,3,1024,42.025,38.4324
terrain-002059,3,3,1024,42.08,38.5672
terrain-002060,3,3,1024,58.934,9949.9
terrain-002061,3,3,1024,41.829,171.144
terrain-002062,3,3,1024,41.874,176.646
terrain-002063,3,3,1024,41.926,179.529
terrain-002064,3,3,1024,61.198,2768.57
terrain-002065,3,3,1024,41.967,66.9913
terrain-002066,3,3,1024,59.166,1537.19
terrain-002067,3,3,1024,42.013,69.2403
terrain-002068,3,3,1024,61.156,1617.03
terrain-002069,3,3,1024,42,59.7137
terrain-002070,3,3,1024,42.164,82.2569
terrain-002071,3,3,1024,41.905,48.9446
terrain-002072,3,3,1024,41.957,49.1634
terrain-002073,3,3,1024,41.907,56.1194
terrain-002074,3,3,1024,41.9,246.014
terrain-002075,3,3,1024,41.954,251.632
terrain-002076,3,3,1024,60.958,4834.95
terrain-002077,3,3,1024,41.9,85.8498
terrain-002078,3,3,1024,58.079,1987.21
terrain-002079,3,3,1024,41.951,86.5251
terrain-002080,3,3,1024,42.01,101.961
terrain-002081,3,3,1024,41.855,86.0303
terrain-002082,3,3,1024,41.801,65.1826
terrain-002083,3,3,1024,41.849,67.3724
terrain-002084,3,3,1024,42.284,58.7124
terrain-002085,3,3,1024,42.653,85.3746
terrain-002086,3,3,1024,66.251,1633.95
terrain-002087,3,3,1024,42.237,60.8947
terrain-002088,3,3,1024,67.022,1538.36
terrain-002089,3,3,1024,42.232,58.5524
terrain-002090,3,3,1024,68.406,1556.62
terrain-002091,3,3,1024,58.956,11154.2
terrain-002092,3,3,1024,41.85,205.767
terrain-002093,3,3,1024,41.897,212.553
terrain-002094,3,3,1024,41.948,214.676
terrain-002095,3,3,1024,61.294,2993.24
terrain-002096,3,3,1024,41.984,71.7148
terrain-002097,3,3,1024,59.557,1692.05
terrain-002098,3,3,1024,42.031,74.1503
terrain-002099,3,3,1024,61.499,1739.12
terrain-002100,3,3,1024,42.01,63.1527
terrain-002101,3,3,1024,42.181,87.5705
terrain-002102,3,3,1024,41.942,321.7
terrain-002103,3,3,1024,41.996,326.572
terrain-002104,3,3,1024,61.087,5290.76
terrain-002105,3,3,1024,41.912,93.5285
terrain-002106,3,3,1024,58.218,2174.83
terrain-002107,3,3,1024,41.963,93.9372
terrain-002108,3,3,1024,42.019,110.253
terrain-002109,3,3,1024,41.868,93.9793
terrain-002110,3,3,1024,42.033,441.686
terrain-002111,3,3,1024,60.74,8454.31
terrain-002112,3,3,1024,41.925,134.191
terrain-002113,3,3,1024,42.009,171.24
terrain-002114,3,3,1024,41.828,129.031
terrain-002115,3,3,1024,41.874,133.359
terrain-002116,3,3,1024,61.3,3098.48
terrain-002117,3,3,1024,41.996,74.3263
terrain-002118,3,3,1024,59.759,1775.6
terrain-002119,3,3,1024,42.043,76.8666
terrain-002120,3,3,1024,61.664,1801.03
terrain-002121,3,3,1024,42.018,65.0186
terrain-002122,3,3,1024,42.194,90.4777
terrain-002123,3,3,1024,41.986,379.951
terrain-002124,3,3,1024,42.039,383.479
terrain-002125,3,3,1024,61.085,5487.59
terrain-002126,3,3,1024,41.922,97.8918
terrain-002127,3,3,1024,58.281,2272.51
terrain-002128,3,3,1024,41.973,98.1258
terrain-002129,3,3,1024,42.028,114.901
terrain-002130,3,3,1024,41.878,98.5155
terrain-002131,3,3,1024,60.725,8788.49
terrain-002132,3,3,1024,41.937,142.905
terrain-002133,3,3,1024,42.022,182.72
terrain-002134,3,3,1024,41.84,137.738
terrain-002135,3,3,1024,41.886,142.41
terrain-002136,3,3,1024,58.876,11588.2
terrain-002137,3,3,1024,41.872,228.837
terrain-002138,3,3,1024,41.919,236.511
terrain-002139,3,3,1024,41.969,237.881
terrain-002140,3,3,4,41.866,1.23008
terrain-002141,3,3,4,41.956,1.19615
terrain-002142,3,3,4,42.012,1.2304
terrain-002143,3,3,4,41.864,1.19588
terrain-002144,3,3,4,41.917,1.23011
terrain-002145,3,3,4,56.959,204.368
terrain-002146,3,3,4,41.9,3.14851
terrain-002147,3,3,4,42.052,2.50356
terrain-002148,3,3,4,59.874,147.624
terrain-002149,3,3,4,41.915,2.6545
terrain-002150,3,3,4,41.969,2.66834
terrain-002151,3,3,4,57.111,194.478
terrain-002152,3,3,4,41.86,2.6682
terrain-002153,3,3,4,42.015,1.69213
terrain-002154,3,3,4,61.705,116.786
terrain-002155,3,3,4,41.883,1.69184
terrain-002156,3,3,4,41.936,1.72661
terrain-002157,3,3,4,41.865,1.72655
terrain-002158,3,3,4,59.447,148.422
terrain-002159,3,3,4,41.867,2.6378
terrain-002160,3,3,4,41.923,2.64958
terrain-002161,3,3,4,56.544,195.828
terrain-002162,3,3,4,41.815,2.64944
terrain-002163,3,3,4,60.768,132.64
terrain-002164,3,3,4,41.9,2.13411
terrain-002165,3,3,4,41.952,2.16282
terrain-002166,3,3,4,58.57,169.869
terrain-002167,3,3,4,41.864,2.16273
terrain-002168,3,3,4,42.065,2.13438
terrain-002169,3,3,4,58.916,146.265
terrain-002170,3,3,4,41.993,3.19496
terrain-002171,3,3,4,42.048,3.16604
terrain-002172,3,3,4,55.922,192.219
terrain-002173,3,3,4,41.919,3.16585
terrain-002174,3,3,4,57.784,187.127
terrain-002175,3,3,4,41.862,2.47574
terrain-002176,3,3,4,42.102,2.45563
terrain-002177,3,3,4,60.324,143.241
terrain-002178,3,3,4,41.91,2.45535
terrain-002179,3,3,4,41.963,2.47586
terrain-002180,3,3,1024,42.99,65.614
terrain-002181,3,3,1024,73.151,1111.65
terrain-002182,3,3,1024,43.047,66.0077
terrain-002183,3,3,1024,43.705,88.6847
terrain-002184,3,3,1024,73.077,1154.89
terrain-002185,3,3,1024,42.945,63.4798
terrain-002186,3,3,1024,71.43,1073.28
terrain-002187,3,3,1024,42.472,38.5676
terrain-002188,3,3,1024,42.371,37.1699
terrain-002189,3,3,1024,42.419,38.4329
terrain-002190,3,3,1024,41.972,314.883
terrain-002191,3,3,1024,71.519,11656.9
terrain-002192,3,3,1024,41.917,119.563
terrain-002193,3,3,1024,42.003,152.04
terrain-002194,3,3,1024,41.82,114.507
terrain-002195,3,3,1024,41.866,118.278
terrain-002196,3,3,1024,41.887,112.931
terrain-002197,3,3,1024,42.264,55.7292
terrain-002198,3,3,1024,42.613,80.318
terrain-002199,3,3,1024,75.947,2090.08
terrain-002200,3,3,1024,42.212,57.4556
terrain-002201,3,3,1024,66.713,1441.89
terrain-002202,3,3,1024,42.211,55.4483
terrain-002203,3,3,1024,70.013,1580.73
terrain-002204,3,3,1024,42.026,40.9403
terrain-002205,3,3,1024,42.028,38.4329
terrain-002206,3,3,1024,42.084,38.5677
terrain-002207,3,3,1024,68.42,15053.5
terrain-002208,3,3,1024,41.832,171.15
terrain-002209,3,3,1024,41.878,176.653
terrain-002210,3,3,1024,41.929,179.536
terrain-002211,3,3,1024,69.564,3884.62
terrain-002212,3,3,1024,41.971,66.9923
terrain-002213,3,3,1024,59.265,1537.74
terrain-002214,3,3,1024,42.017,69.2414
terrain-002215,3,3,1024,61.261,1617.64
terrain-002216,3,3,1024,42.003,59.7145
terrain-002217,3,3,1024,42.169,82.2584
terrain-002218,3,3,1024,41.91,48.9454
terrain-002219,3,3,1024,41.962,49.1642
terrain-002220,3,3,1024,41.91,56.1205
terrain-002221,3,3,1024,41.902,246.026
terrain-002222,3,3,1024,41.957,251.645
terrain-002223,3,3,1024,69.731,6870.34
terrain-002224,3,3,1024,41.904,85.8513
terrain-002225,3,3,1024,58.188,1988.09
terrain-002226,3,3,1024,41.956,86.5266
terrain-002227,3,3,1024,42.015,101.963
terrain-002228,3,3,1024,41.859,86.0318
terrain-002229,3,3,1024,41.806,65.184
terrain-002230,3,3,1024,41.854,67.3739
terrain-002231,3,3,1024,42.288,58.7142
terrain-002232,3,3,1024,42.659,85.3789
terrain-002233,3,3,1024,76.681,2297.94
terrain-002234,3,3,1024,42.241,60.8969
terrain-002235,3,3,1024,67.802,1578.15
terrain-002236,3,3,1024,42.236,58.5543
terrain-002237,3,3,1024,71.018,1698.19
terrain-002238,3,3,1024,68.956,17162.8
terrain-002239,3,3,1024,41.855,205.791
terrain-002240,3,3,1024,41.901,212.577
terrain-002241,3,3,1024,41.952,214.7
terrain-002242,3,3,1024,69.769,4207.6
terrain-002243,3,3,1024,41.989,71.7177
terrain-002244,3,3,1024,59.679,1693.71
terrain-002245,3,3,1024,42.035,74.1533
terrain-002246,3,3,1024,61.626,1740.86
terrain-002247,3,3,1024,42.014,63.1549
terrain-002248,3,3,1024,42.187,87.5749
terrain-002249,3,3,1024,41.945,321.756
terrain-002250,3,3,1024,41.999,326.629
terrain-002251,3,3,1024,70.08,7551.73
terrain-002252,3,3,1024,41.917,93.5332
terrain-002253,3,3,1024,58.352,2177.52
terrain-002254,3,3,1024,41.968,93.9419
terrain-002255,3,3,1024,42.025,110.26
terrain-002256,3,3,1024,41.872,93.9842
terrain-002257,3,3,1024,42.035,441.79
terrain-002258,3,3,1024,72.319,13163.9
terrain-002259,3,3,1024,41.93,134.201
terrain-002260,3,3,1024,42.017,171.257
terrain-002261,3,3,1024,41.833,129.04
terrain-002262,3,3,1024,41.879,133.369
terrain-002263,3,3,1024,69.869,4367.4
terrain-002264,3,3,1024,42.001,74.3347
terrain-002265,3,3,1024,59.924,1780.56
terrain-002266,3,3,1024,42.047,76.8753
terrain-002267,3,3,1024,61.837,1806.07
terrain-002268,3,3,1024,42.022,65.0247
terrain-002269,3,3,1024,42.199,90.4902
terrain-002270,3,3,1024,41.99,380.163
terrain-002271,3,3,1024,42.043,383.692
terrain-002272,3,3,1024,70.252,7873.1
terrain-002273,3,3,1024,41.927,97.9059
terrain-002274,3,3,1024,58.464,2280.51
terrain-002275,3,3,1024,41.978,98.1397
terrain-002276,3,3,1024,42.034,114.921
terrain-002277,3,3,1024,41.882,98.5301
terrain-002278,3,3,1024,72.707,13849.7
terrain-002279,3,3,1024,41.942,142.935
terrain-002280,3,3,1024,42.031,182.771
terrain-002281,3,3,1024,41.845,137.767
terrain-002282,3,3,1024,41.891,142.439
terrain-002283,3,3,1024,69.24,18075
terrain-002284,3,3,1024,41.877,228.916
terrain-002285,3,3,1024,41.924,236.593
terrain-002286,3,3,1024,41.974,237.963
terrain-002287,3,3,4,41.865,1.23041
terrain-002288,3,3,4,41.955,1.19645
terrain-002289,3,3,4,42.011,1.23071
terrain-002290,3,3,4,41.864,1.19618
terrain-002291,3,3,4,41.916,1.23043
terrain-002292,3,3,4,57.828,216.821
terrain-002293,3,3,4,41.899,3.14973
terrain-002294,3,3,4,42.052,2.50489
terrain-002295,3,3,4,61.336,159.328
terrain-002296,3,3,4,41.915,2.65605
terrain-002297,3,3,4,41.969,2.66992
terrain-002298,3,3,4,58.404,210.904
terrain-002299,3,3,4,41.859,2.66981
terrain-002300,3,3,4,42.015,1.69263
terrain-002301,3,3,4,63.158,125.37
terrain-002302,3,3,4,41.882,1.69234
terrain-002303,3,3,4,41.935,1.72712
terrain-002304,3,3,4,41.864,1.72707
terrain-002305,3,3,4,60.907,160.474
terrain-002306,3,3,4,41.867,2.63945
terrain-002307,3,3,4,41.923,2.65123
terrain-002308,3,3,4,57.826,212.892
terrain-002309,3,3,4,41.814,2.65113
terrain-002310,3,3,4,62.429,144.161
terrain-002311,3,3,4,41.899,2.13536
terrain-002312,3,3,4,41.952,2.16409
terrain-002313,3,3,4,60.123,185.748
terrain-002314,3,3,4,41.863,2.16402
terrain-002315,3,3,4,42.065,2.13561
terrain-002316,3,3,4,60.357,158.331
terrain-002317,3,3,4,41.992,3.19757
terrain-002318,3,3,4,42.048,3.16859
terrain-002319,3,3,4,57.174,209.273
terrain-002320,3,3,4,41.917,3.16844
terrain-002321,3,3,4,59.207,203.929
terrain-002322,3,3,4,41.861,2.4771
terrain-002323,3,3,4,42.102,2.45692
terrain-002324,3,3,4,61.888,155.197
terrain-002325,3,3,4,41.909,2.45666
terrain-002326,3,3,4,41.963,2.47719
terrain-002327,3,3,1024,42.993,65.6076
terrain-002328,3,3,1024,73.093,1107.55
terrain-002329,3,3,1024,43.051,66.0013
terrain-002330,3,3,1024,43.71,88.6727
terrain-002331,3,3,1024,73.012,1150.34
terrain-002332,3,3,1024,42.948,63.4736
terrain-002333,3,3,1024,71.38,1069.46
terrain-002334,3,3,1024,42.475,38.5655
terrain-002335,3,3,1024,42.374,37.1679
terrain-002336,3,3,1024,42.422,38.4308
terrain-002337,3,3,1024,41.971,314.739
terrain-002338,3,3,1024,71.06,11474.5
terrain-002339,3,3,1024,41.918,119.542
terrain-002340,3,3,1024,42.004,152.005
terrain-002341,3,3,1024,41.821,114.487
terrain-002342,3,3,1024,41.867,118.257
terrain-002343,3,3,1024,41.891,112.913
terrain-002344,3,3,1024,42.265,55.7247
terrain-002345,3,3,1024,42.616,80.3082
terrain-002346,3,3,1024,75.981,2089.54
terrain-002347,3,3,1024,42.213,57.4506
terrain-002348,3,3,1024,66.69,1438.72
terrain-002349,3,3,1024,42.212,55.4438
terrain-002350,3,3,1024,69.986,1576.93
terrain-002351,3,3,1024,42.027,40.9379
terrain-002352,3,3,1024,42.03,38.4309
terrain-002353,3,3,1024,42.086,38.5656
terrain-002354,3,3,1024,68.315,14962.9
terrain-002355,3,3,1024,41.832,171.109
terrain-002356,3,3,1024,41.878,176.611
terrain-002357,3,3,1024,41.929,179.493
terrain-002358,3,3,1024,69.61,3887.55
terrain-002359,3,3,1024,41.972,66.9854
terrain-002360,3,3,1024,59.237,1534.14
terrain-002361,3,3,1024,42.018,69.2343
terrain-002362,3,3,1024,61.227,1613.66
terrain-002363,3,3,1024,42.004,59.7093
terrain-002364,3,3,1024,42.17,82.2481
terrain-002365,3,3,1024,41.912,48.942
terrain-002366,3,3,1024,41.964,49.1608
terrain-002367,3,3,1024,41.912,56.1159
terrain-002368,3,3,1024,41.903,245.948
terrain-002369,3,3,1024,41.957,251.569
terrain-002370,3,3,1024,69.892,6903.45
terrain-002371,3,3,1024,41.906,85.8404
terrain-002372,3,3,1024,58.147,1982.09
terrain-002373,3,3,1024,41.957,86.5157
terrain-002374,3,3,1024,42.016,101.947
terrain-002375,3,3,1024,41.86,86.0205
terrain-002376,3,3,1024,41.808,65.1778
terrain-002377,3,3,1024,41.856,67.3675
terrain-002378,3,3,1024,42.289,58.7114
terrain-002379,3,3,1024,42.661,85.3727
terrain-002380,3,3,1024,76.776,2300.62
terrain-002381,3,3,1024,42.243,60.8937
terrain-002382,3,3,1024,67.805,1576.03
terrain-002383,3,3,1024,42.237,58.5515
terrain-002384,3,3,1024,71.024,1695.74
terrain-002385,3,3,1024,68.905,17066.7
terrain-002386,3,3,1024,41.855,205.759
terrain-002387,3,3,1024,41.901,212.546
terrain-002388,3,3,1024,41.952,214.669
terrain-002389,3,3,1024,69.849,4214.1
terrain-002390,3,3,1024,41.99,71.7133
terrain-002391,3,3,1024,59.671,1691.26
terrain-002392,3,3,1024,42.036,74.1487
terrain-002393,3,3,1024,61.614,1738.29
terrain-002394,3,3,1024,42.015,63.1516
terrain-002395,3,3,1024,42.188,87.5684
terrain-002396,3,3,1024,41.945,321.689
terrain-002397,3,3,1024,41.999,326.569
terrain-002398,3,3,1024,70.302,7598.43
terrain-002399,3,3,1024,41.918,93.526
terrain-002400,3,3,1024,58.334,2173.5
terrain-002401,3,3,1024,41.969,93.9347
terrain-002402,3,3,1024,42.026,110.25
terrain-002403,3,3,1024,41.873,93.9767
terrain-002404,3,3,1024,42.034,441.631
terrain-002405,3,3,1024,71.854,12946.4
terrain-002406,3,3,1024,41.931,134.186
terrain-002407,3,3,1024,42.018,171.232
terrain-002408,3,3,1024,41.834,129.026
terrain-002409,3,3,1024,41.88,133.354
terrain-002410,3,3,1024,70.055,4389.45
terrain-002411,3,3,1024,42.002,74.3308
terrain-002412,3,3,1024,59.921,1778.31
terrain-002413,3,3,1024,42.048,76.8712
terrain-002414,3,3,1024,61.831,1803.75
terrain-002415,3,3,1024,42.023,65.0218
terrain-002416,3,3,1024,42.2,90.4843
terrain-002417,3,3,1024,41.99,380.089
terrain-002418,3,3,1024,42.044,383.628
terrain-002419,3,3,1024,70.558,7942.18
terrain-002420,3,3,1024,41.929,97.8992
terrain-002421,3,3,1024,58.452,2276.83
terrain-002422,3,3,1024,41.979,98.1332
terrain-002423,3,3,1024,42.035,114.912
terrain-002424,3,3,1024,41.883,98.5232
terrain-002425,3,3,1024,72.243,13617.7
terrain-002426,3,3,1024,41.943,142.921
terrain-002427,3,3,1024,42.032,182.748
terrain-002428,3,3,1024,41.847,137.753
terrain-002429,3,3,1024,41.893,142.425
terrain-002430,3,3,1024,69.16,17942.6
terrain-002431,3,3,1024,41.878,228.885
terrain-002432,3,3,1024,41.924,236.561
terrain-002433,3,3,1024,41.975,237.932
terrain-002434,3,3,4,41.865,1.23041
terrain-002435,3,3,4,41.955,1.19645
terrain-002436,3,3,4,42.011,1.23071
terrain-002437,3,3,4,41.864,1.19618
terrain-002438,3,3,4,41.916,1.23043
terrain-002439,3,3,4,57.828,216.821
terrain-002440,3,3,4,41.899,3.14973
terrain-002441,3,3,4,42.052,2.50489
terrain-002442,3,3,4,61.336,159.328
terrain-002443,3,3,4,41.915,2.65605
terrain-002444,3,3,4,41.969,2.66992
terrain-002445,3,3,4,58.404,210.904
terrain-002446,3,3,4,41.859,2.66981
terrain-002447,3,3,4,42.015,1.69263
terrain-002448,3,3,4,63.158,125.37
terrain-002449,3,3,4,41.882,1.69234
terrain-002450,3,3,4,41.935,1.72712
terrain-002451,3,3,4,41.864,1.72707
terrain-002452,3,3,4,60.907,160.474
terrain-002453,3,3,4,41.867,2.63945
terrain-002454,3,3,4,41.923,2.65123
terrain-002455,3,3,4,57.826,212.892
terrain-002456,3,3,4,41.814,2.65113
terrain-002457,3,3,4,62.429,144.161
terrain-002458,3,3,4,41.899,2.13536
terrain-002459,3,3,4,41.952,2.16409
terrain-002460,3,3,4,60.123,185.748
terrain-002461,3,3,4,41.863,2.16402
terrain-002462,3,3,4,42.065,2.13561
terrain-002463,3,3,4,60.357,158.331
terrain-002464,3,3,4,41.992,3.19757
terrain-002465,3,3,4,42.048,3.16859
terrain-002466,3,3,4,57.174,209.273
terrain-002467,3,3,4,41.917,3.16844
terrain-002468,3,3,4,59.207,203.929
terrain-002469,3,3,4,41.861,2.4771
terrain-002470,3,3,4,42.102,2.45692
terrain-002471,3,3,4,61.888,155.197
terrain-002472,3,3,4,41.909,2.45666
terrain-002473,3,3,4,41.963,2.47719
terrain-002474,3,3,1024,42.993,65.6076
terrain-002475,3,3,1024,73.093,1107.55
terrain-002476,3,3,1024,43.051,66.0013
terrain-002477,3,3,1024,43.71,88.6727
terrain-002478,3,3,1024,73.012,1150.34
terrain-002479,3,3,1024,42.948,63.4736
terrain-002480,3,3,1024,71.38,1069.46
terrain-002481,3,3,1024,42.475,38.5655
terrain-002482,3,3,1024,42.374,37.1679
terrain-002483,3,3,1024,42.422,38.4308
terrain-002484,3,3,1024,41.971,314.739
terrain-002485,3,3,1024,71.06,11474.3
terrain-002486,3,3,1024,41.918,119.542
terrain-002487,3,3,1024,42.004,152.005
terrain-002488,3,3,1024,41.821,114.487
terrain-002489,3,3,1024,41.867,118.257
terrain-002490,3,3,1024,41.891,112.913
terrain-002491,3,3,1024,42.265,55.7247
terrain-002492,3,3,1024,42.616,80.3082
terrain-002493,3,3,1024,75.981,2089.54
terrain-002494,3,3,1024,42.213,57.4506
terrain-002495,3,3,1024,66.69,1438.72
terrain-002496,3,3,1024,42.212,55.4438
terrain-002497,3,3,1024,69.986,1576.93
terrain-002498,3,3,1024,42.027,40.9379
terrain-002499,3,3,1024,42.03,38.4309
terrain-002500,3,3,1024,42.086,38.5656
terrain-002501,3,3,1024,68.315,14962.9
terrain-002502,3,3,1024,41.832,171.109
terrain-002503,3,3,1024,41.878,176.611
terrain-002504,3,3,1024,41.929,179.493
terrain-002505,3,3,1024,69.61,3887.55
terrain-002506,3,3,1024,41.972,66.9854
terrain-002507,3,3,1024,59.237,1534.14
terrain-002508,3,3,1024,42.018,69.2343
terrain-002509,3,3,1024,61.227,1613.66
terrain-002510,3,3,1024,42.004,59.7093
terrain-002511,3,3,1024,42.17,82.2481
terrain-002512,3,3,1024,41.912,48.942
terrain-002513,3,3,1024,41.964,49.1608
terrain-002514,3,3,1024,41.912,56.1159
terrain-002515,3,3,1024,41.903,245.948
terrain-002516,3,3,1024,41.957,251.569
terrain-002517,3,3,1024,69.892,6903.43
terrain-002518,3,3,1024,41.906,85.8404
terrain-002519,3,3,1024,58.147,1982.09
terrain-002520,3,3,1024,41.957,86.5157
terrain-002521,3,3,1024,42.016,101.947
terrain-002522,3,3,1024,41.86,86.0205
terrain-002523,3,3,1024,41.808,65.1778
terrain-002524,3,3,1024,41.856,67.3675
terrain-002525,3,3,1024,42.289,58.7114
terrain-002526,3,3,1024,42.661,85.3727
terrain-002527,3,3,1024,76.776,2300.62
terrain-002528,3,3,1024,42.243,60.8937
terrain-002529,3,3,1024,67.805,1576.03
terrain-002530,3,3,1024,42.237,58.5515
terrain-002531,3,3,1024,71.024,1695.74
terrain-002532,3,3,1024,68.904,17066.7
terrain-002533,3,3,1024,41.855,205.759
terrain-002534,3,3,1024,41.901,212.546
terrain-002535,3,3,1024,41.952,214.669
terrain-002536,3,3,1024,69.849,4214.1
terrain-002537,3,3,1024,41.99,71.7133
terrain-002538,3,3,1024,59.671,1691.26
terrain-002539,3,3,1024,42.036,74.1487
terrain-002540,3,3,1024,61.614,1738.29
terrain-002541,3,3,1024,42.015,63.1516
terrain-002542,3,3,1024,42.188,87.5684
terrain-002543,3,3,1024,41.945,321.689
terrain-002544,3,3,1024,41.999,326.569
terrain-002545,3,3,1024,70.302,7598.5
terrain-002546,3,3,1024,41.918,93.526
terrain-002547,3,3,1024,58.334,2173.5
terrain-002548,3,3,1024,41.969,93.9347
terrain-002549,3,3,1024,42.026,110.25
terrain-002550,3,3,1024,41.873,93.9767
terrain-002551,3,3,1024,42.034,441.631
terrain-002552,3,3,1024,71.854,12946.6
terrain-002553,3,3,1024,41.931,134.186
terrain-002554,3,3,1024,42.018,171.232
terrain-002555,3,3,1024,41.834,129.026
terrain-002556,3,3,1024,41.88,133.354
terrain-002557,3,3,1024,70.055,4389.45
terrain-002558,3,3,1024,42.002,74.3308
terrain-002559,3,3,1024,59.921,1778.31
terrain-002560,3,3,1024,42.048,76.8712
terrain-002561,3,3,1024,61.831,1803.75
terrain-002562,3,3,1024,42.023,65.0218
terrain-002563,3,3,1024,42.2,90.4843
terrain-002564,3,3,1024,41.99,380.089
terrain-002565,3,3,1024,42.044,383.628
terrain-002566,3,3,1024,70.558,7942.17
terrain-002567,3,3,1024,41.929,97.8992
terrain-002568,3,3,1024,58.452,2276.83
terrain-002569,3,3,1024,41.979,98.1332
terrain-002570,3,3,1024,42.035,114.912
terrain-002571,3,3,1024,41.883,98.5232
terrain-002572,3,3,1024,72.241,13617.1
terrain-002573,3,3,1024,41.943,142.921
terrain-002574,3,3,1024,42.032,182.748
terrain-002575,3,3,1024,41.847,137.753
terrain-002576,3,3,1024,41.893,142.425
terrain-002577,3,3,1024,69.16,17942.6
terrain-002578,3,3,1024,41.878,228.885
terrain-002579,3,3,1024,41.924,236.561
terrain-002580,3,3,1024,41.975,237.932
terrain-002581,4,4,4,41.984,1.23041
terrain-002582,4,4,4,42.075,1.19646
terrain-002583,4,4,4,42.132,1.23072
terrain-002584,4,4,4,69.442,119.119
terrain-002585,4,4,4,41.982,1.19619
terrain-002586,4,4,4,42.035,1.23044
terrain-002587,4,4,4,42.03,1.23071
terrain-002588,4,4,4,60.979,249.017
terrain-002589,4,4,4,42.02,3.14991
terrain-002590,4,4,4,59.486,311.08
terrain-002591,4,4,4,60.452,303.795
terrain-002592,4,4,4,70.951,137.158
terrain-002593,4,4,4,42.174,2.50506
terrain-002594,4,4,4,42.234,2.52166
terrain-002595,4,4,4,65.621,187.829
terrain-002596,4,4,4,67.109,202.897
terrain-002597,4,4,4,42.035,2.65624
terrain-002598,4,4,4,42.09,2.67008
terrain-002599,4,4,4,66.936,202.656
terrain-002600,4,4,4,42.025,2.52161
terrain-002601,4,4,4,61.762,244.024
terrain-002602,4,4,4,41.979,2.66994
terrain-002603,4,4,4,72.194,116.708
terrain-002604,4,4,4,42.136,1.69274
terrain-002605,4,4,4,42.194,1.72754
terrain-002606,4,4,4,68.056,149.137
terrain-002607,4,4,4,42.002,1.69245
terrain-002608,4,4,4,42.055,1.72724
terrain-002609,4,4,4,42.05,1.72752
terrain-002610,4,4,4,65.633,183.784
terrain-002611,4,4,4,41.983,1.72718
terrain-002612,4,4,4,60.073,307.3
terrain-002613,4,4,4,70.391,136.8
terrain-002614,4,4,4,42.384,3.19068
terrain-002615,4,4,4,42.44,3.15741
terrain-002616,4,4,4,64.892,187.456
terrain-002617,4,4,4,66.341,202.481
terrain-002618,4,4,4,41.987,2.63948
terrain-002619,4,4,4,42.043,2.65126
terrain-002620,4,4,4,66.148,201.905
terrain-002621,4,4,4,42.177,3.15734
terrain-002622,4,4,4,60.852,243.422
terrain-002623,4,4,4,41.933,2.65112
terrain-002624,4,4,4,59.365,302.802
terrain-002625,4,4,4,66.877,169.48
terrain-002626,4,4,4,42.019,2.13523
terrain-002627,4,4,4,42.072,2.16395
terrain-002628,4,4,4,42.067,2.16416
terrain-002629,4,4,4,63.77,214.636
terrain-002630,4,4,4,41.982,2.16386
terrain-002631,4,4,4,71.625,127.961
terrain-002632,4,4,4,42.188,2.13547
terrain-002633,4,4,4,42.247,2.16419
terrain-002634,4,4,4,64.05,183.458
terrain-002635,4,4,4,65.428,197.977
terrain-002636,4,4,4,42.115,3.19739
terrain-002637,4,4,4,42.171,3.16841
terrain-002638,4,4,4,67.081,211.101
terrain-002639,4,4,4,42.149,3.14273
terrain-002640,4,4,4,59.906,236.942
terrain-002641,4,4,4,42.039,3.16822
terrain-002642,4,4,4,58.268,292.821
terrain-002643,4,4,4,62.676,235.432
terrain-002644,4,4,4,41.981,2.47716
terrain-002645,4,4,4,61.604,291.366
terrain-002646,4,4,4,71.436,135.07
terrain-002647,4,4,4,42.225,2.457
terrain-002648,4,4,4,42.284,2.47752
terrain-002649,4,4,4,66.243,182.566
terrain-002650,4,4,4,67.715,196.921
terrain-002651,4,4,4,42.03,2.45675
terrain-002652,4,4,4,42.084,2.47728
terrain-002653,4,4,4,67.712,198.233
terrain-002654,4,4,4,42.078,2.47748
terrain-002655,4,4,1024,43.129,65.6142
terrain-002656,4,4,1024,82.949,1418.94
terrain-002657,4,4,1024,83.019,773.203
terrain-002658,4,4,1024,43.187,66.0079
terrain-002659,4,4,1024,43.858,88.6852
terrain-002660,4,4,1024,83.337,1491.1
terrain-002661,4,4,1024,43.083,63.48
terrain-002662,4,4,1024,80.337,1357.01
terrain-002663,4,4,1024,42.603,38.5678
terrain-002664,4,4,1024,42.987,52.0667
terrain-002665,4,4,1024,85.323,1526.12
terrain-002666,4,4,1024,42.5,37.1701
terrain-002667,4,4,1024,72.595,1002.74
terrain-002668,4,4,1024,42.549,38.433
terrain-002669,4,4,1024,75.442,1036.11
terrain-002670,4,4,1024,42.091,314.886
terrain-002671,4,4,1024,78.298,13878.6
terrain-002672,4,4,1024,42.036,119.564
terrain-002673,4,4,1024,42.125,152.041
terrain-002674,4,4,1024,41.938,114.508
terrain-002675,4,4,1024,41.984,118.278
terrain-002676,4,4,1024,41.957,109.324
terrain-002677,4,4,1024,42.006,112.932
terrain-002678,4,4,1024,42.059,114.103
terrain-002679,4,4,1024,79.706,1455.74
terrain-002680,4,4,1024,42.391,55.7294
terrain-002681,4,4,1024,42.748,80.3183
terrain-002682,4,4,1024,79.693,2910.67
terrain-002683,4,4,1024,86.023,2630.42
terrain-002684,4,4,1024,42.338,57.4558
terrain-002685,4,4,1024,67.361,1442
terrain-002686,4,4,1024,42.337,55.4485
terrain-002687,4,4,1024,70.722,1580.86
terrain-002688,4,4,1024,80.23,2862.02
terrain-002689,4,4,1024,42.149,40.9405
terrain-002690,4,4,1024,60.974,988.507
terrain-002691,4,4,1024,42.152,38.433
terrain-002692,4,4,1024,65.481,1176.58
terrain-002693,4,4,1024,42.208,38.5678
terrain-002694,4,4,1024,42.489,59.3233
terrain-002695,4,4,1024,74.382,17899.9
terrain-002696,4,4,1024,41.949,171.151
terrain-002697,4,4,1024,41.996,176.654
terrain-002698,4,4,1024,42.048,179.537
terrain-002699,4,4,1024,42.039,176.614
terrain-002700,4,4,1024,42.096,179.495
terrain-002701,4,4,1024,79.473,5090.6
terrain-002702,4,4,1024,42.093,66.9925
terrain-002703,4,4,1024,79.379,5344.3
terrain-002704,4,4,1024,59.783,1537.84
terrain-002705,4,4,1024,42.14,69.2415
terrain-002706,4,4,1024,61.819,1617.75
terrain-002707,4,4,1024,42.126,59.7146
terrain-002708,4,4,1024,42.296,82.2587
terrain-002709,4,4,1024,81.113,5267.94
terrain-002710,4,4,1024,42.03,48.9456
terrain-002711,4,4,1024,59.082,1217.88
terrain-002712,4,4,1024,42.083,49.1643
terrain-002713,4,4,1024,42.166,61.465
terrain-002714,4,4,1024,42.031,56.1207
terrain-002715,4,4,1024,73.429,24464.5
terrain-002716,4,4,1024,42.02,246.028
terrain-002717,4,4,1024,42.075,251.647
terrain-002718,4,4,1024,42.124,251.547
terrain-002719,4,4,1024,79.421,8897.75
terrain-002720,4,4,1024,42.024,85.8516
terrain-002721,4,4,1024,79.398,9356.6
terrain-002722,4,4,1024,58.69,1988.23
terrain-002723,4,4,1024,42.076,86.5269
terrain-002724,4,4,1024,42.139,101.963
terrain-002725,4,4,1024,41.979,86.0321
terrain-002726,4,4,1024,79.572,8458.83
terrain-002727,4,4,1024,42.039,69.6748
terrain-002728,4,4,1024,42.125,91.0458
terrain-002729,4,4,1024,41.924,65.1843
terrain-002730,4,4,1024,41.972,67.3742
terrain-002731,4,4,1024,79.849,1521.32
terrain-002732,4,4,1024,42.415,58.7144
terrain-002733,4,4,1024,42.795,85.3792
terrain-002734,4,4,1024,79.823,3040.87
terrain-002735,4,4,1024,88.296,2975.03
terrain-002736,4,4,1024,42.368,60.897
terrain-002737,4,4,1024,68.478,1578.26
terrain-002738,4,4,1024,42.363,58.5545
terrain-002739,4,4,1024,71.752,1698.31
terrain-002740,4,4,1024,80.289,2980.01
terrain-002741,4,4,1024,42.162,42.6581
terrain-002742,4,4,1024,61.311,1050.47
terrain-002743,4,4,1024,42.162,39.9
terrain-002744,4,4,1024,65.944,1240.13
terrain-002745,4,4,1024,42.218,39.9742
terrain-002746,4,4,1024,42.511,62.0387
terrain-002747,4,4,1024,74.465,20060.1
terrain-002748,4,4,1024,41.972,205.791
terrain-002749,4,4,1024,42.019,212.578
terrain-002750,4,4,1024,42.071,214.701
terrain-002751,4,4,1024,42.073,212.521
terrain-002752,4,4,1024,42.129,214.641
terrain-002753,4,4,1024,79.689,5502.67
terrain-002754,4,4,1024,42.111,71.7178
terrain-002755,4,4,1024,79.581,5637.8
terrain-002756,4,4,1024,60.214,1693.8
terrain-002757,4,4,1024,42.158,74.1535
terrain-002758,4,4,1024,62.198,1740.96
terrain-002759,4,4,1024,42.137,63.155
terrain-002760,4,4,1024,42.315,87.5752
terrain-002761,4,4,1024,81.278,5532.82
terrain-002762,4,4,1024,42.038,51.3499
terrain-002763,4,4,1024,59.205,1286.09
terrain-002764,4,4,1024,42.091,51.4729
terrain-002765,4,4,1024,42.174,64.3848
terrain-002766,4,4,1024,42.043,59.3993
terrain-002767,4,4,1024,73.682,28334.4
terrain-002768,4,4,1024,42.064,321.758
terrain-002769,4,4,1024,42.119,326.631
terrain-002770,4,4,1024,42.183,326.461
terrain-002771,4,4,1024,79.773,9742.19
terrain-002772,4,4,1024,42.037,93.5335
terrain-002773,4,4,1024,79.746,10038.2
terrain-002774,4,4,1024,58.866,2177.65
terrain-002775,4,4,1024,42.088,93.9422
terrain-002776,4,4,1024,42.15,110.26
terrain-002777,4,4,1024,41.992,93.9845
terrain-002778,4,4,1024,79.737,8968.21
terrain-002779,4,4,1024,42.047,74.404
terrain-002780,4,4,1024,42.133,97.6021
terrain-002781,4,4,1024,41.93,69.6494
terrain-002782,4,4,1024,41.979,72.0158
terrain-002783,4,4,1024,42.155,441.794
terrain-002784,4,4,1024,78.711,15433.1
terrain-002785,4,4,1024,42.049,134.201
terrain-002786,4,4,1024,78.664,15802.1
terrain-002787,4,4,1024,42.139,171.257
terrain-002788,4,4,1024,41.951,129.04
terrain-002789,4,4,1024,41.998,133.369
terrain-002790,4,4,1024,76.447,12919.9
terrain-002791,4,4,1024,41.972,122.495
terrain-002792,4,4,1024,42.022,126.61
terrain-002793,4,4,1024,42.074,127.36
terrain-002794,4,4,1024,79.752,5699.04
terrain-002795,4,4,1024,42.124,74.3373
terrain-002796,4,4,1024,79.658,5764.72
terrain-002797,4,4,1024,60.486,1782.02
terrain-002798,4,4,1024,42.171,76.8779
terrain-002799,4,4,1024,62.435,1807.57
terrain-002800,4,4,1024,42.145,65.0265
terrain-002801,4,4,1024,42.327,90.4939
terrain-002802,4,4,1024,81.268,5632.34
terrain-002803,4,4,1024,42.044,52.6415
terrain-002804,4,4,1024,59.239,1321.42
terrain-002805,4,4,1024,42.097,52.7091
terrain-002806,4,4,1024,42.179,65.9469
terrain-002807,4,4,1024,42.052,61.1849
terrain-002808,4,4,1024,74.275,30238.7
terrain-002809,4,4,1024,42.11,380.226
terrain-002810,4,4,1024,42.164,383.754
terrain-002811,4,4,1024,79.916,10127.6
terrain-002812,4,4,1024,42.047,97.9101
terrain-002813,4,4,1024,59.005,2282.88
terrain-002814,4,4,1024,42.099,98.1439
terrain-002815,4,4,1024,42.159,114.927
terrain-002816,4,4,1024,42.003,98.5346
terrain-002817,4,4,1024,42.054,77.0149
terrain-002818,4,4,1024,42.14,101.237
terrain-002819,4,4,1024,41.936,72.1173
terrain-002820,4,4,1024,41.985,74.5822
terrain-002821,4,4,1024,73.771,38061
terrain-002822,4,4,1024,42.23,553.168
terrain-002823,4,4,1024,78.913,16111.8
terrain-002824,4,4,1024,42.062,142.944
terrain-002825,4,4,1024,42.153,182.786
terrain-002826,4,4,1024,41.963,137.775
terrain-002827,4,4,1024,42.01,142.448
terrain-002828,4,4,1024,41.986,130.339
terrain-002829,4,4,1024,42.036,134.762
terrain-002830,4,4,1024,42.088,135.206
terrain-002831,4,4,1024,74.57,20960.6
terrain-002832,4,4,1024,41.996,228.94
terrain-002833,4,4,1024,42.043,236.617
terrain-002834,4,4,1024,42.094,237.987
terrain-002835,4,4,1024,42.103,236.54
terrain-002836,4,4,1024,79.619,10057.2
terrain-002837,4,4,1024,42.06,100.237
terrain-002838,4,4,1024,59.069,2326.24
terrain-002839,4,4,1024,42.111,100.37
terrain-002840,4,4,1024,42.171,117.379
terrain-002841,4,4,1024,42.015,100.96
terrain-002842,4,4,1024,78.432,15780.2
terrain-002843,4,4,1024,42.078,147.716
terrain-002844,4,4,1024,42.172,189.067
terrain-002845,4,4,1024,41.979,142.564
terrain-002846,4,4,1024,42.027,147.426
terrain-002847,4,4,1024,74.096,20276.8
terrain-002848,4,4,1024,42.025,242.474
terrain-002849,4,4,1024,42.074,250.678
terrain-002850,4,4,1024,42.125,251.516
terrain-002851,4,4,1024,42.167,417.892
terrain-002852,4,4,1024,42.222,420.2
terrain-002853,4,4,4,41.984,1.23041
terrain-002854,4,4,4,42.075,1.19646
terrain-002855,4,4,4,42.132,1.23072
terrain-002856,4,4,4,69.445,119.132
terrain-002857,4,4,4,41.982,1.19619
terrain-002858,4,4,4,42.035,1.23044
terrain-002859,4,4,4,42.03,1.23071
terrain-002860,4,4,4,61.076,250.107
terrain-002861,4,4,4,42.02,3.15008
terrain-002862,4,4,4,59.597,312.754
terrain-002863,4,4,4,60.495,304.395
terrain-002864,4,4,4,70.967,137.227
terrain-002865,4,4,4,42.174,2.50508
terrain-002866,4,4,4,42.234,2.52168
terrain-002867,4,4,4,65.656,188.069
terrain-002868,4,4,4,67.147,203.169
terrain-002869,4,4,4,42.035,2.65629
terrain-002870,4,4,4,42.091,2.67013
terrain-002871,4,4,4,66.956,202.802
terrain-002872,4,4,4,42.025,2.52164
terrain-002873,4,4,4,61.799,244.417
terrain-002874,4,4,4,41.979,2.66999
terrain-002875,4,4,4,72.195,116.715
terrain-002876,4,4,4,42.136,1.69274
terrain-002877,4,4,4,42.194,1.72754
terrain-002878,4,4,4,68.058,149.148
terrain-002879,4,4,4,42.002,1.69245
terrain-002880,4,4,4,42.055,1.72724
terrain-002881,4,4,4,42.05,1.72752
terrain-002882,4,4,4,65.635,183.8
terrain-002883,4,4,4,41.983,1.72718
terrain-002884,4,4,4,60.296,310.54
terrain-002885,4,4,4,70.421,136.929
terrain-002886,4,4,4,42.385,3.19075
terrain-002887,4,4,4,42.44,3.15748
terrain-002888,4,4,4,64.958,187.923
terrain-002889,4,4,4,66.414,203.008
terrain-002890,4,4,4,41.987,2.63957
terrain-002891,4,4,4,42.043,2.65134
terrain-002892,4,4,4,66.186,202.176
terrain-002893,4,4,4,42.177,3.15741
terrain-002894,4,4,4,60.921,244.184
terrain-002895,4,4,4,41.933,2.65121
terrain-002896,4,4,4,59.443,303.963
terrain-002897,4,4,4,66.888,169.562
terrain-002898,4,4,4,42.019,2.13524
terrain-002899,4,4,4,42.072,2.16397
terrain-002900,4,4,4,42.067,2.16417
terrain-002901,4,4,4,63.781,214.763
terrain-002902,4,4,4,41.982,2.16388
terrain-002903,4,4,4,71.629,127.983
terrain-002904,4,4,4,42.188,2.13547
terrain-002905,4,4,4,42.247,2.1642
terrain-002906,4,4,4,64.127,184.014
terrain-002907,4,4,4,65.514,198.604
terrain-002908,4,4,4,42.115,3.19756
terrain-002909,4,4,4,42.171,3.16857
terrain-002910,4,4,4,67.131,211.468
terrain-002911,4,4,4,42.15,3.14281
terrain-002912,4,4,4,59.986,237.84
terrain-002913,4,4,4,42.039,3.16838
terrain-002914,4,4,4,58.356,294.172
terrain-002915,4,4,4,62.678,235.458
terrain-002916,4,4,4,41.981,2.47716
terrain-002917,4,4,4,61.607,291.407
terrain-002918,4,4,4,71.438,135.079
terrain-002919,4,4,4,42.225,2.457
terrain-002920,4,4,4,42.284,2.47752
terrain-002921,4,4,4,66.246,182.583
terrain-002922,4,4,4,67.718,196.94
terrain-002923,4,4,4,42.03,2.45675
terrain-002924,4,4,4,42.084,2.47728
terrain-002925,4,4,4,67.715,198.252
terrain-002926,4,4,4,42.078,2.47748
terrain-002927,4,4,1024,43.129,65.6144
terrain-002928,4,4,1024,82.952,1419.05
terrain-002929,4,4,1024,83.022,773.268
terrain-002930,4,4,1024,43.187,66.0081
terrain-002931,4,4,1024,43.858,88.6856
terrain-002932,4,4,1024,83.341,1491.22
terrain-002933,4,4,1024,43.083,63.4802
terrain-002934,4,4,1024,80.34,1357.11
terrain-002935,4,4,1024,42.603,38.5679
terrain-002936,4,4,1024,42.987,52.067
terrain-002937,4,4,1024,85.33,1526.38
terrain-002938,4,4,1024,42.5,37.1702
terrain-002939,4,4,1024,72.598,1002.84
terrain-002940,4,4,1024,42.549,38.4331
terrain-002941,4,4,1024,75.446,1036.22
terrain-002942,4,4,1024,42.091,314.891
terrain-002943,4,4,1024,81.37,14932.7
terrain-002944,4,4,1024,42.038,119.564
terrain-002945,4,4,1024,42.127,152.042
terrain-002946,4,4,1024,41.939,114.508
terrain-002947,4,4,1024,41.986,118.279
terrain-002948,4,4,1024,41.959,109.325
terrain-002949,4,4,1024,42.008,112.933
terrain-002950,4,4,1024,42.06,114.104
terrain-002951,4,4,1024,79.712,1455.97
terrain-002952,4,4,1024,42.391,55.7295
terrain-002953,4,4,1024,42.748,80.3187
terrain-002954,4,4,1024,79.699,2911.13
terrain-002955,4,4,1024,86.029,2630.79
terrain-002956,4,4,1024,42.338,57.456
terrain-002957,4,4,1024,67.363,1442.11
terrain-002958,4,4,1024,42.337,55.4486
terrain-002959,4,4,1024,70.724,1580.99
terrain-002960,4,4,1024,80.243,2862.93
terrain-002961,4,4,1024,42.149,40.9406
terrain-002962,4,4,1024,60.976,988.607
terrain-002963,4,4,1024,42.152,38.4332
terrain-002964,4,4,1024,65.484,1176.72
terrain-002965,4,4,1024,42.208,38.5679
terrain-002966,4,4,1024,42.489,59.3237
terrain-002967,4,4,1024,76.893,19177.6
terrain-002968,4,4,1024,41.951,171.152
terrain-002969,4,4,1024,41.997,176.655
terrain-002970,4,4,1024,42.049,179.538
terrain-002971,4,4,1024,42.041,176.617
terrain-002972,4,4,1024,42.097,179.498
terrain-002973,4,4,1024,79.483,5092
terrain-002974,4,4,1024,42.093,66.9927
terrain-002975,4,4,1024,79.39,5345.85
terrain-002976,4,4,1024,59.784,1537.97
terrain-002977,4,4,1024,42.14,69.2418
terrain-002978,4,4,1024,61.821,1617.89
terrain-002979,4,4,1024,42.126,59.7148
terrain-002980,4,4,1024,42.296,82.2591
terrain-002981,4,4,1024,81.137,5271.02
terrain-002982,4,4,1024,42.031,48.9458
terrain-002983,4,4,1024,59.084,1218.03
terrain-002984,4,4,1024,42.084,49.1646
terrain-002985,4,4,1024,42.166,61.4653
terrain-002986,4,4,1024,42.032,56.121
terrain-002987,4,4,1024,75.278,25807.2
terrain-002988,4,4,1024,42.021,246.031
terrain-002989,4,4,1024,42.076,251.65
terrain-002990,4,4,1024,42.125,251.553
terrain-002991,4,4,1024,79.439,8902.04
terrain-002992,4,4,1024,42.025,85.852
terrain-002993,4,4,1024,79.417,9361.35
terrain-002994,4,4,1024,58.691,1988.45
terrain-002995,4,4,1024,42.077,86.5272
terrain-002996,4,4,1024,42.139,101.964
terrain-002997,4,4,1024,41.979,86.0325
terrain-002998,4,4,1024,83.477,9251.02
terrain-002999,4,4,1024,42.041,69.6753
terrain-003000,4,4,1024,42.128,91.0466
terrain-003001,4,4,1024,41.926,65.1847
terrain-003002,4,4,1024,41.974,67.3746
terrain-003003,4,4,1024,79.855,1521.57
terrain-003004,4,4,1024,42.415,58.7145
terrain-003005,4,4,1024,42.795,85.3796
terrain-003006,4,4,1024,79.829,3041.38
terrain-003007,4,4,1024,88.304,2975.52
terrain-003008,4,4,1024,42.368,60.8972
terrain-003009,4,4,1024,68.48,1578.38
terrain-003010,4,4,1024,42.363,58.5546
terrain-003011,4,4,1024,71.754,1698.45
terrain-003012,4,4,1024,80.377,2986.7
terrain-003013,4,4,1024,42.162,42.6583
terrain-003014,4,4,1024,61.314,1050.59
terrain-003015,4,4,1024,42.162,39.9002
terrain-003016,4,4,1024,65.948,1240.28
terrain-003017,4,4,1024,42.218,39.9744
terrain-003018,4,4,1024,42.511,62.0391
terrain-003019,4,4,1024,77.307,21679.3
terrain-003020,4,4,1024,41.974,205.793
terrain-003021,4,4,1024,42.021,212.58
terrain-003022,4,4,1024,42.073,214.703
terrain-003023,4,4,1024,42.074,212.525
terrain-003024,4,4,1024,42.131,214.646
terrain-003025,4,4,1024,79.701,5504.33
terrain-003026,4,4,1024,42.111,71.7181
terrain-003027,4,4,1024,79.593,5639.55
terrain-003028,4,4,1024,60.216,1693.94
terrain-003029,4,4,1024,42.158,74.1537
terrain-003030,4,4,1024,62.199,1741.1
terrain-003031,4,4,1024,42.137,63.1551
terrain-003032,4,4,1024,42.315,87.5755
terrain-003033,4,4,1024,81.398,5549.34
terrain-003034,4,4,1024,42.039,51.3502
terrain-003035,4,4,1024,59.207,1286.26
terrain-003036,4,4,1024,42.092,51.4731
terrain-003037,4,4,1024,42.174,64.3852
terrain-003038,4,4,1024,42.043,59.3996
terrain-003039,4,4,1024,75.854,30152.4
terrain-003040,4,4,1024,42.065,321.763
terrain-003041,4,4,1024,42.12,326.635
terrain-003042,4,4,1024,42.185,326.471
terrain-003043,4,4,1024,79.793,9747.41
terrain-003044,4,4,1024,42.038,93.5338
terrain-003045,4,4,1024,79.768,10043.7
terrain-003046,4,4,1024,58.868,2177.87
terrain-003047,4,4,1024,42.09,93.9425
terrain-003048,4,4,1024,42.15,110.261
terrain-003049,4,4,1024,41.992,93.9849
terrain-003050,4,4,1024,84.051,9895.02
terrain-003051,4,4,1024,42.049,74.4045
terrain-003052,4,4,1024,42.136,97.6031
terrain-003053,4,4,1024,41.932,69.6499
terrain-003054,4,4,1024,41.981,72.0163
terrain-003055,4,4,1024,42.156,441.802
terrain-003056,4,4,1024,82.188,16748.1
terrain-003057,4,4,1024,42.051,134.202
terrain-003058,4,4,1024,82.227,17183.5
terrain-003059,4,4,1024,42.142,171.259
terrain-003060,4,4,1024,41.952,129.041
terrain-003061,4,4,1024,41.999,133.37
terrain-003062,4,4,1024,80.217,14218.5
terrain-003063,4,4,1024,41.974,122.496
terrain-003064,4,4,1024,42.023,126.611
terrain-003065,4,4,1024,42.076,127.362
terrain-003066,4,4,1024,79.862,5714.92
terrain-003067,4,4,1024,42.124,74.3379
terrain-003068,4,4,1024,79.744,5777.25
terrain-003069,4,4,1024,60.491,1782.41
terrain-003070,4,4,1024,42.171,76.8786
terrain-003071,4,4,1024,62.44,1807.97
terrain-003072,4,4,1024,42.145,65.027
terrain-003073,4,4,1024,42.327,90.4949
terrain-003074,4,4,1024,81.517,5666.99
terrain-003075,4,4,1024,42.045,52.642
terrain-003076,4,4,1024,59.245,1321.79
terrain-003077,4,4,1024,42.097,52.7096
terrain-003078,4,4,1024,42.179,65.9478
terrain-003079,4,4,1024,42.052,61.1856
terrain-003080,4,4,1024,76.902,32553.4
terrain-003081,4,4,1024,42.111,380.243
terrain-003082,4,4,1024,42.166,383.772
terrain-003083,4,4,1024,80.067,10166.3
terrain-003084,4,4,1024,42.049,97.9112
terrain-003085,4,4,1024,59.01,2283.52
terrain-003086,4,4,1024,42.1,98.145
terrain-003087,4,4,1024,42.159,114.929
terrain-003088,4,4,1024,42.003,98.5357
terrain-003089,4,4,1024,42.056,77.0161
terrain-003090,4,4,1024,42.143,101.24
terrain-003091,4,4,1024,41.938,72.1183
terrain-003092,4,4,1024,41.987,74.5832
terrain-003093,4,4,1024,75.859,40443.2
terrain-003094,4,4,1024,42.231,553.203
terrain-003095,4,4,1024,82.769,17632.6
terrain-003096,4,4,1024,42.064,142.946
terrain-003097,4,4,1024,42.157,182.791
terrain-003098,4,4,1024,41.965,137.778
terrain-003099,4,4,1024,42.012,142.451
terrain-003100,4,4,1024,41.988,130.343
terrain-003101,4,4,1024,42.038,134.766
terrain-003102,4,4,1024,42.09,135.21
terrain-003103,4,4,1024,77.758,22858.3
terrain-003104,4,4,1024,41.997,228.946
terrain-003105,4,4,1024,42.045,236.624
terrain-003106,4,4,1024,42.096,237.994
terrain-003107,4,4,1024,42.105,236.551
terrain-003108,4,4,1024,79.867,10122.2
terrain-003109,4,4,1024,42.061,100.237
terrain-003110,4,4,1024,59.072,2326.59
terrain-003111,4,4,1024,42.113,100.371
terrain-003112,4,4,1024,42.171,117.38
terrain-003113,4,4,1024,42.016,100.961
terrain-003114,4,4,1024,82.266,17291.5
terrain-003115,4,4,1024,42.08,147.717
terrain-003116,4,4,1024,42.175,189.069
terrain-003117,4,4,1024,41.981,142.565
terrain-003118,4,4,1024,42.029,147.428
terrain-003119,4,4,1024,77.221,22118.9
terrain-003120,4,4,1024,42.027,242.477
terrain-003121,4,4,1024,42.076,250.681
terrain-003122,4,4,1024,42.127,251.52
terrain-003123,4,4,1024,42.168,417.902
terrain-003124,4,4,1024,42.223,420.211
terrain-003125,4,4,4,41.983,1.23065
terrain-003126,4,4,4,42.074,1.19669
terrain-003127,4,4,4,42.131,1.23096
terrain-003128,4,4,4,71.441,127.991
terrain-003129,4,4,4,41.981,1.19641
terrain-003130,4,4,4,42.034,1.23067
terrain-003131,4,4,4,42.029,1.23095
terrain-003132,4,4,4,61.969,262.877
terrain-003133,4,4,4,42.018,3.15084
terrain-003134,4,4,4,59.051,308.143
terrain-003135,4,4,4,60.602,309.7
terrain-003136,4,4,4,71.02,137.597
terrain-003137,4,4,4,42.174,2.50607
terrain-003138,4,4,4,42.234,2.52269
terrain-003139,4,4,4,67.441,202.068
terrain-003140,4,4,4,67.77,208.603
terrain-003141,4,4,4,42.035,2.65741
terrain-003142,4,4,4,42.09,2.67128
terrain-003143,4,4,4,67.564,208.163
terrain-003144,4,4,4,42.024,2.52265
terrain-003145,4,4,4,63.336,263.53
terrain-003146,4,4,4,41.978,2.67118
terrain-003147,4,4,4,72.48,118.007
terrain-003148,4,4,4,42.135,1.69312
terrain-003149,4,4,4,42.193,1.72792
terrain-003150,4,4,4,69.863,159.618
terrain-003151,4,4,4,42.001,1.69283
terrain-003152,4,4,4,42.054,1.72762
terrain-003153,4,4,4,42.049,1.72791
terrain-003154,4,4,4,67.284,197.086
terrain-003155,4,4,4,41.982,1.72758
terrain-003156,4,4,4,59.771,306.31
terrain-003157,4,4,4,70.474,137.325
terrain-003158,4,4,4,42.384,3.19243
terrain-003159,4,4,4,42.44,3.15912
terrain-003160,4,4,4,66.692,201.96
terrain-003161,4,4,4,67.021,208.519
terrain-003162,4,4,4,41.986,2.64075
terrain-003163,4,4,4,42.043,2.65252
terrain-003164,4,4,4,66.776,207.589
terrain-003165,4,4,4,42.176,3.15907
terrain-003166,4,4,4,62.392,263.395
terrain-003167,4,4,4,41.931,2.65242
terrain-003168,4,4,4,59.516,309.07
terrain-003169,4,4,4,68.947,183.539
terrain-003170,4,4,4,42.018,2.13617
terrain-003171,4,4,4,42.072,2.16491
terrain-003172,4,4,4,42.066,2.16511
terrain-003173,4,4,4,65.666,233.621
terrain-003174,4,4,4,41.981,2.16484
terrain-003175,4,4,4,71.988,129.675
terrain-003176,4,4,4,42.187,2.13639
terrain-003177,4,4,4,42.246,2.16514
terrain-003178,4,4,4,65.803,197.798
terrain-003179,4,4,4,66.125,204.234
terrain-003180,4,4,4,42.114,3.1994
terrain-003181,4,4,4,42.171,3.17037
terrain-003182,4,4,4,67.333,213.983
terrain-003183,4,4,4,42.149,3.14378
terrain-003184,4,4,4,61.386,256.596
terrain-003185,4,4,4,42.038,3.17022
terrain-003186,4,4,4,58.448,299.67
terrain-003187,4,4,4,64.402,255.366
terrain-003188,4,4,4,41.979,2.47819
terrain-003189,4,4,4,61.886,298.83
terrain-003190,4,4,4,71.623,136.078
terrain-003191,4,4,4,42.225,2.45796
terrain-003192,4,4,4,42.284,2.4785
terrain-003193,4,4,4,68.185,197.091
terrain-003194,4,4,4,68.509,203.454
terrain-003195,4,4,4,42.029,2.45774
terrain-003196,4,4,4,42.083,2.47827
terrain-003197,4,4,4,68.503,204.803
terrain-003198,4,4,4,42.078,2.47847
terrain-003199,4,4,1024,43.132,65.6084
terrain-003200,4,4,1024,82.863,1413.48
terrain-003201,4,4,1024,82.922,769.904
terrain-003202,4,4,1024,43.191,66.0022
terrain-003203,4,4,1024,43.863,88.6744
terrain-003204,4,4,1024,83.246,1485.1
terrain-003205,4,4,1024,43.086,63.4745
terrain-003206,4,4,1024,80.265,1352.01
terrain-003207,4,4,1024,42.606,38.5657
terrain-003208,4,4,1024,42.991,52.0627
terrain-003209,4,4,1024,85.367,1523.64
terrain-003210,4,4,1024,42.503,37.1681
terrain-003211,4,4,1024,72.626,1001.27
terrain-003212,4,4,1024,42.551,38.431
terrain-003213,4,4,1024,75.47,1034.55
terrain-003214,4,4,1024,42.09,314.755
terrain-003215,4,4,1024,80.605,14649.3
terrain-003216,4,4,1024,42.039,119.545
terrain-003217,4,4,1024,42.128,152.01
terrain-003218,4,4,1024,41.94,114.49
terrain-003219,4,4,1024,41.987,118.259
terrain-003220,4,4,1024,41.963,109.307
terrain-003221,4,4,1024,42.011,112.914
terrain-003222,4,4,1024,42.064,114.085
terrain-003223,4,4,1024,79.795,1456.8
terrain-003224,4,4,1024,42.392,55.7253
terrain-003225,4,4,1024,42.751,80.3095
terrain-003226,4,4,1024,79.782,2912.8
terrain-003227,4,4,1024,86.047,2628.8
terrain-003228,4,4,1024,42.339,57.4512
terrain-003229,4,4,1024,67.343,1439.15
terrain-003230,4,4,1024,42.338,55.4443
terrain-003231,4,4,1024,70.701,1577.44
terrain-003232,4,4,1024,80.364,2862.46
terrain-003233,4,4,1024,42.151,40.9381
terrain-003234,4,4,1024,60.99,987.084
terrain-003235,4,4,1024,42.153,38.431
terrain-003236,4,4,1024,65.499,1174.57
terrain-003237,4,4,1024,42.21,38.5658
terrain-003238,4,4,1024,42.492,59.3182
terrain-003239,4,4,1024,76.575,18976.4
terrain-003240,4,4,1024,41.951,171.114
terrain-003241,4,4,1024,41.997,176.616
terrain-003242,4,4,1024,42.05,179.499
terrain-003243,4,4,1024,42.046,176.575
terrain-003244,4,4,1024,42.102,179.455
terrain-003245,4,4,1024,79.484,5088.55
terrain-003246,4,4,1024,42.094,66.9863
terrain-003247,4,4,1024,79.572,5365.6
terrain-003248,4,4,1024,59.76,1534.61
terrain-003249,4,4,1024,42.141,69.2351
terrain-003250,4,4,1024,61.79,1614.17
terrain-003251,4,4,1024,42.126,59.7099
terrain-003252,4,4,1024,42.297,82.2495
terrain-003253,4,4,1024,80.853,5211.87
terrain-003254,4,4,1024,42.033,48.9423
terrain-003255,4,4,1024,59.091,1215.72
terrain-003256,4,4,1024,42.086,49.161
terrain-003257,4,4,1024,42.168,61.4595
terrain-003258,4,4,1024,42.034,56.1162
terrain-003259,4,4,1024,74.803,25531.4
terrain-003260,4,4,1024,42.021,245.958
terrain-003261,4,4,1024,42.076,251.58
terrain-003262,4,4,1024,42.129,251.483
terrain-003263,4,4,1024,79.548,8921.57
terrain-003264,4,4,1024,42.027,85.8417
terrain-003265,4,4,1024,79.53,9382.68
terrain-003266,4,4,1024,58.655,1982.85
terrain-003267,4,4,1024,42.079,86.517
terrain-003268,4,4,1024,42.14,101.949
terrain-003269,4,4,1024,41.98,86.0219
terrain-003270,4,4,1024,82.834,9043.67
terrain-003271,4,4,1024,42.045,69.6682
terrain-003272,4,4,1024,42.131,91.0337
terrain-003273,4,4,1024,41.928,65.1782
terrain-003274,4,4,1024,41.976,67.368
terrain-003275,4,4,1024,79.987,1523.88
terrain-003276,4,4,1024,42.417,58.712
terrain-003277,4,4,1024,42.797,85.3741
terrain-003278,4,4,1024,79.961,3045.99
terrain-003279,4,4,1024,88.413,2978.05
terrain-003280,4,4,1024,42.37,60.8943
terrain-003281,4,4,1024,68.488,1576.51
terrain-003282,4,4,1024,42.364,58.5521
terrain-003283,4,4,1024,71.767,1696.29
terrain-003284,4,4,1024,80.464,2982.91
terrain-003285,4,4,1024,42.164,42.6554
terrain-003286,4,4,1024,61.327,1048.78
terrain-003287,4,4,1024,42.164,39.8977
terrain-003288,4,4,1024,65.962,1237.77
terrain-003289,4,4,1024,42.22,39.9719
terrain-003290,4,4,1024,42.514,62.0328
terrain-003291,4,4,1024,77.18,21526.2
terrain-003292,4,4,1024,41.974,205.766
terrain-003293,4,4,1024,42.021,212.553
terrain-003294,4,4,1024,42.073,214.676
terrain-003295,4,4,1024,42.081,212.46
terrain-003296,4,4,1024,42.137,214.581
terrain-003297,4,4,1024,79.782,5509.41
terrain-003298,4,4,1024,42.112,71.7141
terrain-003299,4,4,1024,79.859,5669.87
terrain-003300,4,4,1024,60.212,1691.79
terrain-003301,4,4,1024,42.159,74.1496
terrain-003302,4,4,1024,62.193,1738.84
terrain-003303,4,4,1024,42.138,63.1523
terrain-003304,4,4,1024,42.316,87.5698
terrain-003305,4,4,1024,81.014,5471.6
terrain-003306,4,4,1024,42.041,51.3461
terrain-003307,4,4,1024,59.214,1283.56
terrain-003308,4,4,1024,42.094,51.4691
terrain-003309,4,4,1024,42.176,64.3784
terrain-003310,4,4,1024,42.045,59.394
terrain-003311,4,4,1024,75.6,29971.1
terrain-003312,4,4,1024,42.065,321.706
terrain-003313,4,4,1024,42.12,326.585
terrain-003314,4,4,1024,42.19,326.345
terrain-003315,4,4,1024,80.042,9795.55
terrain-003316,4,4,1024,42.04,93.5274
terrain-003317,4,4,1024,80.014,10092.4
terrain-003318,4,4,1024,58.856,2174.34
terrain-003319,4,4,1024,42.091,93.9362
terrain-003320,4,4,1024,42.151,110.252
terrain-003321,4,4,1024,41.993,93.9782
terrain-003322,4,4,1024,83.188,9618.31
terrain-003323,4,4,1024,42.053,74.3961
terrain-003324,4,4,1024,42.14,97.5875
terrain-003325,4,4,1024,41.934,69.6422
terrain-003326,4,4,1024,41.983,72.0083
terrain-003327,4,4,1024,42.155,441.662
terrain-003328,4,4,1024,81.523,16455.5
terrain-003329,4,4,1024,42.053,134.189
terrain-003330,4,4,1024,81.537,16872.8
terrain-003331,4,4,1024,42.143,171.237
terrain-003332,4,4,1024,41.954,129.028
terrain-003333,4,4,1024,42.001,133.357
terrain-003334,4,4,1024,79.608,13814
terrain-003335,4,4,1024,41.979,122.473
terrain-003336,4,4,1024,42.028,126.587
terrain-003337,4,4,1024,42.08,127.337
terrain-003338,4,4,1024,80.072,5738.46
terrain-003339,4,4,1024,42.125,74.3341
terrain-003340,4,4,1024,80.062,5815.15
terrain-003341,4,4,1024,60.49,1780.26
terrain-003342,4,4,1024,42.172,76.8746
terrain-003343,4,4,1024,62.437,1805.76
terrain-003344,4,4,1024,42.146,65.0242
terrain-003345,4,4,1024,42.329,90.4894
terrain-003346,4,4,1024,81.127,5586.66
terrain-003347,4,4,1024,42.047,52.638
terrain-003348,4,4,1024,59.253,1319.08
terrain-003349,4,4,1024,42.1,52.7056
terrain-003350,4,4,1024,42.181,65.9411
terrain-003351,4,4,1024,42.054,61.18
terrain-003352,4,4,1024,76.479,32193.5
terrain-003353,4,4,1024,42.112,380.172
terrain-003354,4,4,1024,42.167,383.712
terrain-003355,4,4,1024,80.406,10237.6
terrain-003356,4,4,1024,42.05,97.9048
terrain-003357,4,4,1024,59.002,2279.99
terrain-003358,4,4,1024,42.102,98.1387
terrain-003359,4,4,1024,42.161,114.92
terrain-003360,4,4,1024,42.004,98.529
terrain-003361,4,4,1024,42.06,77.0075
terrain-003362,4,4,1024,42.147,101.224
terrain-003363,4,4,1024,41.94,72.1105
terrain-003364,4,4,1024,41.99,74.5751
terrain-003365,4,4,1024,75.565,40308
terrain-003366,4,4,1024,42.231,553.003
terrain-003367,4,4,1024,82.068,17307.2
terrain-003368,4,4,1024,42.065,142.933
terrain-003369,4,4,1024,42.158,182.768
terrain-003370,4,4,1024,41.967,137.765
terrain-003371,4,4,1024,42.014,142.437
terrain-003372,4,4,1024,41.992,130.317
terrain-003373,4,4,1024,42.042,134.739
terrain-003374,4,4,1024,42.095,135.183
terrain-003375,4,4,1024,77.555,22638.2
terrain-003376,4,4,1024,41.998,228.916
terrain-003377,4,4,1024,42.046,236.594
terrain-003378,4,4,1024,42.097,237.964
terrain-003379,4,4,1024,42.112,236.475
terrain-003380,4,4,1024,80.027,10150.5
terrain-003381,4,4,1024,42.063,100.229
terrain-003382,4,4,1024,59.053,2321.73
terrain-003383,4,4,1024,42.114,100.363
terrain-003384,4,4,1024,42.172,117.368
terrain-003385,4,4,1024,42.017,100.952
terrain-003386,4,4,1024,81.357,16888
terrain-003387,4,4,1024,42.082,147.7
terrain-003388,4,4,1024,42.176,189.039
terrain-003389,4,4,1024,41.983,142.548
terrain-003390,4,4,1024,42.031,147.41
terrain-003391,4,4,1024,76.804,21785.7
terrain-003392,4,4,1024,42.028,242.434
terrain-003393,4,4,1024,42.076,250.637
terrain-003394,4,4,1024,42.127,251.476
terrain-003395,4,4,1024,42.169,417.789
terrain-003396,4,4,1024,42.224,420.111
terrain-003397,4,4,4,41.984,1.23041
terrain-003398,4,4,4,42.075,1.19646
terrain-003399,4,4,4,42.132,1.23072
terrain-003400,4,4,4,69.442,119.119
terrain-003401,4,4,4,41.982,1.19619
terrain-003402,4,4,4,42.035,1.23044
terrain-003403,4,4,4,42.03,1.23071
terrain-003404,4,4,4,60.979,249.017
terrain-003405,4,4,4,42.02,3.14991
terrain-003406,4,4,4,59.486,311.08
terrain-003407,4,4,4,60.452,303.795
terrain-003408,4,4,4,70.951,137.158
terrain-003409,4,4,4,42.174,2.50506
terrain-003410,4,4,4,42.234,2.52166
terrain-003411,4,4,4,65.621,187.829
terrain-003412,4,4,4,67.109,202.897
terrain-003413,4,4,4,42.035,2.65624
terrain-003414,4,4,4,42.09,2.67008
terrain-003415,4,4,4,66.936,202.656
terrain-003416,4,4,4,42.025,2.52161
terrain-003417,4,4,4,61.762,244.024
terrain-003418,4,4,4,41.979,2.66994
terrain-003419,4,4,4,72.194,116.708
terrain-003420,4,4,4,42.136,1.69274
terrain-003421,4,4,4,42.194,1.72754
terrain-003422,4,4,4,68.056,149.137
terrain-003423,4,4,4,42.002,1.69245
terrain-003424,4,4,4,42.055,1.72724
terrain-003425,4,4,4,42.05,1.72752
terrain-003426,4,4,4,65.633,183.784
terrain-003427,4,4,4,41.983,1.72718
terrain-003428,4,4,4,60.073,307.3
terrain-003429,4,4,4,70.391,136.8
terrain-003430,4,4,4,42.384,3.19068
terrain-003431,4,4,4,42.44,3.15741
terrain-003432,4,4,4,64.892,187.456
terrain-003433,4,4,4,66.341,202.481
terrain-003434,4,4,4,41.987,2.63948
terrain-003435,4,4,4,42.043,2.65126
terrain-003436,4,4,4,66.148,201.905
terrain-003437,4,4,4,42.177,3.15734
terrain-003438,4,4,4,60.852,243.422
terrain-003439,4,4,4,41.933,2.65112
terrain-003440,4,4,4,59.365,302.802
terrain-003441,4,4,4,66.877,169.48
terrain-003442,4,4,4,42.019,2.13523
terrain-003443,4,4,4,42.072,2.16395
terrain-003444,4,4,4,42.067,2.16416
terrain-003445,4,4,4,63.77,214.636
terrain-003446,4,4,4,41.982,2.16386
terrain-003447,4,4,4,71.625,127.961
terrain-003448,4,4,4,42.188,2.13547
terrain-003449,4,4,4,42.247,2.16419
terrain-003450,4,4,4,64.05,183.458
terrain-003451,4,4,4,65.428,197.977
terrain-003452,4,4,4,42.115,3.19739
terrain-003453,4,4,4,42.171,3.16841
terrain-003454,4,4,4,67.081,211.101
terrain-003455,4,4,4,42.149,3.14273
terrain-003456,4,4,4,59.906,236.942
terrain-003457,4,4,4,42.039,3.16822
terrain-003458,4,4,4,58.268,292.821
terrain-003459,4,4,4,62.676,235.432
terrain-003460,4,4,4,41.981,2.47716
terrain-003461,4,4,4,61.604,291.366
terrain-003462,4,4,4,71.436,135.07
terrain-003463,4,4,4,42.225,2.457
terrain-003464,4,4,4,42.284,2.47752
terrain-003465,4,4,4,66.243,182.566
terrain-003466,4,4,4,67.715,196.921
terrain-003467,4,4,4,42.03,2.45675
terrain-003468,4,4,4,42.084,2.47728
terrain-003469,4,4,4,67.712,198.233
terrain-003470,4,4,4,42.078,2.47748
terrain-003471,4,4,1024,43.129,65.6142
terrain-003472,4,4,1024,82.949,1418.94
terrain-003473,4,4,1024,83.019,773.203
terrain-003474,4,4,1024,43.187,66.0079
terrain-003475,4,4,1024,43.858,88.6852
terrain-003476,4,4,1024,83.337,1491.1
terrain-003477,4,4,1024,43.083,63.48
terrain-003478,4,4,1024,80.337,1357.01
terrain-003479,4,4,1024,42.603,38.5678
terrain-003480,4,4,1024,42.987,52.0667
terrain-003481,4,4,1024,85.323,1526.12
terrain-003482,4,4,1024,42.5,37.1701
terrain-003483,4,4,1024,72.595,1002.74
terrain-003484,4,4,1024,42.549,38.433
terrain-003485,4,4,1024,75.442,1036.11
terrain-003486,4,4,1024,42.091,314.886
terrain-003487,4,4,1024,78.298,13878.6
terrain-003488,4,4,1024,42.036,119.564
terrain-003489,4,4,1024,42.125,152.041
terrain-003490,4,4,1024,41.938,114.508
terrain-003491,4,4,1024,41.984,118.278
terrain-003492,4,4,1024,41.957,109.324
terrain-003493,4,4,1024,42.006,112.932
terrain-003494,4,4,1024,42.059,114.103
terrain-003495,4,4,1024,79.706,1455.74
terrain-003496,4,4,1024,42.391,55.7294
terrain-003497,4,4,1024,42.748,80.3183
terrain-003498,4,4,1024,79.693,2910.67
terrain-003499,4,4,1024,86.023,2630.42
terrain-003500,4,4,1024,42.338,57.4558
terrain-003501,4,4,1024,67.361,1442
terrain-003502,4,4,1024,42.337,55.4485
terrain-003503,4,4,1024,70.722,1580.86
terrain-003504,4,4,1024,80.23,2862.02
terrain-003505,4,4,1024,42.149,40.9405
terrain-003506,4,4,1024,60.974,988.507
terrain-003507,4,4,1024,42.152,38.433
terrain-003508,4,4,1024,65.481,1176.58
terrain-003509,4,4,1024,42.208,38.5678
terrain-003510,4,4,1024,42.489,59.3233
terrain-003511,4,4,1024,74.382,17899.9
terrain-003512,4,4,1024,41.949,171.151
terrain-003513,4,4,1024,41.996,176.654
terrain-003514,4,4,1024,42.048,179.537
terrain-003515,4,4,1024,42.039,176.614
terrain-003516,4,4,1024,42.096,179.495
terrain-003517,4,4,1024,79.473,5090.6
terrain-003518,4,4,1024,42.093,66.9925
terrain-003519,4,4,1024,79.379,5344.3
terrain-003520,4,4,1024,59.783,1537.84
terrain-003521,4,4,1024,42.14,69.2415
terrain-003522,4,4,1024,61.819,1617.75
terrain-003523,4,4,1024,42.126,59.7146
terrain-003524,4,4,1024,42.296,82.2587
terrain-003525,4,4,1024,81.113,5267.94
terrain-003526,4,4,1024,42.03,48.9456
terrain-003527,4,4,1024,59.082,1217.88
terrain-003528,4,4,1024,42.083,49.1643
terrain-003529,4,4,1024,42.166,61.465
terrain-003530,4,4,1024,42.031,56.1207
terrain-003531,4,4,1024,73.429,24464.5
terrain-003532,4,4,1024,42.02,246.028
terrain-003533,4,4,1024,42.075,251.647
terrain-003534,4,4,1024,42.124,251.547
terrain-003535,4,4,1024,79.421,8897.75
terrain-003536,4,4,1024,42.024,85.8516
terrain-003537,4,4,1024,79.398,9356.6
terrain-003538,4,4,1024,58.69,1988.23
terrain-003539,4,4,1024,42.076,86.5269
terrain-003540,4,4,1024,42.139,101.963
terrain-003541,4,4,1024,41.979,86.0321
terrain-003542,4,4,1024,79.572,8458.83
terrain-003543,4,4,1024,42.039,69.6748
terrain-003544,4,4,1024,42.125,91.0458
terrain-003545,4,4,1024,41.924,65.1843
terrain-003546,4,4,1024,41.972,67.3742
terrain-003547,4,4,1024,79.849,1521.32
terrain-003548,4,4,1024,42.415,58.7144
terrain-003549,4,4,1024,42.795,85.3792
terrain-003550,4,4,1024,79.823,3040.87
terrain-003551,4,4,1024,88.296,2975.03
terrain-003552,4,4,1024,42.368,60.897
terrain-003553,4,4,1024,68.478,1578.26
terrain-003554,4,4,1024,42.363,58.5545
terrain-003555,4,4,1024,71.752,1698.31
terrain-003556,4,4,1024,80.289,2980.01
terrain-003557,4,4,1024,42.162,42.6581
terrain-003558,4,4,1024,61.311,1050.47
terrain-003559,4,4,1024,42.162,39.9
terrain-003560,4,4,1024,65.944,1240.13
terrain-003561,4,4,1024,42.218,39.9742
terrain-003562,4,4,1024,42.511,62.0387
terrain-003563,4,4,1024,74.465,20060.1
terrain-003564,4,4,1024,41.972,205.791
terrain-003565,4,4,1024,42.019,212.578
terrain-003566,4,4,1024,42.071,214.701
terrain-003567,4,4,1024,42.073,212.521
terrain-003568,4,4,1024,42.129,214.641
terrain-003569,4,4,1024,79.689,5502.67
terrain-003570,4,4,1024,42.111,71.7178
terrain-003571,4,4,1024,79.581,5637.8
terrain-003572,4,4,1024,60.214,1693.8
terrain-003573,4,4,1024,42.158,74.1535
terrain-003574,4,4,1024,62.198,1740.96
terrain-003575,4,4,1024,42.137,63.155
terrain-003576,4,4,1024,42.315,87.5752
terrain-003577,4,4,1024,81.278,5532.82
terrain-003578,4,4,1024,42.038,51.3499
terrain-003579,4,4,1024,59.205,1286.09
terrain-003580,4,4,1024,42.091,51.4729
terrain-003581,4,4,1024,42.174,64.3848
terrain-003582,4,4,1024,42.043,59.3993
terrain-003583,4,4,1024,73.682,28334.4
terrain-003584,4,4,1024,42.064,321.758
terrain-003585,4,4,1024,42.119,326.631
terrain-003586,4,4,1024,42.183,326.461
terrain-003587,4,4,1024,79.773,9742.19
terrain-003588,4,4,1024,42.037,93.5335
terrain-003589,4,4,1024,79.746,10038.2
terrain-003590,4,4,1024,58.866,2177.65
terrain-003591,4,4,1024,42.088,93.9422
terrain-003592,4,4,1024,42.15,110.26
terrain-003593,4,4,1024,41.992,93.9845
terrain-003594,4,4,1024,79.737,8968.21
terrain-003595,4,4,1024,42.047,74.404
terrain-003596,4,4,1024,42.133,97.6021
terrain-003597,4,4,1024,41.93,69.6494
terrain-003598,4,4,1024,41.979,72.0158
terrain-003599,4,4,1024,42.155,441.794
terrain-003600,4,4,1024,78.711,15433.1
terrain-003601,4,4,1024,42.049,134.201
terrain-003602,4,4,1024,78.664,15802.1
terrain-003603,4,4,1024,42.139,171.257
terrain-003604,4,4,1024,41.951,129.04
terrain-003605,4,4,1024,41.998,133.369
terrain-003606,4,4,1024,76.447,12919.9
terrain-003607,4,4,1024,41.972,122.495
terrain-003608,4,4,1024,42.022,126.61
terrain-003609,4,4,1024,42.074,127.36
terrain-003610,4,4,1024,79.752,5699.04
terrain-003611,4,4,1024,42.124,74.3373
terrain-003612,4,4,1024,79.658,5764.72
terrain-003613,4,4,1024,60.486,1782.02
terrain-003614,4,4,1024,42.171,76.8779
terrain-003615,4,4,1024,62.435,1807.57
terrain-003616,4,4,1024,42.145,65.0265
terrain-003617,4,4,1024,42.327,90.4939
terrain-003618,4,4,1024,81.268,5632.34
terrain-003619,4,4,1024,42.044,52.6415
terrain-003620,4,4,1024,59.239,1321.42
terrain-003621,4,4,1024,42.097,52.7091
terrain-003622,4,4,1024,42.179,65.9469
terrain-003623,4,4,1024,42.052,61.1849
terrain-003624,4,4,1024,74.275,30238.7
terrain-003625,4,4,1024,42.11,380.226
terrain-003626,4,4,1024,42.164,383.754
terrain-003627,4,4,1024,79.916,10127.6
terrain-003628,4,4,1024,42.047,97.9101
terrain-003629,4,4,1024,59.005,2282.88
terrain-003630,4,4,1024,42.099,98.1439
terrain-003631,4,4,1024,42.159,114.927
terrain-003632,4,4,1024,42.003,98.5346
terrain-003633,4,4,1024,42.054,77.0149
terrain-003634,4,4,1024,42.14,101.237
terrain-003635,4,4,1024,41.936,72.1173
terrain-003636,4,4,1024,41.985,74.5822
terrain-003637,4,4,1024,73.771,38061
terrain-003638,4,4,1024,42.23,553.168
terrain-003639,4,4,1024,78.913,16111.8
terrain-003640,4,4,1024,42.062,142.944
terrain-003641,4,4,1024,42.153,182.786
terrain-003642,4,4,1024,41.963,137.775
terrain-003643,4,4,1024,42.01,142.448
terrain-003644,4,4,1024,41.986,130.339
terrain-003645,4,4,1024,42.036,134.762
terrain-003646,4,4,1024,42.088,135.206
terrain-003647,4,4,1024,74.57,20960.6
terrain-003648,4,4,1024,41.996,228.94
terrain-003649,4,4,1024,42.043,236.617
terrain-003650,4,4,1024,42.094,237.987
terrain-003651,4,4,1024,42.103,236.54
terrain-003652,4,4,1024,79.619,10057.2
terrain-003653,4,4,1024,42.06,100.237
terrain-003654,4,4,1024,59.069,2326.24
terrain-003655,4,4,1024,42.111,100.37
terrain-003656,4,4,1024,42.171,117.379
terrain-003657,4,4,1024,42.015,100.96
terrain-003658,4,4,1024,78.432,15780.2
terrain-003659,4,4,1024,42.078,147.716
terrain-003660,4,4,1024,42.172,189.067
terrain-003661,4,4,1024,41.979,142.564
terrain-003662,4,4,1024,42.027,147.426
terrain-003663,4,4,1024,74.096,20276.8
terrain-003664,4,4,1024,42.025,242.474
terrain-003665,4,4,1024,42.074,250.678
terrain-003666,4,4,1024,42.125,251.516
terrain-003667,4,4,1024,42.167,417.892
terrain-003668,4,4,1024,42.222,420.2
terrain-003669,4,4,4,41.984,1.23041
terrain-003670,4,4,4,42.075,1.19646
terrain-003671,4,4,4,42.132,1.23072
terrain-003672,4,4,4,69.445,119.132
terrain-003673,4,4,4,41.982,1.19619
terrain-003674,4,4,4,42.035,1.23044
terrain-003675,4,4,4,42.03,1.23071
terrain-003676,4,4,4,61.076,250.107
terrain-003677,4,4,4,42.02,3.15008
terrain-003678,4,4,4,59.597,312.754
terrain-003679,4,4,4,60.495,304.395
terrain-003680,4,4,4,70.967,137.227
terrain-003681,4,4,4,42.174,2.50508
terrain-003682,4,4,4,42.234,2.52168
terrain-003683,4,4,4,65.656,188.069
terrain-003684,4,4,4,67.147,203.169
terrain-003685,4,4,4,42.035,2.65629
terrain-003686,4,4,4,42.091,2.67013
terrain-003687,4,4,4,66.956,202.802
terrain-003688,4,4,4,42.025,2.52164
terrain-003689,4,4,4,61.799,244.417
terrain-003690,4,4,4,41.979,2.66999
terrain-003691,4,4,4,72.195,116.715
terrain-003692,4,4,4,42.136,1.69274
terrain-003693,4,4,4,42.194,1.72754
terrain-003694,4,4,4,68.058,149.148
terrain-003695,4,4,4,42.002,1.69245
terrain-003696,4,4,4,42.055,1.72724
terrain-003697,4,4,4,42.05,1.72752
terrain-003698,4,4,4,65.635,183.8
terrain-003699,4,4,4,41.983,1.72718
terrain-003700,4,4,4,60.296,310.54
terrain-003701,4,4,4,70.421,136.929
terrain-003702,4,4,4,42.385,3.19075
terrain-003703,4,4,4,42.44,3.15748
terrain-003704,4,4,4,64.958,187.923
terrain-003705,4,4,4,66.414,203.008
terrain-003706,4,4,4,41.987,2.63957
terrain-003707,4,4,4,42.043,2.65134
terrain-003708,4,4,4,66.186,202.176
terrain-003709,4,4,4,42.177,3.15741
terrain-003710,4,4,4,60.921,244.184
terrain-003711,4,4,4,41.933,2.65121
terrain-003712,4,4,4,59.443,303.963
terrain-003713,4,4,4,66.888,169.562
terrain-003714,4,4,4,42.019,2.13524
terrain-003715,4,4,4,42.072,2.16397
terrain-003716,4,4,4,42.067,2.16417
terrain-003717,4,4,4,63.781,214.763
terrain-003718,4,4,4,41.982,2.16388
terrain-003719,4,4,4,71.629,127.983
terrain-003720,4,4,4,42.188,2.13547
terrain-003721,4,4,4,42.247,2.1642
terrain-003722,4,4,4,64.127,184.014
terrain-003723,4,4,4,65.514,198.604
terrain-003724,4,4,4,42.115,3.19756
terrain-003725,4,4,4,42.171,3.16857
terrain-003726,4,4,4,67.131,211.468
terrain-003727,4,4,4,42.15,3.14281
terrain-003728,4,4,4,59.986,237.84
terrain-003729,4,4,4,42.039,3.16838
terrain-003730,4,4,4,58.356,294.172
terrain-003731,4,4,4,62.678,235.458
terrain-003732,4,4,4,41.981,2.47716
terrain-003733,4,4,4,61.607,291.407
terrain-003734,4,4,4,71.438,135.079
terrain-003735,4,4,4,42.225,2.457
terrain-003736,4,4,4,42.284,2.47752
terrain-003737,4,4,4,66.246,182.583
terrain-003738,4,4,4,67.718,196.94
terrain-003739,4,4,4,42.03,2.45675
terrain-003740,4,4,4,42.084,2.47728
terrain-003741,4,4,4,67.715,198.252
terrain-003742,4,4,4,42.078,2.47748
terrain-003743,4,4,1024,43.129,65.6144
terrain-003744,4,4,1024,82.952,1419.05
terrain-003745,4,4,1024,83.022,773.268
terrain-003746,4,4,1024,43.187,66.0081
terrain-003747,4,4,1024,43.858,88.6856
terrain-003748,4,4,1024,83.341,1491.22
terrain-003749,4,4,1024,43.083,63.4802
terrain-003750,4,4,1024,80.34,1357.11
terrain-003751,4,4,1024,42.603,38.5679
terrain-003752,4,4,1024,42.987,52.067
terrain-003753,4,4,1024,85.33,1526.38
terrain-003754,4,4,1024,42.5,37.1702
terrain-003755,4,4,1024,72.598,1002.84
terrain-003756,4,4,1024,42.549,38.4331
terrain-003757,4,4,1024,75.446,1036.22
terrain-003758,4,4,1024,42.091,314.891
terrain-003759,4,4,1024,81.37,14932.7
terrain-003760,4,4,1024,42.038,119.564
terrain-003761,4,4,1024,42.127,152.042
terrain-003762,4,4,1024,41.939,114.508
terrain-003763,4,4,1024,41.986,118.279
terrain-003764,4,4,1024,41.959,109.325
terrain-003765,4,4,1024,42.008,112.933
terrain-003766,4,4,1024,42.06,114.104
terrain-003767,4,4,1024,79.712,1455.97
terrain-003768,4,4,1024,42.391,55.7295
terrain-003769,4,4,1024,42.748,80.3187
terrain-003770,4,4,1024,79.699,2911.13
terrain-003771,4,4,1024,86.029,2630.79
terrain-003772,4,4,1024,42.338,57.456
terrain-003773,4,4,1024,67.363,1442.11
terrain-003774,4,4,1024,42.337,55.4486
terrain-003775,4,4,1024,70.724,1580.99
terrain-003776,4,4,1024,80.243,2862.93
terrain-003777,4,4,1024,42.149,40.9406
terrain-003778,4,4,1024,60.976,988.607
terrain-003779,4,4,1024,42.152,38.4332
terrain-003780,4,4,1024,65.484,1176.72
terrain-003781,4,4,1024,42.208,38.5679
terrain-003782,4,4,1024,42.489,59.3237
terrain-003783,4,4,1024,76.893,19177.6
terrain-003784,4,4,1024,41.951,171.152
terrain-003785,4,4,1024,41.997,176.655
terrain-003786,4,4,1024,42.049,179.538
terrain-003787,4,4,1024,42.041,176.617
terrain-003788,4,4,1024,42.097,179.498
terrain-003789,4,4,1024,79.483,5092
terrain-003790,4,4,1024,42.093,66.9927
terrain-003791,4,4,1024,79.39,5345.85
terrain-003792,4,4,1024,59.784,1537.97
terrain-003793,4,4,1024,42.14,69.2418
terrain-003794,4,4,1024,61.821,1617.89
terrain-003795,4,4,1024,42.126,59.7148
terrain-003796,4,4,1024,42.296,82.2591
terrain-003797,4,4,1024,81.137,5271.02
terrain-003798,4,4,1024,42.031,48.9458
terrain-003799,4,4,1024,59.084,1218.03
terrain-003800,4,4,1024,42.084,49.1646
terrain-003801,4,4,1024,42.166,61.4653
terrain-003802,4,4,1024,42.032,56.121
terrain-003803,4,4,1024,75.278,25807.2
terrain-003804,4,4,1024,42.021,246.031
terrain-003805,4,4,1024,42.076,251.65
terrain-003806,4,4,1024,42.125,251.553
terrain-003807,4,4,1024,79.439,8902.04
terrain-003808,4,4,1024,42.025,85.852
terrain-003809,4,4,1024,79.417,9361.35
terrain-003810,4,4,1024,58.691,1988.45
terrain-003811,4,4,1024,42.077,86.5272
terrain-003812,4,4,1024,42.139,101.964
terrain-003813,4,4,1024,41.979,86.0325
terrain-003814,4,4,1024,83.477,9251.02
terrain-003815,4,4,1024,42.041,69.6753
terrain-003816,4,4,1024,42.128,91.0466
terrain-003817,4,4,1024,41.926,65.1847
terrain-003818,4,4,1024,41.974,67.3746
terrain-003819,4,4,1024,79.855,1521.57
terrain-003820,4,4,1024,42.415,58.7145
terrain-003821,4,4,1024,42.795,85.3796
terrain-003822,4,4,1024,79.829,3041.38
terrain-003823,4,4,1024,88.304,2975.52
terrain-003824,4,4,1024,42.368,60.8972
terrain-003825,4,4,1024,68.48,1578.38
terrain-003826,4,4,1024,42.363,58.5546
terrain-003827,4,4,1024,71.754,1698.45
terrain-003828,4,4,1024,80.377,2986.7
terrain-003829,4,4,1024,42.162,42.6583
terrain-003830,4,4,1024,61.314,1050.59
terrain-003831,4,4,1024,42.162,39.9002
terrain-003832,4,4,1024,65.948,1240.28
terrain-003833,4,4,1024,42.218,39.9744
terrain-003834,4,4,1024,42.511,62.0391
terrain-003835,4,4,1024,77.307,21679.3
terrain-003836,4,4,1024,41.974,205.793
terrain-003837,4,4,1024,42.021,212.58
terrain-003838,4,4,1024,42.073,214.703
terrain-003839,4,4,1024,42.074,212.525
terrain-003840,4,4,1024,42.131,214.646
terrain-003841,4,4,1024,79.701,5504.33
terrain-003842,4,4,1024,42.111,71.7181
terrain-003843,4,4,1024,79.593,5639.55
terrain-003844,4,4,1024,60.216,1693.94
terrain-003845,4,4,1024,42.158,74.1537
terrain-003846,4,4,1024,62.199,1741.1
terrain-003847,4,4,1024,42.137,63.1551
terrain-003848,4,4,1024,42.315,87.5755
terrain-003849,4,4,1024,81.398,5549.34
terrain-003850,4,4,1024,42.039,51.3502
terrain-003851,4,4,1024,59.207,1286.26
terrain-003852,4,4,1024,42.092,51.4731
terrain-003853,4,4,1024,42.174,64.3852
terrain-003854,4,4,1024,42.043,59.3996
terrain-003855,4,4,1024,75.854,30152.4
terrain-003856,4,4,1024,42.065,321.763
terrain-003857,4,4,1024,42.12,326.635
terrain-003858,4,4,1024,42.185,326.471
terrain-003859,4,4,1024,79.793,9747.41
terrain-003860,4,4,1024,42.038,93.5338
terrain-003861,4,4,1024,79.768,10043.7
terrain-003862,4,4,1024,58.868,2177.87
terrain-003863,4,4,1024,42.09,93.9425
terrain-003864,4,4,1024,42.15,110.261
terrain-003865,4,4,1024,41.992,93.9849
terrain-003866,4,4,1024,84.051,9895.02
terrain-003867,4,4,1024,42.049,74.4045
terrain-003868,4,4,1024,42.136,97.6031
terrain-003869,4,4,1024,41.932,69.6499
terrain-003870,4,4,1024,41.981,72.0163
terrain-003871,4,4,1024,42.156,441.802
terrain-003872,4,4,1024,82.188,16748.1
terrain-003873,4,4,1024,42.051,134.202
terrain-003874,4,4,1024,82.227,17183.5
terrain-003875,4,4,1024,42.142,171.259
terrain-003876,4,4,1024,41.952,129.041
terrain-003877,4,4,1024,41.999,133.37
terrain-003878,4,4,1024,80.217,14218.5
terrain-003879,4,4,1024,41.974,122.496
terrain-003880,4,4,1024,42.023,126.611
terrain-003881,4,4,1024,42.076,127.362
terrain-003882,4,4,1024,79.862,5714.92
terrain-003883,4,4,1024,42.124,74.3379
terrain-003884,4,4,1024,79.744,5777.25
terrain-003885,4,4,1024,60.491,1782.41
terrain-003886,4,4,1024,42.171,76.8786
terrain-003887,4,4,1024,62.44,1807.97
terrain-003888,4,4,1024,42.145,65.027
terrain-003889,4,4,1024,42.327,90.4949
terrain-003890,4,4,1024,81.517,5666.99
terrain-003891,4,4,1024,42.045,52.642
terrain-003892,4,4,1024,59.245,1321.79
terrain-003893,4,4,1024,42.097,52.7096
terrain-003894,4,4,1024,42.179,65.9478
terrain-003895,4,4,1024,42.052,61.1856
terrain-003896,4,4,1024,76.902,32553.4
terrain-003897,4,4,1024,42.111,380.243
terrain-003898,4,4,1024,42.166,383.772
terrain-003899,4,4,1024,80.067,10166.3
terrain-003900,4,4,1024,42.049,97.9112
terrain-003901,4,4,1024,59.01,2283.52
terrain-003902,4,4,1024,42.1,98.145
terrain-003903,4,4,1024,42.159,114.929
terrain-003904,4,4,1024,42.003,98.5357
terrain-003905,4,4,1024,42.056,77.0161
terrain-003906,4,4,1024,42.143,101.24
terrain-003907,4,4,1024,41.938,72.1183
terrain-003908,4,4,1024,41.987,74.5832
terrain-003909,4,4,1024,75.859,40443.2
terrain-003910,4,4,1024,42.231,553.203
terrain-003911,4,4,1024,82.769,17632.6
terrain-003912,4,4,1024,42.064,142.946
terrain-003913,4,4,1024,42.157,182.791
terrain-003914,4,4,1024,41.965,137.778
terrain-003915,4,4,1024,42.012,142.451
terrain-003916,4,4,1024,41.988,130.343
terrain-003917,4,4,1024,42.038,134.766
terrain-003918,4,4,1024,42.09,135.21
terrain-003919,4,4,1024,77.758,22858.3
terrain-003920,4,4,1024,41.997,228.946
terrain-003921,4,4,1024,42.045,236.624
terrain-003922,4,4,1024,42.096,237.994
terrain-003923,4,4,1024,42.105,236.551
terrain-003924,4,4,1024,79.867,10122.2
terrain-003925,4,4,1024,42.061,100.237
terrain-003926,4,4,1024,59.072,2326.59
terrain-003927,4,4,1024,42.113,100.371
terrain-003928,4,4,1024,42.171,117.38
terrain-003929,4,4,1024,42.016,100.961
terrain-003930,4,4,1024,82.266,17291.5
terrain-003931,4,4,1024,42.08,147.717
terrain-003932,4,4,1024,42.175,189.069
terrain-003933,4,4,1024,41.981,142.565
terrain-003934,4,4,1024,42.029,147.428
terrain-003935,4,4,1024,77.221,22118.9
terrain-003936,4,4,1024,42.027,242.477
terrain-003937,4,4,1024,42.076,250.681
terrain-003938,4,4,1024,42.127,251.52
terrain-003939,4,4,1024,42.168,417.902
terrain-003940,4,4,1024,42.223,420.211
terrain-003941,4,4,4,41.983,1.23065
terrain-003942,4,4,4,42.074,1.19669
terrain-003943,4,4,4,42.131,1.23096
terrain-003944,4,4,4,71.441,127.991
terrain-003945,4,4,4,41.981,1.19641
terrain-003946,4,4,4,42.034,1.23067
terrain-003947,4,4,4,42.029,1.23095
terrain-003948,4,4,4,61.969,262.877
terrain-003949,4,4,4,42.018,3.15084
terrain-003950,4,4,4,59.051,308.143
terrain-003951,4,4,4,60.602,309.7
terrain-003952,4,4,4,71.02,137.597
terrain-003953,4,4,4,42.174,2.50607
terrain-003954,4,4,4,42.234,2.52269
terrain-003955,4,4,4,67.441,202.068
terrain-003956,4,4,4,67.77,208.603
terrain-003957,4,4,4,42.035,2.65741
terrain-003958,4,4,4,42.09,2.67128
terrain-003959,4,4,4,67.564,208.163
terrain-003960,4,4,4,42.024,2.52265
terrain-003961,4,4,4,63.336,263.53
terrain-003962,4,4,4,41.978,2.67118
terrain-003963,4,4,4,72.48,118.007
terrain-003964,4,4,4,42.135,1.69312
terrain-003965,4,4,4,42.193,1.72792
terrain-003966,4,4,4,69.863,159.618
terrain-003967,4,4,4,42.001,1.69283
terrain-003968,4,4,4,42.054,1.72762
terrain-003969,4,4,4,42.049,1.72791
terrain-003970,4,4,4,67.284,197.086
terrain-003971,4,4,4,41.982,1.72758
terrain-003972,4,4,4,59.771,306.31
terrain-003973,4,4,4,70.474,137.325
terrain-003974,4,4,4,42.384,3.19243
terrain-003975,4,4,4,42.44,3.15912
terrain-003976,4,4,4,66.692,201.96
terrain-003977,4,4,4,67.021,208.519
terrain-003978,4,4,4,41.986,2.64075
terrain-003979,4,4,4,42.043,2.65252
terrain-003980,4,4,4,66.776,207.589
terrain-003981,4,4,4,42.176,3.15907
terrain-003982,4,4,4,62.392,263.395
terrain-003983,4,4,4,41.931,2.65242
terrain-003984,4,4,4,59.516,309.07
terrain-003985,4,4,4,68.947,183.539
terrain-003986,4,4,4,42.018,2.13617
terrain-003987,4,4,4,42.072,2.16491
terrain-003988,4,4,4,42.066,2.16511
terrain-003989,4,4,4,65.666,233.621
terrain-003990,4,4,4,41.981,2.16484
terrain-003991,4,4,4,71.988,129.675
terrain-003992,4,4,4,42.187,2.13639
terrain-003993,4,4,4,42.246,2.16514
terrain-003994,4,4,4,65.803,197.798
terrain-003995,4,4,4,66.125,204.234
terrain-003996,4,4,4,42.114,3.1994
terrain-003997,4,4,4,42.171,3.17037
terrain-003998,4,4,4,67.333,213.983
terrain-003999,4,4,4,42.149,3.14378
terrain-004000,4,4,4,61.386,256.596
terrain-004001,4,4,4,42.038,3.17022
terrain-004002,4,4,4,58.448,299.67
terrain-004003,4,4,4,64.402,255.366
terrain-004004,4,4,4,41.979,2.47819
terrain-004005,4,4,4,61.886,298.83
terrain-004006,4,4,4,71.623,136.078
terrain-004007,4,4,4,42.225,2.45796
terrain-004008,4,4,4,42.284,2.4785
terrain-004009,4,4,4,68.185,197.091
terrain-004010,4,4,4,68.509,203.454
terrain-004011,4,4,4,42.029,2.45774
terrain-004012,4,4,4,42.083,2.47827
terrain-004013,4,4,4,68.503,204.803
terrain-004014,4,4,4,42.078,2.47847
terrain-004015,4,4,1024,43.132,65.6084
terrain-004016,4,4,1024,82.863,1413.48
terrain-004017,4,4,1024,82.922,769.904
terrain-004018,4,4,1024,43.191,66.0022
terrain-004019,4,4,1024,43.863,88.6744
terrain-004020,4,4,1024,83.246,1485.1
terrain-004021,4,4,1024,43.086,63.4745
terrain-004022,4,4,1024,80.265,1352.01
terrain-004023,4,4,1024,42.606,38.5657
terrain-004024,4,4,1024,42.991,52.0627
terrain-004025,4,4,1024,85.367,1523.64
terrain-004026,4,4,1024,42.503,37.1681
terrain-004027,4,4,1024,72.626,1001.27
terrain-004028,4,4,1024,42.551,38.431
terrain-004029,4,4,1024,75.47,1034.55
terrain-004030,4,4,1024,42.09,314.755
terrain-004031,4,4,1024,80.605,14648.9
terrain-004032,4,4,1024,42.039,119.545
terrain-004033,4,4,1024,42.128,152.01
terrain-004034,4,4,1024,41.94,114.49
terrain-004035,4,4,1024,41.987,118.259
terrain-004036,4,4,1024,41.963,109.307
terrain-004037,4,4,1024,42.011,112.914
terrain-004038,4,4,1024,42.064,114.085
terrain-004039,4,4,1024,79.795,1456.8
terrain-004040,4,4,1024,42.392,55.7253
terrain-004041,4,4,1024,42.751,80.3095
terrain-004042,4,4,1024,79.782,2912.8
terrain-004043,4,4,1024,86.047,2628.8
terrain-004044,4,4,1024,42.339,57.4512
terrain-004045,4,4,1024,67.343,1439.15
terrain-004046,4,4,1024,42.338,55.4443
terrain-004047,4,4,1024,70.701,1577.44
terrain-004048,4,4,1024,80.364,2862.46
terrain-004049,4,4,1024,42.151,40.9381
terrain-004050,4,4,1024,60.99,987.084
terrain-004051,4,4,1024,42.153,38.431
terrain-004052,4,4,1024,65.499,1174.57
terrain-004053,4,4,1024,42.21,38.5658
terrain-004054,4,4,1024,42.492,59.3182
terrain-004055,4,4,1024,76.575,18976.4
terrain-004056,4,4,1024,41.951,171.114
terrain-004057,4,4,1024,41.997,176.616
terrain-004058,4,4,1024,42.05,179.499
terrain-004059,4,4,1024,42.046,176.575
terrain-004060,4,4,1024,42.102,179.455
terrain-004061,4,4,1024,79.484,5088.55
terrain-004062,4,4,1024,42.094,66.9863
terrain-004063,4,4,1024,79.572,5365.6
terrain-004064,4,4,1024,59.76,1534.61
terrain-004065,4,4,1024,42.141,69.2351
terrain-004066,4,4,1024,61.79,1614.17
terrain-004067,4,4,1024,42.126,59.7099
terrain-004068,4,4,1024,42.297,82.2495
terrain-004069,4,4,1024,80.853,5211.87
terrain-004070,4,4,1024,42.033,48.9423
terrain-004071,4,4,1024,59.091,1215.72
terrain-004072,4,4,1024,42.086,49.161
terrain-004073,4,4,1024,42.168,61.4595
terrain-004074,4,4,1024,42.034,56.1162
terrain-004075,4,4,1024,74.803,25531.4
terrain-004076,4,4,1024,42.021,245.958
terrain-004077,4,4,1024,42.076,251.58
terrain-004078,4,4,1024,42.129,251.483
terrain-004079,4,4,1024,79.548,8921.57
terrain-004080,4,4,1024,42.027,85.8417
terrain-004081,4,4,1024,79.53,9382.7
terrain-004082,4,4,1024,58.655,1982.85
terrain-004083,4,4,1024,42.079,86.517
terrain-004084,4,4,1024,42.14,101.949
terrain-004085,4,4,1024,41.98,86.0219
terrain-004086,4,4,1024,82.834,9043.96
terrain-004087,4,4,1024,42.045,69.6682
terrain-004088,4,4,1024,42.131,91.0337
terrain-004089,4,4,1024,41.928,65.1782
terrain-004090,4,4,1024,41.976,67.368
terrain-004091,4,4,1024,79.987,1523.88
terrain-004092,4,4,1024,42.417,58.712
terrain-004093,4,4,1024,42.797,85.3741
terrain-004094,4,4,1024,79.961,3045.99
terrain-004095,4,4,1024,88.413,2978.05
terrain-004096,4,4,1024,42.37,60.8943
terrain-004097,4,4,1024,68.488,1576.51
terrain-004098,4,4,1024,42.364,58.5521
terrain-004099,4,4,1024,71.767,1696.29
terrain-004100,4,4,1024,80.464,2982.91
terrain-004101,4,4,1024,42.164,42.6554
terrain-004102,4,4,1024,61.327,1048.78
terrain-004103,4,4,1024,42.164,39.8977
terrain-004104,4,4,1024,65.962,1237.77
terrain-004105,4,4,1024,42.22,39.9719
terrain-004106,4,4,1024,42.514,62.0328
terrain-004107,4,4,1024,77.18,21526.2
terrain-004108,4,4,1024,41.974,205.766
terrain-004109,4,4,1024,42.021,212.553
terrain-004110,4,4,1024,42.073,214.676
terrain-004111,4,4,1024,42.081,212.46
terrain-004112,4,4,1024,42.137,214.581
terrain-004113,4,4,1024,79.782,5509.41
terrain-004114,4,4,1024,42.112,71.7141
terrain-004115,4,4,1024,79.859,5669.87
terrain-004116,4,4,1024,60.212,1691.79
terrain-004117,4,4,1024,42.159,74.1496
terrain-004118,4,4,1024,62.193,1738.84
terrain-004119,4,4,1024,42.138,63.1523
terrain-004120,4,4,1024,42.316,87.5698
terrain-004121,4,4,1024,81.014,5471.54
terrain-004122,4,4,1024,42.041,51.3461
terrain-004123,4,4,1024,59.214,1283.56
terrain-004124,4,4,1024,42.094,51.4691
terrain-004125,4,4,1024,42.176,64.3784
terrain-004126,4,4,1024,42.045,59.394
terrain-004127,4,4,1024,75.6,29971.1
terrain-004128,4,4,1024,42.065,321.706
terrain-004129,4,4,1024,42.12,326.585
terrain-004130,4,4,1024,42.19,326.345
terrain-004131,4,4,1024,80.042,9795.51
terrain-004132,4,4,1024,42.04,93.5274
terrain-004133,4,4,1024,80.014,10092.4
terrain-004134,4,4,1024,58.856,2174.34
terrain-004135,4,4,1024,42.091,93.9362
terrain-004136,4,4,1024,42.151,110.252
terrain-004137,4,4,1024,41.993,93.9782
terrain-004138,4,4,1024,83.187,9617.85
terrain-004139,4,4,1024,42.053,74.3961
terrain-004140,4,4,1024,42.14,97.5875
terrain-004141,4,4,1024,41.934,69.6422
terrain-004142,4,4,1024,41.983,72.0083
terrain-004143,4,4,1024,42.155,441.662
terrain-004144,4,4,1024,81.525,16456
terrain-004145,4,4,1024,42.053,134.189
terrain-004146,4,4,1024,81.537,16872.2
terrain-004147,4,4,1024,42.143,171.237
terrain-004148,4,4,1024,41.954,129.028
terrain-004149,4,4,1024,42.001,133.357
terrain-004150,4,4,1024,79.609,13814
terrain-004151,4,4,1024,41.979,122.473
terrain-004152,4,4,1024,42.028,126.587
terrain-004153,4,4,1024,42.08,127.337
terrain-004154,4,4,1024,80.072,5738.46
terrain-004155,4,4,1024,42.125,74.3341
terrain-004156,4,4,1024,80.062,5815.15
terrain-004157,4,4,1024,60.49,1780.26
terrain-004158,4,4,1024,42.172,76.8746
terrain-004159,4,4,1024,62.437,1805.76
terrain-004160,4,4,1024,42.146,65.0242
terrain-004161,4,4,1024,42.329,90.4894
terrain-004162,4,4,1024,81.127,5586.65
terrain-004163,4,4,1024,42.047,52.638
terrain-004164,4,4,1024,59.253,1319.08
terrain-004165,4,4,1024,42.1,52.7056
terrain-004166,4,4,1024,42.181,65.9411
terrain-004167,4,4,1024,42.054,61.18
terrain-004168,4,4,1024,76.48,32193.5
terrain-004169,4,4,1024,42.112,380.172
terrain-004170,4,4,1024,42.167,383.712
terrain-004171,4,4,1024,80.405,10237.5
terrain-004172,4,4,1024,42.05,97.9048
terrain-004173,4,4,1024,59.002,2279.99
terrain-004174,4,4,1024,42.102,98.1387
terrain-004175,4,4,1024,42.161,114.92
terrain-004176,4,4,1024,42.004,98.529
terrain-004177,4,4,1024,42.06,77.0075
terrain-004178,4,4,1024,42.147,101.224
terrain-004179,4,4,1024,41.94,72.1105
terrain-004180,4,4,1024,41.99,74.5751
terrain-004181,4,4,1024,75.565,40308
terrain-004182,4,4,1024,42.231,553.003
terrain-004183,4,4,1024,82.068,17307.3
terrain-004184,4,4,1024,42.065,142.933
terrain-004185,4,4,1024,42.158,182.768
terrain-004186,4,4,1024,41.967,137.765
terrain-004187,4,4,1024,42.014,142.437
terrain-004188,4,4,1024,41.992,130.317
terrain-004189,4,4,1024,42.042,134.739
terrain-004190,4,4,1024,42.095,135.183
terrain-004191,4,4,1024,77.556,22638.2
terrain-004192,4,4,1024,41.998,228.916
terrain-004193,4,4,1024,42.046,236.594
terrain-004194,4,4,1024,42.097,237.964
terrain-004195,4,4,1024,42.112,236.475
terrain-004196,4,4,1024,80.026,10150.3
terrain-004197,4,4,1024,42.063,100.229
terrain-004198,4,4,1024,59.053,2321.73
terrain-004199,4,4,1024,42.114,100.363
terrain-004200,4,4,1024,42.172,117.368
terrain-004201,4,4,1024,42.017,100.952
terrain-004202,4,4,1024,81.358,16888
terrain-004203,4,4,1024,42.082,147.7
terrain-004204,4,4,1024,42.176,189.039
terrain-004205,4,4,1024,41.983,142.548
terrain-004206,4,4,1024,42.031,147.41
terrain-004207,4,4,1024,76.804,21785.7
terrain-004208,4,4,1024,42.028,242.434
terrain-004209,4,4,1024,42.076,250.637
terrain-004210,4,4,1024,42.127,251.476
terrain-004211,4,4,1024,42.169,417.789
terrain-004212,4,4,1024,42.224,420.111
terrain-004213,4,4,4,41.982,1.23059
terrain-004214,4,4,4,42.074,1.19663
terrain-004215,4,4,4,42.131,1.2309
terrain-004216,4,4,4,69.468,119.722
terrain-004217,4,4,4,41.981,1.19635
terrain-004218,4,4,4,42.034,1.23061
terrain-004219,4,4,4,42.028,1.23089
terrain-004220,4,4,4,60.624,246.58
terrain-004221,4,4,4,42.017,3.15021
terrain-004222,4,4,4,57.952,290.132
terrain-004223,4,4,4,59.425,291.556
terrain-004224,4,4,4,68.855,127.845
terrain-004225,4,4,4,42.173,2.50577
terrain-004226,4,4,4,42.233,2.52239
terrain-004227,4,4,4,65.645,188.546
terrain-004228,4,4,4,65.944,194.802
terrain-004229,4,4,4,42.034,2.65704
terrain-004230,4,4,4,42.089,2.67091
terrain-004231,4,4,4,65.782,194.619
terrain-004232,4,4,4,42.023,2.52235
terrain-004233,4,4,4,61.918,247.149
terrain-004234,4,4,4,41.977,2.6708
terrain-004235,4,4,4,70.232,109.69
terrain-004236,4,4,4,42.135,1.69299
terrain-004237,4,4,4,42.192,1.72779
terrain-004238,4,4,4,67.964,149.195
terrain-004239,4,4,4,42,1.6927
terrain-004240,4,4,4,42.054,1.72749
terrain-004241,4,4,4,42.048,1.72777
terrain-004242,4,4,4,65.654,184.98
terrain-004243,4,4,4,41.981,1.72745
terrain-004244,4,4,4,58.507,286.567
terrain-004245,4,4,4,68.373,127.714
terrain-004246,4,4,4,42.383,3.19193
terrain-004247,4,4,4,42.439,3.15863
terrain-004248,4,4,4,64.959,188.575
terrain-004249,4,4,4,65.258,194.857
terrain-004250,4,4,4,41.985,2.64034
terrain-004251,4,4,4,42.042,2.65212
terrain-004252,4,4,4,65.077,194.35
terrain-004253,4,4,4,42.175,3.15858
terrain-004254,4,4,4,61.046,247.238
terrain-004255,4,4,4,41.931,2.65202
terrain-004256,4,4,4,58.416,291.25
terrain-004257,4,4,4,67.057,171.279
terrain-004258,4,4,4,42.017,2.13595
terrain-004259,4,4,4,42.071,2.16469
terrain-004260,4,4,4,42.065,2.1649
terrain-004261,4,4,4,64.098,219.006
terrain-004262,4,4,4,41.98,2.16462
terrain-004263,4,4,4,69.743,120.428
terrain-004264,4,4,4,42.187,2.13619
terrain-004265,4,4,4,42.246,2.16493
terrain-004266,4,4,4,64.156,184.905
terrain-004267,4,4,4,64.449,191.075
terrain-004268,4,4,4,42.113,3.19879
terrain-004269,4,4,4,42.17,3.16977
terrain-004270,4,4,4,65.59,200.326
terrain-004271,4,4,4,42.148,3.14337
terrain-004272,4,4,4,60.128,241.181
terrain-004273,4,4,4,42.037,3.16962
terrain-004274,4,4,4,57.433,282.797
terrain-004275,4,4,4,62.924,239.512
terrain-004276,4,4,4,41.979,2.4779
terrain-004277,4,4,4,60.638,281.33
terrain-004278,4,4,4,69.402,126.368
terrain-004279,4,4,4,42.224,2.4577
terrain-004280,4,4,4,42.283,2.47823
terrain-004281,4,4,4,66.348,183.938
terrain-004282,4,4,4,66.644,190.026
terrain-004283,4,4,4,42.028,2.45745
terrain-004284,4,4,4,42.082,2.47799
terrain-004285,4,4,4,66.64,191.31
terrain-004286,4,4,4,42.077,2.4782
terrain-004287,4,4,1024,43.131,65.6079
terrain-004288,4,4,1024,79.913,1314.73
terrain-004289,4,4,1024,79.709,711.409
terrain-004290,4,4,1024,43.19,66.0017
terrain-004291,4,4,1024,43.861,88.6734
terrain-004292,4,4,1024,80.126,1376.34
terrain-004293,4,4,1024,43.085,63.474
terrain-004294,4,4,1024,77.609,1261.4
terrain-004295,4,4,1024,42.604,38.5655
terrain-004296,4,4,1024,42.989,52.0624
terrain-004297,4,4,1024,81.948,1408.03
terrain-004298,4,4,1024,42.502,37.1679
terrain-004299,4,4,1024,72.583,1001.13
terrain-004300,4,4,1024,42.55,38.4308
terrain-004301,4,4,1024,75.425,1034.4
terrain-004302,4,4,1024,42.089,314.744
terrain-004303,4,4,1024,73.938,12313.9
terrain-004304,4,4,1024,42.036,119.543
terrain-004305,4,4,1024,42.123,152.007
terrain-004306,4,4,1024,41.937,114.488
terrain-004307,4,4,1024,41.984,118.258
terrain-004308,4,4,1024,41.959,109.306
terrain-004309,4,4,1024,42.008,112.913
terrain-004310,4,4,1024,42.061,114.084
terrain-004311,4,4,1024,76.612,1339.37
terrain-004312,4,4,1024,42.391,55.7249
terrain-004313,4,4,1024,42.748,80.3087
terrain-004314,4,4,1024,76.602,2678.05
terrain-004315,4,4,1024,83.037,2456.12
terrain-004316,4,4,1024,42.338,57.4508
terrain-004317,4,4,1024,67.302,1438.9
terrain-004318,4,4,1024,42.337,55.444
terrain-004319,4,4,1024,70.652,1577.14
terrain-004320,4,4,1024,77.001,2624.55
terrain-004321,4,4,1024,42.149,40.9379
terrain-004322,4,4,1024,60.947,986.953
terrain-004323,4,4,1024,42.152,38.4308
terrain-004324,4,4,1024,65.449,1174.39
terrain-004325,4,4,1024,42.208,38.5656
terrain-004326,4,4,1024,42.489,59.3177
terrain-004327,4,4,1024,70.971,16086.4
terrain-004328,4,4,1024,41.948,171.11
terrain-004329,4,4,1024,41.995,176.612
terrain-004330,4,4,1024,42.047,179.495
terrain-004331,4,4,1024,42.043,176.571
terrain-004332,4,4,1024,42.099,179.451
terrain-004333,4,4,1024,76.31,4679.88
terrain-004334,4,4,1024,42.092,66.9858
terrain-004335,4,4,1024,76.396,4938.89
terrain-004336,4,4,1024,59.72,1534.33
terrain-004337,4,4,1024,42.139,69.2346
terrain-004338,4,4,1024,61.748,1613.86
terrain-004339,4,4,1024,42.125,59.7095
terrain-004340,4,4,1024,42.295,82.2486
terrain-004341,4,4,1024,76.503,4669.61
terrain-004342,4,4,1024,42.031,48.942
terrain-004343,4,4,1024,59.033,1215.53
terrain-004344,4,4,1024,42.083,49.1608
terrain-004345,4,4,1024,42.166,61.459
terrain-004346,4,4,1024,42.032,56.1159
terrain-004347,4,4,1024,70.303,22200.2
terrain-004348,4,4,1024,42.02,245.952
terrain-004349,4,4,1024,42.075,251.573
terrain-004350,4,4,1024,42.127,251.475
terrain-004351,4,4,1024,75.633,8058.61
terrain-004352,4,4,1024,42.023,85.8409
terrain-004353,4,4,1024,75.593,8471.43
terrain-004354,4,4,1024,58.601,1982.37
terrain-004355,4,4,1024,42.075,86.5162
terrain-004356,4,4,1024,42.138,101.948
terrain-004357,4,4,1024,41.978,86.021
terrain-004358,4,4,1024,74.76,7392.35
terrain-004359,4,4,1024,42.041,69.6676
terrain-004360,4,4,1024,42.125,91.0326
terrain-004361,4,4,1024,41.924,65.1777
terrain-004362,4,4,1024,41.973,67.3675
terrain-004363,4,4,1024,76.744,1399.39
terrain-004364,4,4,1024,42.415,58.7117
terrain-004365,4,4,1024,42.795,85.3732
terrain-004366,4,4,1024,76.722,2797.29
terrain-004367,4,4,1024,84.848,2757.72
terrain-004368,4,4,1024,42.368,60.8939
terrain-004369,4,4,1024,68.443,1576.21
terrain-004370,4,4,1024,42.363,58.5517
terrain-004371,4,4,1024,71.713,1695.94
terrain-004372,4,4,1024,77.049,2731.96
terrain-004373,4,4,1024,42.163,42.6551
terrain-004374,4,4,1024,61.282,1048.63
terrain-004375,4,4,1024,42.163,39.8975
terrain-004376,4,4,1024,65.909,1237.57
terrain-004377,4,4,1024,42.219,39.9718
terrain-004378,4,4,1024,42.511,62.0323
terrain-004379,4,4,1024,71.007,17978.5
terrain-004380,4,4,1024,41.971,205.761
terrain-004381,4,4,1024,42.018,212.548
terrain-004382,4,4,1024,42.07,214.671
terrain-004383,4,4,1024,42.078,212.455
terrain-004384,4,4,1024,42.134,214.575
terrain-004385,4,4,1024,76.503,5056.52
terrain-004386,4,4,1024,42.11,71.7136
terrain-004387,4,4,1024,76.596,5210.67
terrain-004388,4,4,1024,60.168,1691.45
terrain-004389,4,4,1024,42.157,74.149
terrain-004390,4,4,1024,62.147,1738.47
terrain-004391,4,4,1024,42.136,63.1518
terrain-004392,4,4,1024,42.314,87.5689
terrain-004393,4,4,1024,76.549,4889.99
terrain-004394,4,4,1024,42.038,51.3458
terrain-004395,4,4,1024,59.153,1283.34
terrain-004396,4,4,1024,42.091,51.4688
terrain-004397,4,4,1024,42.173,64.3779
terrain-004398,4,4,1024,42.043,59.3935
terrain-004399,4,4,1024,70.508,25650.4
terrain-004400,4,4,1024,42.063,321.694
terrain-004401,4,4,1024,42.118,326.573
terrain-004402,4,4,1024,42.188,326.332
terrain-004403,4,4,1024,75.902,8808.19
terrain-004404,4,4,1024,42.036,93.5265
terrain-004405,4,4,1024,75.88,9077.57
terrain-004406,4,4,1024,58.796,2173.77
terrain-004407,4,4,1024,42.088,93.9352
terrain-004408,4,4,1024,42.148,110.25
terrain-004409,4,4,1024,41.991,93.9772
terrain-004410,4,4,1024,74.735,7794.92
terrain-004411,4,4,1024,42.049,74.3954
terrain-004412,4,4,1024,42.134,97.5862
terrain-004413,4,4,1024,41.93,69.6416
terrain-004414,4,4,1024,41.979,72.0077
terrain-004415,4,4,1024,42.154,441.64
terrain-004416,4,4,1024,74.189,13637.5
terrain-004417,4,4,1024,42.049,134.187
terrain-004418,4,4,1024,74.132,13958.1
terrain-004419,4,4,1024,42.137,171.233
terrain-004420,4,4,1024,41.95,129.026
terrain-004421,4,4,1024,41.997,133.355
terrain-004422,4,4,1024,72.155,11255.2
terrain-004423,4,4,1024,41.975,122.471
terrain-004424,4,4,1024,42.024,126.585
terrain-004425,4,4,1024,42.077,127.335
terrain-004426,4,4,1024,76.687,5255.73
terrain-004427,4,4,1024,42.123,74.3323
terrain-004428,4,4,1024,76.711,5334.49
terrain-004429,4,4,1024,60.436,1779.2
terrain-004430,4,4,1024,42.17,76.8727
terrain-004431,4,4,1024,62.38,1804.67
terrain-004432,4,4,1024,42.144,65.0229
terrain-004433,4,4,1024,42.327,90.4866
terrain-004434,4,4,1024,76.591,4985.68
terrain-004435,4,4,1024,42.044,52.637
terrain-004436,4,4,1024,59.18,1318.19
terrain-004437,4,4,1024,42.097,52.7046
terrain-004438,4,4,1024,42.178,65.9394
terrain-004439,4,4,1024,42.052,61.1786
terrain-004440,4,4,1024,70.824,27165.9
terrain-004441,4,4,1024,42.109,380.127
terrain-004442,4,4,1024,42.164,383.666
terrain-004443,4,4,1024,76.07,9168.02
terrain-004444,4,4,1024,42.047,97.9018
terrain-004445,4,4,1024,58.93,2278.27
terrain-004446,4,4,1024,42.098,98.1357
terrain-004447,4,4,1024,42.158,114.916
terrain-004448,4,4,1024,42.002,98.5259
terrain-004449,4,4,1024,42.056,77.0054
terrain-004450,4,4,1024,42.14,101.22
terrain-004451,4,4,1024,41.936,72.1086
terrain-004452,4,4,1024,41.986,74.5731
terrain-004453,4,4,1024,70.849,34865.4
terrain-004454,4,4,1024,42.228,552.907
terrain-004455,4,4,1024,74.296,14206.6
terrain-004456,4,4,1024,42.061,142.926
terrain-004457,4,4,1024,42.152,182.757
terrain-004458,4,4,1024,41.963,137.758
terrain-004459,4,4,1024,42.01,142.431
terrain-004460,4,4,1024,41.988,130.311
terrain-004461,4,4,1024,42.039,134.733
terrain-004462,4,4,1024,42.091,135.177
terrain-004463,4,4,1024,70.992,18711.4
terrain-004464,4,4,1024,41.995,228.899
terrain-004465,4,4,1024,42.042,236.576
terrain-004466,4,4,1024,42.093,237.946
terrain-004467,4,4,1024,42.109,236.455
terrain-004468,4,4,1024,75.72,9085.92
terrain-004469,4,4,1024,42.059,100.223
terrain-004470,4,4,1024,58.965,2318.25
terrain-004471,4,4,1024,42.11,100.357
terrain-004472,4,4,1024,42.169,117.36
terrain-004473,4,4,1024,42.014,100.946
terrain-004474,4,4,1024,73.808,13891.5
terrain-004475,4,4,1024,42.078,147.687
terrain-004476,4,4,1024,42.17,189.018
terrain-004477,4,4,1024,41.979,142.536
terrain-004478,4,4,1024,42.027,147.398
terrain-004479,4,4,1024,70.498,18069.3
terrain-004480,4,4,1024,42.024,242.4
terrain-004481,4,4,1024,42.072,250.602
terrain-004482,4,4,1024,42.123,251.441
terrain-004483,4,4,1024,42.166,417.691
terrain-004484,4,4,1024,42.221,420.014
terrain-004485,4,4,4,41.983,1.23065
terrain-004486,4,4,4,42.074,1.19669
terrain-004487,4,4,4,42.131,1.23096
terrain-004488,4,4,4,71.441,127.991
terrain-004489,4,4,4,41.981,1.19641
terrain-004490,4,4,4,42.034,1.23067
terrain-004491,4,4,4,42.029,1.23095
terrain-004492,4,4,4,61.969,262.877
terrain-004493,4,4,4,42.018,3.15084
terrain-004494,4,4,4,59.051,308.143
terrain-004495,4,4,4,60.602,309.7
terrain-004496,4,4,4,71.02,137.597
terrain-004497,4,4,4,42.174,2.50607
terrain-004498,4,4,4,42.234,2.52269
terrain-004499,4,4,4,67.441,202.068
terrain-004500,4,4,4,67.77,208.603
terrain-004501,4,4,4,42.035,2.65741
terrain-004502,4,4,4,42.09,2.67128
terrain-004503,4,4,4,67.564,208.163
terrain-004504,4,4,4,42.024,2.52265
terrain-004505,4,4,4,63.336,263.53
terrain-004506,4,4,4,41.978,2.67118
terrain-004507,4,4,4,72.48,118.007
terrain-004508,4,4,4,42.135,1.69312
terrain-004509,4,4,4,42.193,1.72792
terrain-004510,4,4,4,69.863,159.618
terrain-004511,4,4,4,42.001,1.69283
terrain-004512,4,4,4,42.054,1.72762
terrain-004513,4,4,4,42.049,1.72791
terrain-004514,4,4,4,67.284,197.086
terrain-004515,4,4,4,41.982,1.72758
terrain-004516,4,4,4,59.771,306.31
terrain-004517,4,4,4,70.474,137.325
terrain-004518,4,4,4,42.384,3.19243
terrain-004519,4,4,4,42.44,3.15912
terrain-004520,4,4,4,66.692,201.96
terrain-004521,4,4,4,67.021,208.519
terrain-004522,4,4,4,41.986,2.64075
terrain-004523,4,4,4,42.043,2.65252
terrain-004524,4,4,4,66.776,207.589
terrain-004525,4,4,4,42.176,3.15907
terrain-004526,4,4,4,62.392,263.395
terrain-004527,4,4,4,41.931,2.65242
terrain-004528,4,4,4,59.516,309.07
terrain-004529,4,4,4,68.947,183.539
terrain-004530,4,4,4,42.018,2.13617
terrain-004531,4,4,4,42.072,2.16491
terrain-004532,4,4,4,42.066,2.16511
terrain-004533,4,4,4,65.666,233.621
terrain-004534,4,4,4,41.981,2.16484
terrain-004535,4,4,4,71.988,129.675
terrain-004536,4,4,4,42.187,2.13639
terrain-004537,4,4,4,42.246,2.16514
terrain-004538,4,4,4,65.803,197.798
terrain-004539,4,4,4,66.125,204.234
terrain-004540,4,4,4,42.114,3.1994
terrain-004541,4,4,4,42.171,3.17037
terrain-004542,4,4,4,67.333,213.983
terrain-004543,4,4,4,42.149,3.14378
terrain-004544,4,4,4,61.386,256.596
terrain-004545,4,4,4,42.038,3.17022
terrain-004546,4,4,4,58.448,299.67
terrain-004547,4,4,4,64.402,255.366
terrain-004548,4,4,4,41.979,2.47819
terrain-004549,4,4,4,61.886,298.83
terrain-004550,4,4,4,71.623,136.078
terrain-004551,4,4,4,42.225,2.45796
terrain-004552,4,4,4,42.284,2.4785
terrain-004553,4,4,4,68.185,197.091
terrain-004554,4,4,4,68.509,203.454
terrain-004555,4,4,4,42.029,2.45774
terrain-004556,4,4,4,42.083,2.47827
terrain-004557,4,4,4,68.503,204.803
terrain-004558,4,4,4,42.078,2.47847
terrain-004559,4,4,1024,43.132,65.6084
terrain-004560,4,4,1024,82.863,1413.48
terrain-004561,4,4,1024,82.922,769.904
terrain-004562,4,4,1024,43.191,66.0022
terrain-004563,4,4,1024,43.863,88.6744
terrain-004564,4,4,1024,83.246,1485.1
terrain-004565,4,4,1024,43.086,63.4745
terrain-004566,4,4,1024,80.265,1352.01
terrain-004567,4,4,1024,42.606,38.5657
terrain-004568,4,4,1024,42.991,52.0627
terrain-004569,4,4,1024,85.367,1523.64
terrain-004570,4,4,1024,42.503,37.1681
terrain-004571,4,4,1024,72.626,1001.27
terrain-004572,4,4,1024,42.551,38.431
terrain-004573,4,4,1024,75.47,1034.55
terrain-004574,4,4,1024,42.09,314.755
terrain-004575,4,4,1024,80.606,14649.2
terrain-004576,4,4,1024,42.039,119.545
terrain-004577,4,4,1024,42.128,152.01
terrain-004578,4,4,1024,41.94,114.49
terrain-004579,4,4,1024,41.987,118.259
terrain-004580,4,4,1024,41.963,109.307
terrain-004581,4,4,1024,42.011,112.914
terrain-004582,4,4,1024,42.064,114.085
terrain-004583,4,4,1024,79.795,1456.8
terrain-004584,4,4,1024,42.392,55.7253
terrain-004585,4,4,1024,42.751,80.3095
terrain-004586,4,4,1024,79.782,2912.8
terrain-004587,4,4,1024,86.047,2628.8
terrain-004588,4,4,1024,42.339,57.4512
terrain-004589,4,4,1024,67.343,1439.15
terrain-004590,4,4,1024,42.338,55.4443
terrain-004591,4,4,1024,70.701,1577.44
terrain-004592,4,4,1024,80.364,2862.46
terrain-004593,4,4,1024,42.151,40.9381
terrain-004594,4,4,1024,60.99,987.084
terrain-004595,4,4,1024,42.153,38.431
terrain-004596,4,4,1024,65.499,1174.57
terrain-004597,4,4,1024,42.21,38.5658
terrain-004598,4,4,1024,42.492,59.3182
terrain-004599,4,4,1024,76.576,18976.4
terrain-004600,4,4,1024,41.951,171.114
terrain-004601,4,4,1024,41.997,176.616
terrain-004602,4,4,1024,42.05,179.499
terrain-004603,4,4,1024,42.046,176.575
terrain-004604,4,4,1024,42.102,179.455
terrain-004605,4,4,1024,79.484,5088.55
terrain-004606,4,4,1024,42.094,66.9863
terrain-004607,4,4,1024,79.572,5365.6
terrain-004608,4,4,1024,59.76,1534.61
terrain-004609,4,4,1024,42.141,69.2351
terrain-004610,4,4,1024,61.79,1614.17
terrain-004611,4,4,1024,42.126,59.7099
terrain-004612,4,4,1024,42.297,82.2495
terrain-004613,4,4,1024,80.853,5211.87
terrain-004614,4,4,1024,42.033,48.9423
terrain-004615,4,4,1024,59.091,1215.72
terrain-004616,4,4,1024,42.086,49.161
terrain-004617,4,4,1024,42.168,61.4595
terrain-004618,4,4,1024,42.034,56.1162
terrain-004619,4,4,1024,74.803,25531.4
terrain-004620,4,4,1024,42.021,245.958
terrain-004621,4,4,1024,42.076,251.58
terrain-004622,4,4,1024,42.129,251.483
terrain-004623,4,4,1024,79.548,8921.49
terrain-004624,4,4,1024,42.027,85.8417
terrain-004625,4,4,1024,79.53,9382.61
terrain-004626,4,4,1024,58.655,1982.85
terrain-004627,4,4,1024,42.079,86.517
terrain-004628,4,4,1024,42.14,101.949
terrain-004629,4,4,1024,41.98,86.0219
terrain-004630,4,4,1024,82.833,9043.48
terrain-004631,4,4,1024,42.045,69.6682
terrain-004632,4,4,1024,42.131,91.0337
terrain-004633,4,4,1024,41.928,65.1782
terrain-004634,4,4,1024,41.976,67.368
terrain-004635,4,4,1024,79.987,1523.88
terrain-004636,4,4,1024,42.417,58.712
terrain-004637,4,4,1024,42.797,85.3741
terrain-004638,4,4,1024,79.961,3045.99
terrain-004639,4,4,1024,88.413,2978.05
terrain-004640,4,4,1024,42.37,60.8943
terrain-004641,4,4,1024,68.488,1576.51
terrain-004642,4,4,1024,42.364,58.5521
terrain-004643,4,4,1024,71.767,1696.29
terrain-004644,4,4,1024,80.464,2982.91
terrain-004645,4,4,1024,42.164,42.6554
terrain-004646,4,4,1024,61.327,1048.78
terrain-004647,4,4,1024,42.164,39.8977
terrain-004648,4,4,1024,65.962,1237.77
terrain-004649,4,4,1024,42.22,39.9719
terrain-004650,4,4,1024,42.514,62.0328
terrain-004651,4,4,1024,77.18,21526.2
terrain-004652,4,4,1024,41.974,205.766
terrain-004653,4,4,1024,42.021,212.553
terrain-004654,4,4,1024,42.073,214.676
terrain-004655,4,4,1024,42.081,212.46
terrain-004656,4,4,1024,42.137,214.581
terrain-004657,4,4,1024,79.782,5509.41
terrain-004658,4,4,1024,42.112,71.7141
terrain-004659,4,4,1024,79.859,5669.87
terrain-004660,4,4,1024,60.212,1691.79
terrain-004661,4,4,1024,42.159,74.1496
terrain-004662,4,4,1024,62.193,1738.84
terrain-004663,4,4,1024,42.138,63.1523
terrain-004664,4,4,1024,42.316,87.5698
terrain-004665,4,4,1024,81.014,5471.53
terrain-004666,4,4,1024,42.041,51.3461
terrain-004667,4,4,1024,59.214,1283.56
terrain-004668,4,4,1024,42.094,51.4691
terrain-004669,4,4,1024,42.176,64.3784
terrain-004670,4,4,1024,42.045,59.394
terrain-004671,4,4,1024,75.599,29971.1
terrain-004672,4,4,1024,42.065,321.706
terrain-004673,4,4,1024,42.12,326.585
terrain-004674,4,4,1024,42.19,326.345
terrain-004675,4,4,1024,80.042,9795.6
terrain-004676,4,4,1024,42.04,93.5274
terrain-004677,4,4,1024,80.014,10092.5
terrain-004678,4,4,1024,58.856,2174.34
terrain-004679,4,4,1024,42.091,93.9362
terrain-004680,4,4,1024,42.151,110.252
terrain-004681,4,4,1024,41.993,93.9782
terrain-004682,4,4,1024,83.187,9618
terrain-004683,4,4,1024,42.053,74.3961
terrain-004684,4,4,1024,42.14,97.5875
terrain-004685,4,4,1024,41.934,69.6422
terrain-004686,4,4,1024,41.983,72.0083
terrain-004687,4,4,1024,42.155,441.662
terrain-004688,4,4,1024,81.524,16455.6
terrain-004689,4,4,1024,42.053,134.189
terrain-004690,4,4,1024,81.537,16872.3
terrain-004691,4,4,1024,42.143,171.237
terrain-004692,4,4,1024,41.954,129.028
terrain-004693,4,4,1024,42.001,133.357
terrain-004694,4,4,1024,79.608,13814
terrain-004695,4,4,1024,41.979,122.473
terrain-004696,4,4,1024,42.028,126.587
terrain-004697,4,4,1024,42.08,127.337
terrain-004698,4,4,1024,80.072,5738.46
terrain-004699,4,4,1024,42.125,74.3341
terrain-004700,4,4,1024,80.062,5815.15
terrain-004701,4,4,1024,60.49,1780.26
terrain-004702,4,4,1024,42.172,76.8746
terrain-004703,4,4,1024,62.437,1805.76
terrain-004704,4,4,1024,42.146,65.0242
terrain-004705,4,4,1024,42.329,90.4894
terrain-004706,4,4,1024,81.127,5586.65
terrain-004707,4,4,1024,42.047,52.638
terrain-004708,4,4,1024,59.253,1319.08
terrain-004709,4,4,1024,42.1,52.7056
terrain-004710,4,4,1024,42.181,65.9411
terrain-004711,4,4,1024,42.054,61.18
terrain-004712,4,4,1024,76.479,32193.5
terrain-004713,4,4,1024,42.112,380.172
terrain-004714,4,4,1024,42.167,383.712
terrain-004715,4,4,1024,80.406,10237.6
terrain-004716,4,4,1024,42.05,97.9048
terrain-004717,4,4,1024,59.002,2279.99
terrain-004718,4,4,1024,42.102,98.1387
terrain-004719,4,4,1024,42.161,114.92
terrain-004720,4,4,1024,42.004,98.529
terrain-004721,4,4,1024,42.06,77.0075
terrain-004722,4,4,1024,42.147,101.224
terrain-004723,4,4,1024,41.94,72.1105
terrain-004724,4,4,1024,41.99,74.5751
terrain-004725,4,4,1024,75.565,40308
terrain-004726,4,4,1024,42.231,553.003
terrain-004727,4,4,1024,82.069,17306.8
terrain-004728,4,4,1024,42.065,142.933
terrain-004729,4,4,1024,42.158,182.768
terrain-004730,4,4,1024,41.967,137.765
terrain-004731,4,4,1024,42.014,142.437
terrain-004732,4,4,1024,41.992,130.317
terrain-004733,4,4,1024,42.042,134.739
terrain-004734,4,4,1024,42.095,135.183
terrain-004735,4,4,1024,77.556,22638.2
terrain-004736,4,4,1024,41.998,228.916
terrain-004737,4,4,1024,42.046,236.594
terrain-004738,4,4,1024,42.097,237.964
terrain-004739,4,4,1024,42.112,236.475
terrain-004740,4,4,1024,80.026,10150.4
terrain-004741,4,4,1024,42.063,100.229
terrain-004742,4,4,1024,59.053,2321.73
terrain-004743,4,4,1024,42.114,100.363
terrain-004744,4,4,1024,42.172,117.368
terrain-004745,4,4,1024,42.017,100.952
terrain-004746,4,4,1024,81.357,16887.8
terrain-004747,4,4,1024,42.082,147.7
terrain-004748,4,4,1024,42.176,189.039
terrain-004749,4,4,1024,41.983,142.548
terrain-004750,4,4,1024,42.031,147.41
terrain-004751,4,4,1024,76.803,21785.7
terrain-004752,4,4,1024,42.028,242.434
terrain-004753,4,4,1024,42.076,250.637
terrain-004754,4,4,1024,42.127,251.476
terrain-004755,4,4,1024,42.169,417.789
terrain-004756,4,4,1024,42.224,420.111
terrain-004757,4,4,4,41.982,1.23028
terrain-004758,4,4,4,42.074,1.19633
terrain-004759,4,4,4,42.131,1.23059
terrain-004760,4,4,4,70.4,123.589
terrain-004761,4,4,4,41.981,1.19606
terrain-004762,4,4,4,42.034,1.2303
terrain-004763,4,4,4,42.028,1.23058
terrain-004764,4,4,4,63.547,282.107
terrain-004765,4,4,4,42.018,3.15132
terrain-004766,4,4,4,60.232,327.754
terrain-004767,4,4,4,61.978,330.956
terrain-004768,4,4,4,71.505,139.838
terrain-004769,4,4,4,42.174,2.50645
terrain-004770,4,4,4,42.234,2.52307
terrain-004771,4,4,4,68.211,207.962
terrain-004772,4,4,4,68.859,216.997
terrain-004773,4,4,4,42.035,2.65787
terrain-004774,4,4,4,42.09,2.67173
terrain-004775,4,4,4,68.626,216.397
terrain-004776,4,4,4,42.024,2.52304
terrain-004777,4,4,4,65.116,284.015
terrain-004778,4,4,4,41.978,2.67163
terrain-004779,4,4,4,72.302,117.352
terrain-004780,4,4,4,42.135,1.69294
terrain-004781,4,4,4,42.193,1.72774
terrain-004782,4,4,4,69.74,158.947
terrain-004783,4,4,4,42.001,1.69265
terrain-004784,4,4,4,42.054,1.72745
terrain-004785,4,4,4,42.049,1.72773
terrain-004786,4,4,4,67.909,201.555
terrain-004787,4,4,4,41.981,1.7274
terrain-004788,4,4,4,61.021,326.163
terrain-004789,4,4,4,71.061,140.079
terrain-004790,4,4,4,42.385,3.1931
terrain-004791,4,4,4,42.44,3.15977
terrain-004792,4,4,4,67.586,209.005
terrain-004793,4,4,4,68.231,218.123
terrain-004794,4,4,4,41.986,2.64122
terrain-004795,4,4,4,42.043,2.653
terrain-004796,4,4,4,67.953,216.981
terrain-004797,4,4,4,42.177,3.15972
terrain-004798,4,4,4,64.267,285.948
terrain-004799,4,4,4,41.931,2.6529
terrain-004800,4,4,4,60.985,333.08
terrain-004801,4,4,4,69.27,185.692
terrain-004802,4,4,4,42.018,2.13613
terrain-004803,4,4,4,42.072,2.16487
terrain-004804,4,4,4,42.066,2.16507
terrain-004805,4,4,4,66.902,245.02
terrain-004806,4,4,4,41.981,2.1648
terrain-004807,4,4,4,72.154,130.39
terrain-004808,4,4,4,42.187,2.13635
terrain-004809,4,4,4,42.246,2.16509
terrain-004810,4,4,4,66.622,204.339
terrain-004811,4,4,4,67.242,213.215
terrain-004812,4,4,4,42.114,3.20015
terrain-004813,4,4,4,42.171,3.1711
terrain-004814,4,4,4,68.314,221.858
terrain-004815,4,4,4,42.149,3.1442
terrain-004816,4,4,4,63.095,277.571
terrain-004817,4,4,4,42.037,3.17096
terrain-004818,4,4,4,59.761,321.71
terrain-004819,4,4,4,65.97,272.039
terrain-004820,4,4,4,41.979,2.47843
terrain-004821,4,4,4,63.069,315.355
terrain-004822,4,4,4,71.964,137.612
terrain-004823,4,4,4,42.225,2.45819
terrain-004824,4,4,4,42.284,2.47873
terrain-004825,4,4,4,68.761,201.281
terrain-004826,4,4,4,69.396,209.935
terrain-004827,4,4,4,42.029,2.45798
terrain-004828,4,4,4,42.083,2.47852
terrain-004829,4,4,4,69.379,211.254
terrain-004830,4,4,4,42.078,2.4787
terrain-004831,4,4,1024,43.132,65.6083
terrain-004832,4,4,1024,82.923,1415.47
terrain-004833,4,4,1024,82.99,771.146
terrain-004834,4,4,1024,43.191,66.002
terrain-004835,4,4,1024,43.863,88.6741
terrain-004836,4,4,1024,83.31,1487.3
terrain-004837,4,4,1024,43.086,63.4743
terrain-004838,4,4,1024,80.319,1353.84
terrain-004839,4,4,1024,42.606,38.5645
terrain-004840,4,4,1024,42.991,52.0604
terrain-004841,4,4,1024,85.336,1522.72
terrain-004842,4,4,1024,42.503,37.1669
terrain-004843,4,4,1024,72.597,1000.41
terrain-004844,4,4,1024,42.551,38.4297
terrain-004845,4,4,1024,75.436,1033.62
terrain-004846,4,4,1024,42.088,314.774
terrain-004847,4,4,1024,80.619,14702.3
terrain-004848,4,4,1024,42.037,119.544
terrain-004849,4,4,1024,42.127,152.009
terrain-004850,4,4,1024,41.939,114.489
terrain-004851,4,4,1024,41.986,118.259
terrain-004852,4,4,1024,41.96,109.297
terrain-004853,4,4,1024,42.008,112.903
terrain-004854,4,4,1024,42.061,114.075
terrain-004855,4,4,1024,79.795,1456.84
terrain-004856,4,4,1024,42.392,55.7252
terrain-004857,4,4,1024,42.75,80.3093
terrain-004858,4,4,1024,79.783,2912.88
terrain-004859,4,4,1024,85.997,2625.91
terrain-004860,4,4,1024,42.339,57.4511
terrain-004861,4,4,1024,67.342,1439.07
terrain-004862,4,4,1024,42.338,55.4442
terrain-004863,4,4,1024,70.69,1577.35
terrain-004864,4,4,1024,80.269,2856.23
terrain-004865,4,4,1024,42.15,40.9366
terrain-004866,4,4,1024,60.972,986.242
terrain-004867,4,4,1024,42.153,38.4298
terrain-004868,4,4,1024,65.466,1173.37
terrain-004869,4,4,1024,42.21,38.5646
terrain-004870,4,4,1024,42.491,59.3151
terrain-004871,4,4,1024,76.394,19039.5
terrain-004872,4,4,1024,41.95,171.113
terrain-004873,4,4,1024,41.996,176.616
terrain-004874,4,4,1024,42.048,179.498
terrain-004875,4,4,1024,42.043,176.55
terrain-004876,4,4,1024,42.098,179.431
terrain-004877,4,4,1024,79.547,5096.76
terrain-004878,4,4,1024,42.093,66.9861
terrain-004879,4,4,1024,79.583,5367.27
terrain-004880,4,4,1024,59.759,1534.52
terrain-004881,4,4,1024,42.14,69.2349
terrain-004882,4,4,1024,61.789,1614.07
terrain-004883,4,4,1024,42.126,59.7098
terrain-004884,4,4,1024,42.297,82.2492
terrain-004885,4,4,1024,80.825,5213.38
terrain-004886,4,4,1024,42.033,48.9403
terrain-004887,4,4,1024,59.065,1214.44
terrain-004888,4,4,1024,42.085,49.159
terrain-004889,4,4,1024,42.168,61.4562
terrain-004890,4,4,1024,42.033,56.1135
terrain-004891,4,4,1024,74.808,25710.4
terrain-004892,4,4,1024,42.019,245.96
terrain-004893,4,4,1024,42.074,251.583
terrain-004894,4,4,1024,42.127,251.438
terrain-004895,4,4,1024,79.611,8941.91
terrain-004896,4,4,1024,42.025,85.8415
terrain-004897,4,4,1024,79.555,9395.16
terrain-004898,4,4,1024,58.648,1982.69
terrain-004899,4,4,1024,42.078,86.5167
terrain-004900,4,4,1024,42.14,101.949
terrain-004901,4,4,1024,41.979,86.0216
terrain-004902,4,4,1024,82.504,9013.82
terrain-004903,4,4,1024,42.042,69.6642
terrain-004904,4,4,1024,42.129,91.0266
terrain-004905,4,4,1024,41.927,65.1746
terrain-004906,4,4,1024,41.975,67.3642
terrain-004907,4,4,1024,79.955,1523.1
terrain-004908,4,4,1024,42.417,58.7092
terrain-004909,4,4,1024,42.797,85.3678
terrain-004910,4,4,1024,79.929,3044.42
terrain-004911,4,4,1024,88.232,2967.53
terrain-004912,4,4,1024,42.369,60.8911
terrain-004913,4,4,1024,68.447,1574.37
terrain-004914,4,4,1024,42.364,58.5492
terrain-004915,4,4,1024,71.706,1693.8
terrain-004916,4,4,1024,80.437,2981.71
terrain-004917,4,4,1024,42.164,42.6537
terrain-004918,4,4,1024,61.307,1047.79
terrain-004919,4,4,1024,42.164,39.8963
terrain-004920,4,4,1024,65.925,1236.39
terrain-004921,4,4,1024,42.22,39.9706
terrain-004922,4,4,1024,42.514,62.0293
terrain-004923,4,4,1024,76.472,21347.5
terrain-004924,4,4,1024,41.973,205.731
terrain-004925,4,4,1024,42.02,212.516
terrain-004926,4,4,1024,42.071,214.639
terrain-004927,4,4,1024,42.077,212.423
terrain-004928,4,4,1024,42.132,214.545
terrain-004929,4,4,1024,79.792,5513.61
terrain-004930,4,4,1024,42.112,71.7097
terrain-004931,4,4,1024,79.763,5658.82
terrain-004932,4,4,1024,60.181,1689.32
terrain-004933,4,4,1024,42.158,74.145
terrain-004934,4,4,1024,62.158,1736.23
terrain-004935,4,4,1024,42.137,63.149
terrain-004936,4,4,1024,42.316,87.5632
terrain-004937,4,4,1024,81.069,5485.09
terrain-004938,4,4,1024,42.04,51.3438
terrain-004939,4,4,1024,59.185,1282.07
terrain-004940,4,4,1024,42.093,51.4668
terrain-004941,4,4,1024,42.176,64.3747
terrain-004942,4,4,1024,42.045,59.3908
terrain-004943,4,4,1024,74.912,29690.5
terrain-004944,4,4,1024,42.062,321.625
terrain-004945,4,4,1024,42.117,326.506
terrain-004946,4,4,1024,42.187,326.266
terrain-004947,4,4,1024,79.922,9781.64
terrain-004948,4,4,1024,42.038,93.5201
terrain-004949,4,4,1024,79.803,10054.8
terrain-004950,4,4,1024,58.813,2170.26
terrain-004951,4,4,1024,42.09,93.9289
terrain-004952,4,4,1024,42.15,110.241
terrain-004953,4,4,1024,41.992,93.9705
terrain-004954,4,4,1024,82.945,9610.32
terrain-004955,4,4,1024,42.051,74.3913
terrain-004956,4,4,1024,42.138,97.579
terrain-004957,4,4,1024,41.933,69.6378
terrain-004958,4,4,1024,41.982,72.0038
terrain-004959,4,4,1024,42.152,441.545
terrain-004960,4,4,1024,81.142,16385.1
terrain-004961,4,4,1024,42.051,134.174
terrain-004962,4,4,1024,81.07,16766.6
terrain-004963,4,4,1024,42.141,171.212
terrain-004964,4,4,1024,41.952,129.014
terrain-004965,4,4,1024,41.999,133.342
terrain-004966,4,4,1024,78.781,13662
terrain-004967,4,4,1024,41.976,122.459
terrain-004968,4,4,1024,42.025,126.573
terrain-004969,4,4,1024,42.077,127.323
terrain-004970,4,4,1024,80.003,5731.9
terrain-004971,4,4,1024,42.124,74.3289
terrain-004972,4,4,1024,79.932,5799.58
terrain-004973,4,4,1024,60.454,1777.3
terrain-004974,4,4,1024,42.171,76.8692
terrain-004975,4,4,1024,62.396,1802.7
terrain-004976,4,4,1024,42.146,65.0205
terrain-004977,4,4,1024,42.329,90.4817
terrain-004978,4,4,1024,80.939,5567.25
terrain-004979,4,4,1024,42.046,52.6354
terrain-004980,4,4,1024,59.222,1317.41
terrain-004981,4,4,1024,42.099,52.7031
terrain-004982,4,4,1024,42.181,65.9369
terrain-004983,4,4,1024,42.053,61.1764
terrain-004984,4,4,1024,75.798,31949.9
terrain-004985,4,4,1024,42.108,380.05
terrain-004986,4,4,1024,42.163,383.592
terrain-004987,4,4,1024,80.228,10210.1
terrain-004988,4,4,1024,42.049,97.8961
terrain-004989,4,4,1024,58.952,2275.13
terrain-004990,4,4,1024,42.101,98.1301
terrain-004991,4,4,1024,42.16,114.907
terrain-004992,4,4,1024,42.003,98.5199
terrain-004993,4,4,1024,42.058,77.0021
terrain-004994,4,4,1024,42.145,101.214
terrain-004995,4,4,1024,41.939,72.1055
terrain-004996,4,4,1024,41.989,74.57
terrain-004997,4,4,1024,74.213,39206.8
terrain-004998,4,4,1024,42.226,552.798
terrain-004999,4,4,1024,81.65,17227.5
terrain-005000,4,4,1024,42.063,142.914
terrain-005001,4,4,1024,42.156,182.737
terrain-005002,4,4,1024,41.965,137.747
terrain-005003,4,4,1024,42.012,142.419
terrain-005004,4,4,1024,41.989,130.301
terrain-005005,4,4,1024,42.039,134.722
terrain-005006,4,4,1024,42.091,135.167
terrain-005007,4,4,1024,76.835,22465.7
terrain-005008,4,4,1024,41.996,228.868
terrain-005009,4,4,1024,42.043,236.544
terrain-005010,4,4,1024,42.095,237.915
terrain-005011,4,4,1024,42.108,236.426
terrain-005012,4,4,1024,79.537,10047.7
terrain-005013,4,4,1024,42.061,100.221
terrain-005014,4,4,1024,59.004,2317.26
terrain-005015,4,4,1024,42.113,100.355
terrain-005016,4,4,1024,42.171,117.356
terrain-005017,4,4,1024,42.016,100.943
terrain-005018,4,4,1024,80.621,16677.7
terrain-005019,4,4,1024,42.08,147.682
terrain-005020,4,4,1024,42.174,189.009
terrain-005021,4,4,1024,41.981,142.531
terrain-005022,4,4,1024,42.029,147.392
terrain-005023,4,4,1024,75.855,21464.6
terrain-005024,4,4,1024,42.025,242.386
terrain-005025,4,4,1024,42.074,250.588
terrain-005026,4,4,1024,42.125,251.427
terrain-005027,4,4,1024,42.165,417.658
terrain-005028,4,4,1024,42.22,419.985
terrain-005029,5,5,4,42.101,1.23047
terrain-005030,5,5,4,75.216,103.801
terrain-005031,5,5,4,42.193,1.19652
terrain-005032,5,5,4,42.251,1.23078
terrain-005033,5,5,4,71.584,125.573
terrain-005034,5,5,4,42.099,1.19625
terrain-005035,5,5,4,42.153,1.2305
terrain-005036,5,5,4,42.147,1.23077
terrain-005037,5,5,4,62.202,258.455
terrain-005038,5,5,4,64.233,276.74
terrain-005039,5,5,4,42.138,3.1502
terrain-005040,5,5,4,64.054,272.723
terrain-005041,5,5,4,60.551,321.509
terrain-005042,5,5,4,61.754,316.88
terrain-005043,5,5,4,73.086,143.938
terrain-005044,5,5,4,42.294,2.50537
terrain-005045,5,5,4,42.356,2.52197
terrain-005046,5,5,4,67.349,196.823
terrain-005047,5,5,4,68.929,212.404
terrain-005048,5,5,4,42.153,2.65659
terrain-005049,5,5,4,42.209,2.67043
terrain-005050,5,5,4,68.74,212.116
terrain-005051,5,5,4,42.142,2.52192
terrain-005052,5,5,4,63.192,255.166
terrain-005053,5,5,4,65.225,273.304
terrain-005054,5,5,4,42.096,2.67029
terrain-005055,5,5,4,64.979,272.726
terrain-005056,5,5,4,74.498,122.822
terrain-005057,5,5,4,42.255,1.69286
terrain-005058,5,5,4,42.314,1.72766
terrain-005059,5,5,4,70.02,156.757
terrain-005060,5,5,4,71.365,167.478
terrain-005061,5,5,4,42.119,1.69257
terrain-005062,5,5,4,42.173,1.72736
terrain-005063,5,5,4,71.501,170.173
terrain-005064,5,5,4,42.168,1.72764
terrain-005065,5,5,4,67.405,192.98
terrain-005066,5,5,4,42.1,1.7273
terrain-005067,5,5,4,61.14,317.19
terrain-005068,5,5,4,72.448,143.377
terrain-005069,5,5,4,42.508,3.19118
terrain-005070,5,5,4,42.565,3.15789
terrain-005071,5,5,4,66.532,196.116
terrain-005072,5,5,4,68.067,211.612
terrain-005073,5,5,4,42.104,2.63983
terrain-005074,5,5,4,42.161,2.6516
terrain-005075,5,5,4,67.854,210.944
terrain-005076,5,5,4,42.298,3.15782
terrain-005077,5,5,4,62.183,254.024
terrain-005078,5,5,4,64.171,271.943
terrain-005079,5,5,4,42.049,2.65146
terrain-005080,5,5,4,63.904,270.751
terrain-005081,5,5,4,60.553,315.052
terrain-005082,5,5,4,68.725,177.885
terrain-005083,5,5,4,70.203,191.038
terrain-005084,5,5,4,42.136,2.13544
terrain-005085,5,5,4,42.191,2.16416
terrain-005086,5,5,4,70.2,192.689
terrain-005087,5,5,4,42.185,2.16437
terrain-005088,5,5,4,65.374,224.944
terrain-005089,5,5,4,42.099,2.16407
terrain-005090,5,5,4,64.519,273.615
terrain-005091,5,5,4,73.851,134.491
terrain-005092,5,5,4,42.308,2.13568
terrain-005093,5,5,4,42.368,2.1644
terrain-005094,5,5,4,65.595,191.615
terrain-005095,5,5,4,67.053,206.552
terrain-005096,5,5,4,42.234,3.1979
terrain-005097,5,5,4,42.292,3.1689
terrain-005098,5,5,4,68.755,219.839
terrain-005099,5,5,4,42.269,3.14301
terrain-005100,5,5,4,61.139,246.767
terrain-005101,5,5,4,63.017,263.645
terrain-005102,5,5,4,42.157,3.16871
terrain-005103,5,5,4,64.842,285.136
terrain-005104,5,5,4,59.35,303.968
terrain-005105,5,5,4,64.166,246.223
terrain-005106,5,5,4,42.098,2.47742
terrain-005107,5,5,4,66.13,265.89
terrain-005108,5,5,4,62.979,303.997
terrain-005109,5,5,4,73.615,141.802
terrain-005110,5,5,4,42.346,2.45726
terrain-005111,5,5,4,42.407,2.47779
terrain-005112,5,5,4,68.012,191.322
terrain-005113,5,5,4,69.576,206.17
terrain-005114,5,5,4,42.147,2.45701
terrain-005115,5,5,4,42.203,2.47754
terrain-005116,5,5,4,69.582,207.614
terrain-005117,5,5,4,42.197,2.47774
terrain-005118,5,5,1024,43.265,65.6144
terrain-005119,5,5,1024,85.713,1483.64
terrain-005120,5,5,1024,85.993,812.167
terrain-005121,5,5,1024,43.325,66.008
terrain-005122,5,5,1024,44.007,88.6854
terrain-005123,5,5,1024,86.232,1562.74
terrain-005124,5,5,1024,43.219,63.4802
terrain-005125,5,5,1024,82.852,1416.07
terrain-005126,5,5,1024,42.731,38.5678
terrain-005127,5,5,1024,43.122,52.0668
terrain-005128,5,5,1024,88.435,1601.74
terrain-005129,5,5,1024,42.626,37.1701
terrain-005130,5,5,1024,73.249,1002.77
terrain-005131,5,5,1024,42.675,38.433
terrain-005132,5,5,1024,76.144,1036.14
terrain-005133,5,5,1024,42.209,314.888
terrain-005134,5,5,1024,79.527,14065.3
terrain-005135,5,5,1024,42.153,119.564
terrain-005136,5,5,1024,79.428,14611
terrain-005137,5,5,1024,42.243,152.042
terrain-005138,5,5,1024,42.053,114.508
terrain-005139,5,5,1024,42.101,118.278
terrain-005140,5,5,1024,77.3,12123.5
terrain-005141,5,5,1024,42.073,109.324
terrain-005142,5,5,1024,42.123,112.932
terrain-005143,5,5,1024,42.176,114.103
terrain-005144,5,5,1024,82.535,1531.22
terrain-005145,5,5,1024,42.515,55.7295
terrain-005146,5,5,1024,42.878,80.3185
terrain-005147,5,5,1024,82.521,3061.54
terrain-005148,5,5,1024,88.846,2741.54
terrain-005149,5,5,1024,42.461,57.4559
terrain-005150,5,5,1024,67.925,1442.06
terrain-005151,5,5,1024,42.46,55.4486
terrain-005152,5,5,1024,71.336,1580.93
terrain-005153,5,5,1024,82.946,2997.91
terrain-005154,5,5,1024,42.269,40.9405
terrain-005155,5,5,1024,61.433,988.532
terrain-005156,5,5,1024,42.272,38.4331
terrain-005157,5,5,1024,66.008,1176.62
terrain-005158,5,5,1024,42.329,38.5678
terrain-005159,5,5,1024,42.614,59.3234
terrain-005160,5,5,1024,75.563,18178.7
terrain-005161,5,5,1024,77.926,21249.3
terrain-005162,5,5,1024,42.065,171.151
terrain-005163,5,5,1024,42.112,176.654
terrain-005164,5,5,1024,42.166,179.537
terrain-005165,5,5,1024,76.234,17518.3
terrain-005166,5,5,1024,42.157,176.615
terrain-005167,5,5,1024,42.214,179.496
terrain-005168,5,5,1024,82.175,5337.71
terrain-005169,5,5,1024,42.211,66.9926
terrain-005170,5,5,1024,82.101,5604.89
terrain-005171,5,5,1024,60.22,1537.91
terrain-005172,5,5,1024,42.259,69.2417
terrain-005173,5,5,1024,62.291,1617.82
terrain-005174,5,5,1024,42.245,59.7147
terrain-005175,5,5,1024,42.419,82.2589
terrain-005176,5,5,1024,82.642,5360.91
terrain-005177,5,5,1024,42.148,48.9456
terrain-005178,5,5,1024,59.494,1217.92
terrain-005179,5,5,1024,42.201,49.1644
terrain-005180,5,5,1024,42.286,61.4651
terrain-005181,5,5,1024,42.149,56.1208
terrain-005182,5,5,1024,74.722,24953.3
terrain-005183,5,5,1024,42.137,246.03
terrain-005184,5,5,1024,42.193,251.649
terrain-005185,5,5,1024,42.243,251.548
terrain-005186,5,5,1024,81.092,9102.1
terrain-005187,5,5,1024,42.141,85.8518
terrain-005188,5,5,1024,81.041,9564.57
terrain-005189,5,5,1024,59.094,1988.35
terrain-005190,5,5,1024,42.194,86.527
terrain-005191,5,5,1024,42.259,101.964
terrain-005192,5,5,1024,42.095,86.0323
terrain-005193,5,5,1024,80.472,8492.99
terrain-005194,5,5,1024,42.157,69.6749
terrain-005195,5,5,1024,42.244,91.0459
terrain-005196,5,5,1024,42.039,65.1844
terrain-005197,5,5,1024,42.088,67.3743
terrain-005198,5,5,1024,82.639,1598.25
terrain-005199,5,5,1024,42.54,58.7145
terrain-005200,5,5,1024,42.926,85.3794
terrain-005201,5,5,1024,82.61,3194.55
terrain-005202,5,5,1024,91.555,3118.99
terrain-005203,5,5,1024,42.491,60.8971
terrain-005204,5,5,1024,69.064,1578.32
terrain-005205,5,5,1024,42.486,58.5546
terrain-005206,5,5,1024,72.385,1698.38
terrain-005207,5,5,1024,83.019,3122.08
terrain-005208,5,5,1024,42.282,42.6581
terrain-005209,5,5,1024,61.778,1050.5
terrain-005210,5,5,1024,42.283,39.9001
terrain-005211,5,5,1024,66.48,1240.17
terrain-005212,5,5,1024,42.339,39.9743
terrain-005213,5,5,1024,42.637,62.0388
terrain-005214,5,5,1024,75.338,20188
terrain-005215,5,5,1024,78.214,23821.4
terrain-005216,5,5,1024,42.089,205.792
terrain-005217,5,5,1024,42.136,212.579
terrain-005218,5,5,1024,42.189,214.702
terrain-005219,5,5,1024,76.318,19192.7
terrain-005220,5,5,1024,42.191,212.522
terrain-005221,5,5,1024,42.248,214.642
terrain-005222,5,5,1024,82.309,5755.54
terrain-005223,5,5,1024,42.23,71.7179
terrain-005224,5,5,1024,82.24,5901.12
terrain-005225,5,5,1024,60.66,1693.86
terrain-005226,5,5,1024,42.277,74.1536
terrain-005227,5,5,1024,62.678,1741.03
terrain-005228,5,5,1024,42.257,63.1551
terrain-005229,5,5,1024,42.438,87.5753
terrain-005230,5,5,1024,82.748,5621.51
terrain-005231,5,5,1024,42.155,51.35
terrain-005232,5,5,1024,59.619,1286.14
terrain-005233,5,5,1024,42.209,51.473
terrain-005234,5,5,1024,42.294,64.3849
terrain-005235,5,5,1024,42.161,59.3993
terrain-005236,5,5,1024,74.608,28577.6
terrain-005237,5,5,1024,42.181,321.76
terrain-005238,5,5,1024,42.237,326.632
terrain-005239,5,5,1024,42.303,326.463
terrain-005240,5,5,1024,81.235,9910.03
terrain-005241,5,5,1024,42.154,93.5337
terrain-005242,5,5,1024,81.216,10212.6
terrain-005243,5,5,1024,59.273,2177.75
terrain-005244,5,5,1024,42.207,93.9423
terrain-005245,5,5,1024,42.27,110.26
terrain-005246,5,5,1024,42.109,93.9846
terrain-005247,5,5,1024,80.517,8976.15
terrain-005248,5,5,1024,42.165,74.4041
terrain-005249,5,5,1024,42.252,97.6023
terrain-005250,5,5,1024,42.045,69.6495
terrain-005251,5,5,1024,42.095,72.0159
terrain-005252,5,5,1024,74.073,35534.3
terrain-005253,5,5,1024,42.275,441.797
terrain-005254,5,5,1024,79.637,15513.1
terrain-005255,5,5,1024,42.167,134.202
terrain-005256,5,5,1024,79.583,15881.3
terrain-005257,5,5,1024,42.258,171.258
terrain-005258,5,5,1024,42.066,129.041
terrain-005259,5,5,1024,42.114,133.369
terrain-005260,5,5,1024,77.184,12936.4
terrain-005261,5,5,1024,42.089,122.495
terrain-005262,5,5,1024,42.139,126.61
terrain-005263,5,5,1024,42.192,127.36
terrain-005264,5,5,1024,82.37,5959.67
terrain-005265,5,5,1024,42.242,74.3374
terrain-005266,5,5,1024,82.308,6031.69
terrain-005267,5,5,1024,60.938,1782.1
terrain-005268,5,5,1024,42.29,76.878
terrain-005269,5,5,1024,62.92,1807.65
terrain-005270,5,5,1024,42.265,65.0266
terrain-005271,5,5,1024,42.451,90.4941
terrain-005272,5,5,1024,82.744,5723.37
terrain-005273,5,5,1024,42.161,52.6416
terrain-005274,5,5,1024,59.654,1321.48
terrain-005275,5,5,1024,42.215,52.7092
terrain-005276,5,5,1024,42.299,65.947
terrain-005277,5,5,1024,42.169,61.185
terrain-005278,5,5,1024,75.059,30355.8
terrain-005279,5,5,1024,42.228,380.228
terrain-005280,5,5,1024,42.284,383.757
terrain-005281,5,5,1024,42.363,383.51
terrain-005282,5,5,1024,81.314,10284
terrain-005283,5,5,1024,42.165,97.9103
terrain-005284,5,5,1024,81.315,10483.3
terrain-005285,5,5,1024,59.415,2283
terrain-005286,5,5,1024,42.217,98.1441
terrain-005287,5,5,1024,42.279,114.928
terrain-005288,5,5,1024,42.12,98.5348
terrain-005289,5,5,1024,80.479,9144.44
terrain-005290,5,5,1024,42.172,77.0151
terrain-005291,5,5,1024,42.259,101.238
terrain-005292,5,5,1024,42.051,72.1174
terrain-005293,5,5,1024,42.102,74.5823
terrain-005294,5,5,1024,74.572,38240.7
terrain-005295,5,5,1024,42.351,553.173
terrain-005296,5,5,1024,79.728,16146.6
terrain-005297,5,5,1024,42.179,142.944
terrain-005298,5,5,1024,79.704,16391.1
terrain-005299,5,5,1024,42.273,182.787
terrain-005300,5,5,1024,42.079,137.776
terrain-005301,5,5,1024,42.127,142.449
terrain-005302,5,5,1024,77.088,13191.2
terrain-005303,5,5,1024,42.102,130.34
terrain-005304,5,5,1024,42.153,134.763
terrain-005305,5,5,1024,42.206,135.207
terrain-005306,5,5,1024,75.325,21019.5
terrain-005307,5,5,1024,78.764,25043.4
terrain-005308,5,5,1024,42.112,228.941
terrain-005309,5,5,1024,42.16,236.618
terrain-005310,5,5,1024,42.213,237.988
terrain-005311,5,5,1024,76.796,19943.4
terrain-005312,5,5,1024,42.222,236.541
terrain-005313,5,5,1024,42.279,237.91
terrain-005314,5,5,1024,80.999,10210.7
terrain-005315,5,5,1024,42.177,100.237
terrain-005316,5,5,1024,59.481,2326.41
terrain-005317,5,5,1024,42.229,100.371
terrain-005318,5,5,1024,42.291,117.379
terrain-005319,5,5,1024,42.132,100.96
terrain-005320,5,5,1024,42.182,78.3797
terrain-005321,5,5,1024,42.061,73.4078
terrain-005322,5,5,1024,42.111,75.9248
terrain-005323,5,5,1024,74.785,36858.3
terrain-005324,5,5,1024,42.448,632.22
terrain-005325,5,5,1024,79.233,15811.9
terrain-005326,5,5,1024,42.196,147.717
terrain-005327,5,5,1024,42.291,189.068
terrain-005328,5,5,1024,42.096,142.565
terrain-005329,5,5,1024,42.144,147.427
terrain-005330,5,5,1024,42.121,134.617
terrain-005331,5,5,1024,42.172,139.21
terrain-005332,5,5,1024,74.834,20329.2
terrain-005333,5,5,1024,42.142,242.475
terrain-005334,5,5,1024,42.191,250.679
terrain-005335,5,5,1024,42.243,251.517
terrain-005336,5,5,1024,75.23,29449.3
terrain-005337,5,5,1024,42.286,417.896
terrain-005338,5,5,1024,42.342,420.205
terrain-005339,5,5,4,42.1,1.2308
terrain-005340,5,5,4,81.253,122.266
terrain-005341,5,5,4,42.193,1.19683
terrain-005342,5,5,4,42.251,1.2311
terrain-005343,5,5,4,78.235,153.493
terrain-005344,5,5,4,42.099,1.19655
terrain-005345,5,5,4,42.153,1.23082
terrain-005346,5,5,4,42.147,1.2311
terrain-005347,5,5,4,65.641,301.275
terrain-005348,5,5,4,66.407,303.693
terrain-005349,5,5,4,42.138,3.1515
terrain-005350,5,5,4,66.437,301.655
terrain-005351,5,5,4,61.961,348.534
terrain-005352,5,5,4,64.41,360.625
terrain-005353,5,5,4,78.079,166.053
terrain-005354,5,5,4,42.296,2.50677
terrain-005355,5,5,4,42.357,2.52339
terrain-005356,5,5,4,73.237,240.817
terrain-005357,5,5,4,73.667,248.035
terrain-005358,5,5,4,42.154,2.65823
terrain-005359,5,5,4,42.211,2.6721
terrain-005360,5,5,4,73.375,247.174
terrain-005361,5,5,4,42.144,2.52336
terrain-005362,5,5,4,67.914,309.91
terrain-005363,5,5,4,68.672,312.834
terrain-005364,5,5,4,42.096,2.67199
terrain-005365,5,5,4,68.323,311.438
terrain-005366,5,5,4,79.992,142.974
terrain-005367,5,5,4,42.256,1.69341
terrain-005368,5,5,4,42.315,1.72823
terrain-005369,5,5,4,76.249,190.901
terrain-005370,5,5,4,76.594,196.579
terrain-005371,5,5,4,42.119,1.69312
terrain-005372,5,5,4,42.173,1.72793
terrain-005373,5,5,4,76.876,200.364
terrain-005374,5,5,4,42.168,1.72821
terrain-005375,5,5,4,72.82,233.536
terrain-005376,5,5,4,42.1,1.72788
terrain-005377,5,5,4,62.819,346.957
terrain-005378,5,5,4,77.225,164.88
terrain-005379,5,5,4,42.511,3.19353
terrain-005380,5,5,4,42.567,3.16018
terrain-005381,5,5,4,72.114,239.025
terrain-005382,5,5,4,72.544,246.223
terrain-005383,5,5,4,42.105,2.64152
terrain-005384,5,5,4,42.163,2.6533
terrain-005385,5,5,4,72.195,244.692
terrain-005386,5,5,4,42.299,3.16013
terrain-005387,5,5,4,66.565,307.086
terrain-005388,5,5,4,67.327,309.649
terrain-005389,5,5,4,42.049,2.6532
terrain-005390,5,5,4,66.928,307.223
terrain-005391,5,5,4,62.911,356.399
terrain-005392,5,5,4,75.11,219.196
terrain-005393,5,5,4,75.503,225.736
terrain-005394,5,5,4,42.137,2.13662
terrain-005395,5,5,4,42.192,2.16537
terrain-005396,5,5,4,75.55,227.989
terrain-005397,5,5,4,42.186,2.16557
terrain-005398,5,5,4,70.794,275.863
terrain-005399,5,5,4,42.099,2.1653
terrain-005400,5,5,4,68.008,317.076
terrain-005401,5,5,4,79.361,156.934
terrain-005402,5,5,4,42.309,2.13685
terrain-005403,5,5,4,42.369,2.1656
terrain-005404,5,5,4,70.849,232.571
terrain-005405,5,5,4,71.269,239.602
terrain-005406,5,5,4,42.236,3.2005
terrain-005407,5,5,4,42.293,3.17143
terrain-005408,5,5,4,72.587,249.992
terrain-005409,5,5,4,42.271,3.14436
terrain-005410,5,5,4,65.184,296.855
terrain-005411,5,5,4,65.935,299.25
terrain-005412,5,5,4,42.158,3.17129
terrain-005413,5,5,4,67.282,315.334
terrain-005414,5,5,4,61.486,342.693
terrain-005415,5,5,4,69.235,300.863
terrain-005416,5,5,4,42.098,2.47884
terrain-005417,5,5,4,69.879,306.461
terrain-005418,5,5,4,65.984,348.806
terrain-005419,5,5,4,78.886,164.521
terrain-005420,5,5,4,42.348,2.45859
terrain-005421,5,5,4,42.408,2.47913
terrain-005422,5,5,4,74.172,235.156
terrain-005423,5,5,4,74.594,242.205
terrain-005424,5,5,4,42.148,2.45838
terrain-005425,5,5,4,42.204,2.47892
terrain-005426,5,5,4,74.601,243.886
terrain-005427,5,5,4,42.198,2.4791
terrain-005428,5,5,1024,43.272,65.6085
terrain-005429,5,5,1024,92.208,1693.96
terrain-005430,5,5,1024,93.251,940.047
terrain-005431,5,5,1024,43.331,66.0023
terrain-005432,5,5,1024,44.017,88.6746
terrain-005433,5,5,1024,93.206,1797.96
terrain-005434,5,5,1024,43.225,63.4746
terrain-005435,5,5,1024,88.629,1606.44
terrain-005436,5,5,1024,42.737,38.5658
terrain-005437,5,5,1024,43.131,52.0628
terrain-005438,5,5,1024,96.266,1856.27
terrain-005439,5,5,1024,42.632,37.1682
terrain-005440,5,5,1024,73.374,1001.31
terrain-005441,5,5,1024,42.681,38.431
terrain-005442,5,5,1024,76.268,1034.59
terrain-005443,5,5,1024,42.21,314.756
terrain-005444,5,5,1024,89.838,17532.1
terrain-005445,5,5,1024,42.16,119.545
terrain-005446,5,5,1024,89.819,18240.1
terrain-005447,5,5,1024,42.252,152.01
terrain-005448,5,5,1024,42.06,114.49
terrain-005449,5,5,1024,42.107,118.26
terrain-005450,5,5,1024,88.345,15408.8
terrain-005451,5,5,1024,42.082,109.308
terrain-005452,5,5,1024,42.132,112.914
terrain-005453,5,5,1024,42.185,114.086
terrain-005454,5,5,1024,90.07,1800.34
terrain-005455,5,5,1024,42.519,55.7253
terrain-005456,5,5,1024,42.886,80.3096
terrain-005457,5,5,1024,90.051,3599.44
terrain-005458,5,5,1024,95.42,3106.57
terrain-005459,5,5,1024,42.466,57.4513
terrain-005460,5,5,1024,67.993,1439.19
terrain-005461,5,5,1024,42.465,55.4444
terrain-005462,5,5,1024,71.412,1577.48
terrain-005463,5,5,1024,90.752,3525.05
terrain-005464,5,5,1024,42.274,40.9381
terrain-005465,5,5,1024,61.543,987.112
terrain-005466,5,5,1024,42.277,38.4311
terrain-005467,5,5,1024,66.13,1174.61
terrain-005468,5,5,1024,42.334,38.5658
terrain-005469,5,5,1024,42.623,59.3183
terrain-005470,5,5,1024,84.371,22563
terrain-005471,5,5,1024,85.747,25539.6
terrain-005472,5,5,1024,42.069,171.114
terrain-005473,5,5,1024,42.117,176.616
terrain-005474,5,5,1024,42.17,179.499
terrain-005475,5,5,1024,86.456,22104.6
terrain-005476,5,5,1024,42.166,176.575
terrain-005477,5,5,1024,42.223,179.456
terrain-005478,5,5,1024,89.43,6242.28
terrain-005479,5,5,1024,42.216,66.9863
terrain-005480,5,5,1024,89.532,6567.77
terrain-005481,5,5,1024,60.282,1534.64
terrain-005482,5,5,1024,42.263,69.2352
terrain-005483,5,5,1024,62.351,1614.2
terrain-005484,5,5,1024,42.249,59.7099
terrain-005485,5,5,1024,42.424,82.2495
terrain-005486,5,5,1024,91.085,6350.61
terrain-005487,5,5,1024,42.155,48.9423
terrain-005488,5,5,1024,59.616,1215.76
terrain-005489,5,5,1024,42.209,49.1611
terrain-005490,5,5,1024,42.294,61.4595
terrain-005491,5,5,1024,42.155,56.1163
terrain-005492,5,5,1024,81.578,29994.1
terrain-005493,5,5,1024,42.14,245.959
terrain-005494,5,5,1024,42.196,251.58
terrain-005495,5,5,1024,42.25,251.484
terrain-005496,5,5,1024,89.122,10807
terrain-005497,5,5,1024,42.147,85.8418
terrain-005498,5,5,1024,89.065,11350.5
terrain-005499,5,5,1024,59.16,1982.88
terrain-005500,5,5,1024,42.2,86.5171
terrain-005501,5,5,1024,42.265,101.949
terrain-005502,5,5,1024,42.1,86.0219
terrain-005503,5,5,1024,93.079,10901.1
terrain-005504,5,5,1024,42.166,69.6683
terrain-005505,5,5,1024,42.256,91.0338
terrain-005506,5,5,1024,42.047,65.1783
terrain-005507,5,5,1024,42.097,67.3681
terrain-005508,5,5,1024,90.313,1882.81
terrain-005509,5,5,1024,42.544,58.7121
terrain-005510,5,5,1024,42.934,85.3742
terrain-005511,5,5,1024,90.274,3762.9
terrain-005512,5,5,1024,99.753,3609.51
terrain-005513,5,5,1024,42.497,60.8944
terrain-005514,5,5,1024,69.168,1576.56
terrain-005515,5,5,1024,42.491,58.5522
terrain-005516,5,5,1024,72.504,1696.34
terrain-005517,5,5,1024,90.838,3669.35
terrain-005518,5,5,1024,42.288,42.6554
terrain-005519,5,5,1024,61.894,1048.81
terrain-005520,5,5,1024,42.288,39.8978
terrain-005521,5,5,1024,66.607,1237.81
terrain-005522,5,5,1024,42.345,39.972
terrain-005523,5,5,1024,42.646,62.0329
terrain-005524,5,5,1024,84.933,25466.4
terrain-005525,5,5,1024,86.903,29055.6
terrain-005526,5,5,1024,42.094,205.767
terrain-005527,5,5,1024,42.142,212.553
terrain-005528,5,5,1024,42.195,214.676
terrain-005529,5,5,1024,86.776,24268.1
terrain-005530,5,5,1024,42.202,212.461
terrain-005531,5,5,1024,42.259,214.582
terrain-005532,5,5,1024,89.778,6750.84
terrain-005533,5,5,1024,42.235,71.7142
terrain-005534,5,5,1024,89.882,6934.91
terrain-005535,5,5,1024,60.753,1691.83
terrain-005536,5,5,1024,42.283,74.1497
terrain-005537,5,5,1024,62.77,1738.88
terrain-005538,5,5,1024,42.261,63.1523
terrain-005539,5,5,1024,42.444,87.5699
terrain-005540,5,5,1024,91.208,6653.02
terrain-005541,5,5,1024,42.163,51.3461
terrain-005542,5,5,1024,59.748,1283.6
terrain-005543,5,5,1024,42.216,51.4692
terrain-005544,5,5,1024,42.302,64.3785
terrain-005545,5,5,1024,42.167,59.394
terrain-005546,5,5,1024,82.276,34962.9
terrain-005547,5,5,1024,42.185,321.706
terrain-005548,5,5,1024,42.241,326.586
terrain-005549,5,5,1024,42.313,326.347
terrain-005550,5,5,1024,89.678,11838.2
terrain-005551,5,5,1024,42.161,93.5275
terrain-005552,5,5,1024,89.628,12188.4
terrain-005553,5,5,1024,59.375,2174.39
terrain-005554,5,5,1024,42.214,93.9362
terrain-005555,5,5,1024,42.276,110.252
terrain-005556,5,5,1024,42.114,93.9782
terrain-005557,5,5,1024,93.362,11550.8
terrain-005558,5,5,1024,42.175,74.3962
terrain-005559,5,5,1024,42.266,97.5877
terrain-005560,5,5,1024,42.055,69.6423
terrain-005561,5,5,1024,42.104,72.0084
terrain-005562,5,5,1024,80.385,42481.5
terrain-005563,5,5,1024,42.276,441.663
terrain-005564,5,5,1024,90.832,19613.9
terrain-005565,5,5,1024,42.174,134.189
terrain-005566,5,5,1024,90.818,20093.1
terrain-005567,5,5,1024,42.268,171.237
terrain-005568,5,5,1024,42.074,129.029
terrain-005569,5,5,1024,42.121,133.357
terrain-005570,5,5,1024,88.36,16463.7
terrain-005571,5,5,1024,42.099,122.473
terrain-005572,5,5,1024,42.149,126.587
terrain-005573,5,5,1024,42.202,127.337
terrain-005574,5,5,1024,90.059,7018.37
terrain-005575,5,5,1024,42.248,74.3342
terrain-005576,5,5,1024,90.064,7101.19
terrain-005577,5,5,1024,61.041,1780.31
terrain-005578,5,5,1024,42.296,76.8747
terrain-005579,5,5,1024,63.022,1805.8
terrain-005580,5,5,1024,42.269,65.0243
terrain-005581,5,5,1024,42.457,90.4895
terrain-005582,5,5,1024,90.828,6721.08
terrain-005583,5,5,1024,42.169,52.6381
terrain-005584,5,5,1024,59.792,1319.16
terrain-005585,5,5,1024,42.223,52.7057
terrain-005586,5,5,1024,42.308,65.9412
terrain-005587,5,5,1024,42.176,61.1801
terrain-005588,5,5,1024,83.001,37271.9
terrain-005589,5,5,1024,42.233,380.174
terrain-005590,5,5,1024,42.289,383.713
terrain-005591,5,5,1024,42.375,383.378
terrain-005592,5,5,1024,89.985,12331.3
terrain-005593,5,5,1024,42.172,97.9049
terrain-005594,5,5,1024,89.848,12530.9
terrain-005595,5,5,1024,59.529,2280.05
terrain-005596,5,5,1024,42.225,98.1388
terrain-005597,5,5,1024,42.286,114.92
terrain-005598,5,5,1024,42.125,98.5291
terrain-005599,5,5,1024,92.807,11647.6
terrain-005600,5,5,1024,42.182,77.0077
terrain-005601,5,5,1024,42.273,101.224
terrain-005602,5,5,1024,42.061,72.1107
terrain-005603,5,5,1024,42.111,74.5753
terrain-005604,5,5,1024,81.091,45835.9
terrain-005605,5,5,1024,42.353,553.005
terrain-005606,5,5,1024,91.245,20518.7
terrain-005607,5,5,1024,42.187,142.933
terrain-005608,5,5,1024,91.146,20793.6
terrain-005609,5,5,1024,42.284,182.768
terrain-005610,5,5,1024,42.087,137.765
terrain-005611,5,5,1024,42.135,142.437
terrain-005612,5,5,1024,87.596,16549.6
terrain-005613,5,5,1024,42.113,130.318
terrain-005614,5,5,1024,42.164,134.74
terrain-005615,5,5,1024,42.217,135.184
terrain-005616,5,5,1024,85.099,26604
terrain-005617,5,5,1024,87.741,30630.7
terrain-005618,5,5,1024,42.118,228.917
terrain-005619,5,5,1024,42.167,236.594
terrain-005620,5,5,1024,42.219,237.965
terrain-005621,5,5,1024,86.633,24786.4
terrain-005622,5,5,1024,42.234,236.477
terrain-005623,5,5,1024,42.291,237.846
terrain-005624,5,5,1024,89.204,12142.9
terrain-005625,5,5,1024,42.185,100.235
terrain-005626,5,5,1024,59.617,2325.64
terrain-005627,5,5,1024,42.237,100.369
terrain-005628,5,5,1024,42.298,117.377
terrain-005629,5,5,1024,42.138,100.959
terrain-005630,5,5,1024,42.193,78.3741
terrain-005631,5,5,1024,42.07,73.4027
terrain-005632,5,5,1024,42.121,75.9195
terrain-005633,5,5,1024,80.78,43541.3
terrain-005634,5,5,1024,42.451,632.161
terrain-005635,5,5,1024,89.979,19846.7
terrain-005636,5,5,1024,42.204,147.713
terrain-005637,5,5,1024,42.303,189.063
terrain-005638,5,5,1024,42.104,142.561
terrain-005639,5,5,1024,42.152,147.424
terrain-005640,5,5,1024,42.132,134.599
terrain-005641,5,5,1024,42.183,139.192
terrain-005642,5,5,1024,83.829,25360.7
terrain-005643,5,5,1024,42.149,242.473
terrain-005644,5,5,1024,42.198,250.678
terrain-005645,5,5,1024,42.25,251.517
terrain-005646,5,5,1024,82.662,35694.2
terrain-005647,5,5,1024,42.292,417.902
terrain-005648,5,5,1024,42.348,420.223
terrain-005649,5,5,4,42.1,1.2308
terrain-005650,5,5,4,81.253,122.266
terrain-005651,5,5,4,42.193,1.19683
terrain-005652,5,5,4,42.251,1.2311
terrain-005653,5,5,4,78.235,153.493
terrain-005654,5,5,4,42.099,1.19655
terrain-005655,5,5,4,42.153,1.23082
terrain-005656,5,5,4,42.147,1.2311
terrain-005657,5,5,4,65.641,301.275
terrain-005658,5,5,4,66.407,303.693
terrain-005659,5,5,4,42.138,3.1515
terrain-005660,5,5,4,66.437,301.655
terrain-005661,5,5,4,61.961,348.534
terrain-005662,5,5,4,64.41,360.625
terrain-005663,5,5,4,78.079,166.053
terrain-005664,5,5,4,42.296,2.50677
terrain-005665,5,5,4,42.357,2.52339
terrain-005666,5,5,4,73.237,240.817
terrain-005667,5,5,4,73.667,248.035
terrain-005668,5,5,4,42.154,2.65823
terrain-005669,5,5,4,42.211,2.6721
terrain-005670,5,5,4,73.375,247.174
terrain-005671,5,5,4,42.144,2.52336
terrain-005672,5,5,4,67.914,309.91
terrain-005673,5,5,4,68.672,312.834
terrain-005674,5,5,4,42.096,2.67199
terrain-005675,5,5,4,68.323,311.438
terrain-005676,5,5,4,79.992,142.974
terrain-005677,5,5,4,42.256,1.69341
terrain-005678,5,5,4,42.315,1.72823
terrain-005679,5,5,4,76.249,190.901
terrain-005680,5,5,4,76.594,196.579
terrain-005681,5,5,4,42.119,1.69312
terrain-005682,5,5,4,42.173,1.72793
terrain-005683,5,5,4,76.876,200.364
terrain-005684,5,5,4,42.168,1.72821
terrain-005685,5,5,4,72.82,233.536
terrain-005686,5,5,4,42.1,1.72788
terrain-005687,5,5,4,62.819,346.957
terrain-005688,5,5,4,77.225,164.88
terrain-005689,5,5,4,42.511,3.19353
terrain-005690,5,5,4,42.567,3.16018
terrain-005691,5,5,4,72.114,239.025
terrain-005692,5,5,4,72.544,246.223
terrain-005693,5,5,4,42.105,2.64152
terrain-005694,5,5,4,42.163,2.6533
terrain-005695,5,5,4,72.195,244.692
terrain-005696,5,5,4,42.299,3.16013
terrain-005697,5,5,4,66.565,307.086
terrain-005698,5,5,4,67.327,309.649
terrain-005699,5,5,4,42.049,2.6532
terrain-005700,5,5,4,66.928,307.223
terrain-005701,5,5,4,62.911,356.399
terrain-005702,5,5,4,75.11,219.196
terrain-005703,5,5,4,75.503,225.736
terrain-005704,5,5,4,42.137,2.13662
terrain-005705,5,5,4,42.192,2.16537
terrain-005706,5,5,4,75.55,227.989
terrain-005707,5,5,4,42.186,2.16557
terrain-005708,5,5,4,70.794,275.863
terrain-005709,5,5,4,42.099,2.1653
terrain-005710,5,5,4,68.008,317.076
terrain-005711,5,5,4,79.361,156.934
terrain-005712,5,5,4,42.309,2.13685
terrain-005713,5,5,4,42.369,2.1656
terrain-005714,5,5,4,70.849,232.571
terrain-005715,5,5,4,71.269,239.602
terrain-005716,5,5,4,42.236,3.2005
terrain-005717,5,5,4,42.293,3.17143
terrain-005718,5,5,4,72.587,249.992
terrain-005719,5,5,4,42.271,3.14436
terrain-005720,5,5,4,65.184,296.855
terrain-005721,5,5,4,65.935,299.25
terrain-005722,5,5,4,42.158,3.17129
terrain-005723,5,5,4,67.282,315.334
terrain-005724,5,5,4,61.486,342.693
terrain-005725,5,5,4,69.235,300.863
terrain-005726,5,5,4,42.098,2.47884
terrain-005727,5,5,4,69.879,306.461
terrain-005728,5,5,4,65.984,348.806
terrain-005729,5,5,4,78.886,164.521
terrain-005730,5,5,4,42.348,2.45859
terrain-005731,5,5,4,42.408,2.47913
terrain-005732,5,5,4,74.172,235.156
terrain-005733,5,5,4,74.594,242.205
terrain-005734,5,5,4,42.148,2.45838
terrain-005735,5,5,4,42.204,2.47892
terrain-005736,5,5,4,74.601,243.886
terrain-005737,5,5,4,42.198,2.4791
terrain-005738,5,5,1024,43.272,65.6085
terrain-005739,5,5,1024,92.208,1693.96
terrain-005740,5,5,1024,93.251,940.047
terrain-005741,5,5,1024,43.331,66.0023
terrain-005742,5,5,1024,44.017,88.6746
terrain-005743,5,5,1024,93.206,1797.96
terrain-005744,5,5,1024,43.225,63.4746
terrain-005745,5,5,1024,88.629,1606.44
terrain-005746,5,5,1024,42.737,38.5658
terrain-005747,5,5,1024,43.131,52.0628
terrain-005748,5,5,1024,96.266,1856.27
terrain-005749,5,5,1024,42.632,37.1682
terrain-005750,5,5,1024,73.374,1001.31
terrain-005751,5,5,1024,42.681,38.431
terrain-005752,5,5,1024,76.268,1034.59
terrain-005753,5,5,1024,42.21,314.756
terrain-005754,5,5,1024,89.838,17532.2
terrain-005755,5,5,1024,42.16,119.545
terrain-005756,5,5,1024,89.819,18240.6
terrain-005757,5,5,1024,42.252,152.01
terrain-005758,5,5,1024,42.06,114.49
terrain-005759,5,5,1024,42.107,118.26
terrain-005760,5,5,1024,88.346,15409
terrain-005761,5,5,1024,42.082,109.308
terrain-005762,5,5,1024,42.132,112.914
terrain-005763,5,5,1024,42.185,114.086
terrain-005764,5,5,1024,90.07,1800.34
terrain-005765,5,5,1024,42.519,55.7253
terrain-005766,5,5,1024,42.886,80.3096
terrain-005767,5,5,1024,90.051,3599.44
terrain-005768,5,5,1024,95.42,3106.57
terrain-005769,5,5,1024,42.466,57.4513
terrain-005770,5,5,1024,67.993,1439.19
terrain-005771,5,5,1024,42.465,55.4444
terrain-005772,5,5,1024,71.412,1577.48
terrain-005773,5,5,1024,90.752,3525.06
terrain-005774,5,5,1024,42.274,40.9381
terrain-005775,5,5,1024,61.543,987.113
terrain-005776,5,5,1024,42.277,38.4311
terrain-005777,5,5,1024,66.13,1174.61
terrain-005778,5,5,1024,42.334,38.5658
terrain-005779,5,5,1024,42.623,59.3183
terrain-005780,5,5,1024,84.372,22563
terrain-005781,5,5,1024,85.747,25539.6
terrain-005782,5,5,1024,42.069,171.114
terrain-005783,5,5,1024,42.117,176.616
terrain-005784,5,5,1024,42.17,179.499
terrain-005785,5,5,1024,86.456,22104.9
terrain-005786,5,5,1024,42.166,176.575
terrain-005787,5,5,1024,42.223,179.456
terrain-005788,5,5,1024,89.43,6242.28
terrain-005789,5,5,1024,42.216,66.9863
terrain-005790,5,5,1024,89.532,6567.77
terrain-005791,5,5,1024,60.282,1534.64
terrain-005792,5,5,1024,42.263,69.2352
terrain-005793,5,5,1024,62.351,1614.2
terrain-005794,5,5,1024,42.249,59.7099
terrain-005795,5,5,1024,42.424,82.2495
terrain-005796,5,5,1024,91.085,6350.62
terrain-005797,5,5,1024,42.155,48.9423
terrain-005798,5,5,1024,59.616,1215.76
terrain-005799,5,5,1024,42.209,49.1611
terrain-005800,5,5,1024,42.294,61.4595
terrain-005801,5,5,1024,42.155,56.1163
terrain-005802,5,5,1024,81.579,29994.1
terrain-005803,5,5,1024,42.14,245.959
terrain-005804,5,5,1024,42.196,251.58
terrain-005805,5,5,1024,42.25,251.484
terrain-005806,5,5,1024,89.123,10807
terrain-005807,5,5,1024,42.147,85.8418
terrain-005808,5,5,1024,89.065,11350.5
terrain-005809,5,5,1024,59.16,1982.88
terrain-005810,5,5,1024,42.2,86.5171
terrain-005811,5,5,1024,42.265,101.949
terrain-005812,5,5,1024,42.1,86.0219
terrain-005813,5,5,1024,93.081,10901.7
terrain-005814,5,5,1024,42.166,69.6683
terrain-005815,5,5,1024,42.256,91.0338
terrain-005816,5,5,1024,42.047,65.1783
terrain-005817,5,5,1024,42.097,67.3681
terrain-005818,5,5,1024,90.313,1882.81
terrain-005819,5,5,1024,42.544,58.7121
terrain-005820,5,5,1024,42.934,85.3742
terrain-005821,5,5,1024,90.274,3762.9
terrain-005822,5,5,1024,99.753,3609.51
terrain-005823,5,5,1024,42.497,60.8944
terrain-005824,5,5,1024,69.168,1576.56
terrain-005825,5,5,1024,42.491,58.5522
terrain-005826,5,5,1024,72.504,1696.34
terrain-005827,5,5,1024,90.838,3669.36
terrain-005828,5,5,1024,42.288,42.6554
terrain-005829,5,5,1024,61.894,1048.81
terrain-005830,5,5,1024,42.288,39.8978
terrain-005831,5,5,1024,66.607,1237.81
terrain-005832,5,5,1024,42.345,39.972
terrain-005833,5,5,1024,42.646,62.0329
terrain-005834,5,5,1024,84.933,25466.4
terrain-005835,5,5,1024,86.903,29055.6
terrain-005836,5,5,1024,42.094,205.767
terrain-005837,5,5,1024,42.142,212.553
terrain-005838,5,5,1024,42.195,214.676
terrain-005839,5,5,1024,86.777,24268.4
terrain-005840,5,5,1024,42.202,212.461
terrain-005841,5,5,1024,42.259,214.582
terrain-005842,5,5,1024,89.778,6750.84
terrain-005843,5,5,1024,42.235,71.7142
terrain-005844,5,5,1024,89.882,6934.91
terrain-005845,5,5,1024,60.753,1691.83
terrain-005846,5,5,1024,42.283,74.1497
terrain-005847,5,5,1024,62.77,1738.88
terrain-005848,5,5,1024,42.261,63.1523
terrain-005849,5,5,1024,42.444,87.5699
terrain-005850,5,5,1024,91.208,6653.01
terrain-005851,5,5,1024,42.163,51.3462
terrain-005852,5,5,1024,59.748,1283.6
terrain-005853,5,5,1024,42.216,51.4692
terrain-005854,5,5,1024,42.302,64.3785
terrain-005855,5,5,1024,42.167,59.394
terrain-005856,5,5,1024,82.276,34962.9
terrain-005857,5,5,1024,42.185,321.706
terrain-005858,5,5,1024,42.241,326.586
terrain-005859,5,5,1024,42.313,326.347
terrain-005860,5,5,1024,89.678,11838.1
terrain-005861,5,5,1024,42.161,93.5275
terrain-005862,5,5,1024,89.628,12188.3
terrain-005863,5,5,1024,59.375,2174.39
terrain-005864,5,5,1024,42.214,93.9362
terrain-005865,5,5,1024,42.276,110.252
terrain-005866,5,5,1024,42.114,93.9782
terrain-005867,5,5,1024,93.361,11550.6
terrain-005868,5,5,1024,42.175,74.3962
terrain-005869,5,5,1024,42.266,97.5877
terrain-005870,5,5,1024,42.055,69.6423
terrain-005871,5,5,1024,42.104,72.0084
terrain-005872,5,5,1024,80.384,42481.5
terrain-005873,5,5,1024,42.276,441.663
terrain-005874,5,5,1024,90.831,19614
terrain-005875,5,5,1024,42.174,134.189
terrain-005876,5,5,1024,90.818,20092.1
terrain-005877,5,5,1024,42.268,171.237
terrain-005878,5,5,1024,42.074,129.029
terrain-005879,5,5,1024,42.121,133.357
terrain-005880,5,5,1024,88.36,16463.9
terrain-005881,5,5,1024,42.099,122.473
terrain-005882,5,5,1024,42.149,126.587
terrain-005883,5,5,1024,42.202,127.337
terrain-005884,5,5,1024,90.06,7018.41
terrain-005885,5,5,1024,42.248,74.3342
terrain-005886,5,5,1024,90.064,7101.23
terrain-005887,5,5,1024,61.041,1780.31
terrain-005888,5,5,1024,42.296,76.8747
terrain-005889,5,5,1024,63.022,1805.8
terrain-005890,5,5,1024,42.269,65.0243
terrain-005891,5,5,1024,42.457,90.4895
terrain-005892,5,5,1024,90.828,6721.1
terrain-005893,5,5,1024,42.169,52.6381
terrain-005894,5,5,1024,59.792,1319.16
terrain-005895,5,5,1024,42.223,52.7057
terrain-005896,5,5,1024,42.308,65.9412
terrain-005897,5,5,1024,42.176,61.1801
terrain-005898,5,5,1024,83.002,37272.8
terrain-005899,5,5,1024,42.233,380.174
terrain-005900,5,5,1024,42.289,383.713
terrain-005901,5,5,1024,42.375,383.379
terrain-005902,5,5,1024,89.986,12331.5
terrain-005903,5,5,1024,42.172,97.9049
terrain-005904,5,5,1024,89.848,12531
terrain-005905,5,5,1024,59.529,2280.05
terrain-005906,5,5,1024,42.225,98.1388
terrain-005907,5,5,1024,42.286,114.92
terrain-005908,5,5,1024,42.125,98.5291
terrain-005909,5,5,1024,92.807,11647.8
terrain-005910,5,5,1024,42.182,77.0077
terrain-005911,5,5,1024,42.273,101.224
terrain-005912,5,5,1024,42.061,72.1107
terrain-005913,5,5,1024,42.111,74.5753
terrain-005914,5,5,1024,81.093,45837.4
terrain-005915,5,5,1024,42.353,553.005
terrain-005916,5,5,1024,91.244,20518.5
terrain-005917,5,5,1024,42.187,142.933
terrain-005918,5,5,1024,91.146,20793.6
terrain-005919,5,5,1024,42.284,182.768
terrain-005920,5,5,1024,42.087,137.765
terrain-005921,5,5,1024,42.135,142.437
terrain-005922,5,5,1024,87.597,16550
terrain-005923,5,5,1024,42.113,130.318
terrain-005924,5,5,1024,42.164,134.74
terrain-005925,5,5,1024,42.217,135.184
terrain-005926,5,5,1024,85.099,26604.5
terrain-005927,5,5,1024,87.741,30631.3
terrain-005928,5,5,1024,42.118,228.917
terrain-005929,5,5,1024,42.167,236.594
terrain-005930,5,5,1024,42.219,237.965
terrain-005931,5,5,1024,86.635,24787.3
terrain-005932,5,5,1024,42.234,236.477
terrain-005933,5,5,1024,42.291,237.846
terrain-005934,5,5,1024,89.204,12143
terrain-005935,5,5,1024,42.185,100.235
terrain-005936,5,5,1024,59.617,2325.64
terrain-005937,5,5,1024,42.237,100.369
terrain-005938,5,5,1024,42.298,117.377
terrain-005939,5,5,1024,42.138,100.959
terrain-005940,5,5,1024,42.193,78.3741
terrain-005941,5,5,1024,42.07,73.4027
terrain-005942,5,5,1024,42.121,75.9195
terrain-005943,5,5,1024,80.782,43542.6
terrain-005944,5,5,1024,42.451,632.161
terrain-005945,5,5,1024,89.98,19846.9
terrain-005946,5,5,1024,42.204,147.713
terrain-005947,5,5,1024,42.303,189.063
terrain-005948,5,5,1024,42.104,142.562
terrain-005949,5,5,1024,42.152,147.424
terrain-005950,5,5,1024,42.132,134.599
terrain-005951,5,5,1024,42.183,139.192
terrain-005952,5,5,1024,83.83,25361.2
terrain-005953,5,5,1024,42.149,242.473
terrain-005954,5,5,1024,42.198,250.678
terrain-005955,5,5,1024,42.25,251.517
terrain-005956,5,5,1024,82.662,35695.1
terrain-005957,5,5,1024,42.292,417.902
terrain-005958,5,5,1024,42.348,420.223
terrain-005959,5,5,4,42.099,1.23059
terrain-005960,5,5,4,71.913,94.1062
terrain-005961,5,5,4,42.192,1.19663
terrain-005962,5,5,4,42.25,1.2309
terrain-005963,5,5,4,70.21,120.417
terrain-005964,5,5,4,42.097,1.19636
terrain-005965,5,5,4,42.151,1.23062
terrain-005966,5,5,4,42.145,1.23089
terrain-005967,5,5,4,61.095,247.121
terrain-005968,5,5,4,61.652,249.817
terrain-005969,5,5,4,42.134,3.15029
terrain-005970,5,5,4,61.751,248.972
terrain-005971,5,5,4,58.378,290.871
terrain-005972,5,5,4,59.887,292.416
terrain-005973,5,5,4,69.458,128.018
terrain-005974,5,5,4,42.293,2.50582
terrain-005975,5,5,4,42.354,2.52244
terrain-005976,5,5,4,66.206,188.923
terrain-005977,5,5,4,66.511,195.192
terrain-005978,5,5,4,42.151,2.65709
terrain-005979,5,5,4,42.207,2.67096
terrain-005980,5,5,4,66.346,195.008
terrain-005981,5,5,4,42.14,2.5224
terrain-005982,5,5,4,62.421,247.777
terrain-005983,5,5,4,62.97,250.959
terrain-005984,5,5,4,42.093,2.67086
terrain-005985,5,5,4,62.759,250.629
terrain-005986,5,5,4,70.907,110.017
terrain-005987,5,5,4,42.254,1.69301
terrain-005988,5,5,4,42.312,1.7278
terrain-005989,5,5,4,68.624,149.801
terrain-005990,5,5,4,68.874,154.63
terrain-005991,5,5,4,42.117,1.69271
terrain-005992,5,5,4,42.171,1.72751
terrain-005993,5,5,4,68.964,156.964
terrain-005994,5,5,4,42.166,1.72779
terrain-005995,5,5,4,66.287,185.884
terrain-005996,5,5,4,42.098,1.72746
terrain-005997,5,5,4,58.935,287.151
terrain-005998,5,5,4,68.967,127.886
terrain-005999,5,5,4,42.506,3.19202
terrain-006000,5,5,4,42.563,3.15871
terrain-006001,5,5,4,65.507,188.95
terrain-006002,5,5,4,65.812,195.246
terrain-006003,5,5,4,42.102,2.6404
terrain-006004,5,5,4,42.159,2.65218
terrain-006005,5,5,4,65.627,194.737
terrain-006006,5,5,4,42.295,3.15866
terrain-006007,5,5,4,61.532,247.864
terrain-006008,5,5,4,62.084,250.731
terrain-006009,5,5,4,42.046,2.65208
terrain-006010,5,5,4,61.856,249.873
terrain-006011,5,5,4,58.858,292.106
terrain-006012,5,5,4,67.675,171.822
terrain-006013,5,5,4,67.957,177.446
terrain-006014,5,5,4,42.134,2.13598
terrain-006015,5,5,4,42.189,2.16472
terrain-006016,5,5,4,67.941,178.921
terrain-006017,5,5,4,42.183,2.16494
terrain-006018,5,5,4,64.675,219.866
terrain-006019,5,5,4,42.097,2.16466
terrain-006020,5,5,4,62.723,255.828
terrain-006021,5,5,4,70.387,120.696
terrain-006022,5,5,4,42.307,2.13622
terrain-006023,5,5,4,42.366,2.16496
terrain-006024,5,5,4,64.685,185.246
terrain-006025,5,5,4,64.983,191.427
terrain-006026,5,5,4,42.232,3.19888
terrain-006027,5,5,4,42.289,3.16985
terrain-006028,5,5,4,66.142,200.66
terrain-006029,5,5,4,42.267,3.14344
terrain-006030,5,5,4,60.592,241.742
terrain-006031,5,5,4,61.135,244.405
terrain-006032,5,5,4,42.154,3.16971
terrain-006033,5,5,4,62.371,259.381
terrain-006034,5,5,4,57.851,283.556
terrain-006035,5,5,4,63.457,240.237
terrain-006036,5,5,4,42.095,2.47794
terrain-006037,5,5,4,63.916,245.528
terrain-006038,5,5,4,61.135,282.314
terrain-006039,5,5,4,70.023,126.575
terrain-006040,5,5,4,42.344,2.45774
terrain-006041,5,5,4,42.405,2.47828
terrain-006042,5,5,4,66.932,184.379
terrain-006043,5,5,4,67.234,190.482
terrain-006044,5,5,4,42.145,2.4575
terrain-006045,5,5,4,42.201,2.47803
terrain-006046,5,5,4,67.23,191.772
terrain-006047,5,5,4,42.195,2.47824
terrain-006048,5,5,1024,43.266,65.608
terrain-006049,5,5,1024,80.663,1314.75
terrain-006050,5,5,1024,80.463,711.57
terrain-006051,5,5,1024,43.326,66.0017
terrain-006052,5,5,1024,44.009,88.6735
terrain-006053,5,5,1024,80.879,1376.36
terrain-006054,5,5,1024,43.22,63.474
terrain-006055,5,5,1024,78.319,1261.41
terrain-006056,5,5,1024,42.731,38.5656
terrain-006057,5,5,1024,43.122,52.0624
terrain-006058,5,5,1024,82.731,1408.05
terrain-006059,5,5,1024,42.627,37.1679
terrain-006060,5,5,1024,73.21,1001.14
terrain-006061,5,5,1024,42.676,38.4308
terrain-006062,5,5,1024,76.099,1034.41
terrain-006063,5,5,1024,42.207,314.745
terrain-006064,5,5,1024,74.653,12338.2
terrain-006065,5,5,1024,42.153,119.543
terrain-006066,5,5,1024,74.556,12816.3
terrain-006067,5,5,1024,42.242,152.007
terrain-006068,5,5,1024,42.053,114.488
terrain-006069,5,5,1024,42.1,118.258
terrain-006070,5,5,1024,72.948,10583
terrain-006071,5,5,1024,42.075,109.306
terrain-006072,5,5,1024,42.125,112.913
terrain-006073,5,5,1024,42.178,114.084
terrain-006074,5,5,1024,77.321,1339.94
terrain-006075,5,5,1024,42.514,55.725
terrain-006076,5,5,1024,42.878,80.3088
terrain-006077,5,5,1024,77.31,2679.2
terrain-006078,5,5,1024,83.839,2456.18
terrain-006079,5,5,1024,42.46,57.4509
terrain-006080,5,5,1024,67.841,1438.92
terrain-006081,5,5,1024,42.459,55.444
terrain-006082,5,5,1024,71.247,1577.16
terrain-006083,5,5,1024,77.702,2624.62
terrain-006084,5,5,1024,42.268,40.9379
terrain-006085,5,5,1024,61.38,986.964
terrain-006086,5,5,1024,42.271,38.4309
terrain-006087,5,5,1024,65.956,1174.4
terrain-006088,5,5,1024,42.328,38.5656
terrain-006089,5,5,1024,42.614,59.3177
terrain-006090,5,5,1024,71.648,16127.8
terrain-006091,5,5,1024,72.93,18456.2
terrain-006092,5,5,1024,42.064,171.111
terrain-006093,5,5,1024,42.111,176.613
terrain-006094,5,5,1024,42.165,179.495
terrain-006095,5,5,1024,72.945,15698.4
terrain-006096,5,5,1024,42.161,176.571
terrain-006097,5,5,1024,42.218,179.452
terrain-006098,5,5,1024,77.025,4683.38
terrain-006099,5,5,1024,42.21,66.9858
terrain-006100,5,5,1024,77.114,4942.79
terrain-006101,5,5,1024,60.133,1534.35
terrain-006102,5,5,1024,42.258,69.2346
terrain-006103,5,5,1024,62.194,1613.88
terrain-006104,5,5,1024,42.244,59.7096
terrain-006105,5,5,1024,42.417,82.2487
terrain-006106,5,5,1024,77.196,4669.86
terrain-006107,5,5,1024,42.148,48.942
terrain-006108,5,5,1024,59.434,1215.55
terrain-006109,5,5,1024,42.201,49.1608
terrain-006110,5,5,1024,42.285,61.459
terrain-006111,5,5,1024,42.149,56.1159
terrain-006112,5,5,1024,70.996,22279.1
terrain-006113,5,5,1024,42.137,245.952
terrain-006114,5,5,1024,42.193,251.573
terrain-006115,5,5,1024,42.246,251.476
terrain-006116,5,5,1024,76.356,8068.98
terrain-006117,5,5,1024,42.14,85.841
terrain-006118,5,5,1024,76.316,8482.9
terrain-006119,5,5,1024,58.994,1982.41
terrain-006120,5,5,1024,42.193,86.5163
terrain-006121,5,5,1024,42.257,101.948
terrain-006122,5,5,1024,42.094,86.0211
terrain-006123,5,5,1024,75.425,7392.96
terrain-006124,5,5,1024,42.158,69.6677
terrain-006125,5,5,1024,42.244,91.0327
terrain-006126,5,5,1024,42.039,65.1778
terrain-006127,5,5,1024,42.089,67.3675
terrain-006128,5,5,1024,77.44,1399.43
terrain-006129,5,5,1024,42.539,58.7117
terrain-006130,5,5,1024,42.925,85.3733
terrain-006131,5,5,1024,77.418,2797.37
terrain-006132,5,5,1024,85.68,2757.79
terrain-006133,5,5,1024,42.491,60.894
terrain-006134,5,5,1024,69.001,1576.23
terrain-006135,5,5,1024,42.485,58.5518
terrain-006136,5,5,1024,72.326,1695.97
terrain-006137,5,5,1024,77.751,2732.05
terrain-006138,5,5,1024,42.282,42.6552
terrain-006139,5,5,1024,61.72,1048.65
terrain-006140,5,5,1024,42.282,39.8975
terrain-006141,5,5,1024,66.424,1237.59
terrain-006142,5,5,1024,42.339,39.9718
terrain-006143,5,5,1024,42.637,62.0323
terrain-006144,5,5,1024,71.612,17981.8
terrain-006145,5,5,1024,73.257,20715.7
terrain-006146,5,5,1024,42.088,205.762
terrain-006147,5,5,1024,42.135,212.549
terrain-006148,5,5,1024,42.188,214.671
terrain-006149,5,5,1024,72.972,17141.3
terrain-006150,5,5,1024,42.196,212.455
terrain-006151,5,5,1024,42.253,214.576
terrain-006152,5,5,1024,77.197,5056.79
terrain-006153,5,5,1024,42.229,71.7136
terrain-006154,5,5,1024,77.292,5210.95
terrain-006155,5,5,1024,60.588,1691.48
terrain-006156,5,5,1024,42.276,74.1491
terrain-006157,5,5,1024,62.6,1738.51
terrain-006158,5,5,1024,42.255,63.1519
terrain-006159,5,5,1024,42.435,87.569
terrain-006160,5,5,1024,77.243,4890.26
terrain-006161,5,5,1024,42.156,51.3458
terrain-006162,5,5,1024,59.556,1283.36
terrain-006163,5,5,1024,42.209,51.4688
terrain-006164,5,5,1024,42.293,64.3779
terrain-006165,5,5,1024,42.161,59.3936
terrain-006166,5,5,1024,71.108,25657.2
terrain-006167,5,5,1024,42.181,321.695
terrain-006168,5,5,1024,42.237,326.575
terrain-006169,5,5,1024,42.308,326.333
terrain-006170,5,5,1024,76.586,8808.99
terrain-006171,5,5,1024,42.154,93.5266
terrain-006172,5,5,1024,76.564,9078.42
terrain-006173,5,5,1024,59.193,2173.82
terrain-006174,5,5,1024,42.206,93.9353
terrain-006175,5,5,1024,42.267,110.25
terrain-006176,5,5,1024,42.107,93.9773
terrain-006177,5,5,1024,75.399,7795.6
terrain-006178,5,5,1024,42.166,74.3955
terrain-006179,5,5,1024,42.253,97.5863
terrain-006180,5,5,1024,42.046,69.6416
terrain-006181,5,5,1024,42.096,72.0078
terrain-006182,5,5,1024,71.068,32479.7
terrain-006183,5,5,1024,42.273,441.642
terrain-006184,5,5,1024,74.847,13639.5
terrain-006185,5,5,1024,42.166,134.187
terrain-006186,5,5,1024,74.788,13960.1
terrain-006187,5,5,1024,42.256,171.234
terrain-006188,5,5,1024,42.066,129.027
terrain-006189,5,5,1024,42.114,133.355
terrain-006190,5,5,1024,72.778,11256.6
terrain-006191,5,5,1024,42.091,122.471
terrain-006192,5,5,1024,42.141,126.585
terrain-006193,5,5,1024,42.195,127.335
terrain-006194,5,5,1024,77.384,5256.01
terrain-006195,5,5,1024,42.242,74.3324
terrain-006196,5,5,1024,77.408,5334.78
terrain-006197,5,5,1024,60.86,1779.24
terrain-006198,5,5,1024,42.289,76.8728
terrain-006199,5,5,1024,62.837,1804.71
terrain-006200,5,5,1024,42.264,65.023
terrain-006201,5,5,1024,42.449,90.4867
terrain-006202,5,5,1024,77.286,4985.95
terrain-006203,5,5,1024,42.162,52.637
terrain-006204,5,5,1024,59.584,1318.21
terrain-006205,5,5,1024,42.215,52.7047
terrain-006206,5,5,1024,42.298,65.9395
terrain-006207,5,5,1024,42.169,61.1786
terrain-006208,5,5,1024,71.43,27173.5
terrain-006209,5,5,1024,42.227,380.128
terrain-006210,5,5,1024,42.283,383.667
terrain-006211,5,5,1024,42.369,383.323
terrain-006212,5,5,1024,76.758,9168.89
terrain-006213,5,5,1024,42.164,97.9019
terrain-006214,5,5,1024,76.681,9326.96
terrain-006215,5,5,1024,59.329,2278.32
terrain-006216,5,5,1024,42.217,98.1358
terrain-006217,5,5,1024,42.277,114.916
terrain-006218,5,5,1024,42.118,98.526
terrain-006219,5,5,1024,75.376,7944.64
terrain-006220,5,5,1024,42.174,77.0054
terrain-006221,5,5,1024,42.259,101.22
terrain-006222,5,5,1024,42.052,72.1086
terrain-006223,5,5,1024,42.102,74.5732
terrain-006224,5,5,1024,71.457,34877.6
terrain-006225,5,5,1024,42.349,552.91
terrain-006226,5,5,1024,74.955,14208.7
terrain-006227,5,5,1024,42.179,142.926
terrain-006228,5,5,1024,74.873,14397.7
terrain-006229,5,5,1024,42.271,182.757
terrain-006230,5,5,1024,42.079,137.759
terrain-006231,5,5,1024,42.127,142.431
terrain-006232,5,5,1024,72.671,11469.4
terrain-006233,5,5,1024,42.105,130.311
terrain-006234,5,5,1024,42.156,134.733
terrain-006235,5,5,1024,42.209,135.177
terrain-006236,5,5,1024,71.596,18715
terrain-006237,5,5,1024,73.612,21692
terrain-006238,5,5,1024,42.111,228.9
terrain-006239,5,5,1024,42.159,236.576
terrain-006240,5,5,1024,42.212,237.947
terrain-006241,5,5,1024,73.305,17755.1
terrain-006242,5,5,1024,42.227,236.455
terrain-006243,5,5,1024,42.284,237.825
terrain-006244,5,5,1024,76.402,9086.78
terrain-006245,5,5,1024,42.177,100.223
terrain-006246,5,5,1024,59.365,2318.3
terrain-006247,5,5,1024,42.229,100.357
terrain-006248,5,5,1024,42.288,117.36
terrain-006249,5,5,1024,42.131,100.946
terrain-006250,5,5,1024,42.184,78.3667
terrain-006251,5,5,1024,42.061,73.3959
terrain-006252,5,5,1024,42.112,75.9124
terrain-006253,5,5,1024,71.441,33422.8
terrain-006254,5,5,1024,42.445,631.691
terrain-006255,5,5,1024,74.459,13893.5
terrain-006256,5,5,1024,42.196,147.688
terrain-006257,5,5,1024,42.289,189.018
terrain-006258,5,5,1024,42.095,142.536
terrain-006259,5,5,1024,42.144,147.398
terrain-006260,5,5,1024,42.123,134.576
terrain-006261,5,5,1024,42.175,139.169
terrain-006262,5,5,1024,71.094,18072.6
terrain-006263,5,5,1024,42.141,242.401
terrain-006264,5,5,1024,42.19,250.603
terrain-006265,5,5,1024,42.242,251.442
terrain-006266,5,5,1024,71.428,26250.8
terrain-006267,5,5,1024,42.285,417.693
terrain-006268,5,5,1024,42.341,420.015
terrain-006269,5,5,4,42.1,1.2308
terrain-006270,5,5,4,81.253,122.266
terrain-006271,5,5,4,42.193,1.19683
terrain-006272,5,5,4,42.251,1.2311
terrain-006273,5,5,4,78.235,153.493
terrain-006274,5,5,4,42.099,1.19655
terrain-006275,5,5,4,42.153,1.23082
terrain-006276,5,5,4,42.147,1.2311
terrain-006277,5,5,4,65.641,301.275
terrain-006278,5,5,4,66.407,303.693
terrain-006279,5,5,4,42.138,3.1515
terrain-006280,5,5,4,66.437,301.655
terrain-006281,5,5,4,61.961,348.534
terrain-006282,5,5,4,64.41,360.625
terrain-006283,5,5,4,78.079,166.053
terrain-006284,5,5,4,42.296,2.50677
terrain-006285,5,5,4,42.357,2.52339
terrain-006286,5,5,4,73.237,240.817
terrain-006287,5,5,4,73.667,248.035
terrain-006288,5,5,4,42.154,2.65823
terrain-006289,5,5,4,42.211,2.6721
terrain-006290,5,5,4,73.375,247.174
terrain-006291,5,5,4,42.144,2.52336
terrain-006292,5,5,4,67.914,309.91
terrain-006293,5,5,4,68.672,312.834
terrain-006294,5,5,4,42.096,2.67199
terrain-006295,5,5,4,68.323,311.438
terrain-006296,5,5,4,79.992,142.974
terrain-006297,5,5,4,42.256,1.69341
terrain-006298,5,5,4,42.315,1.72823
terrain-006299,5,5,4,76.249,190.901
terrain-006300,5,5,4,76.594,196.579
terrain-006301,5,5,4,42.119,1.69312
terrain-006302,5,5,4,42.173,1.72793
terrain-006303,5,5,4,76.876,200.364
terrain-006304,5,5,4,42.168,1.72821
terrain-006305,5,5,4,72.82,233.536
terrain-006306,5,5,4,42.1,1.72788
terrain-006307,5,5,4,62.819,346.957
terrain-006308,5,5,4,77.225,164.88
terrain-006309,5,5,4,42.511,3.19353
terrain-006310,5,5,4,42.567,3.16018
terrain-006311,5,5,4,72.114,239.025
terrain-006312,5,5,4,72.544,246.223
terrain-006313,5,5,4,42.105,2.64152
terrain-006314,5,5,4,42.163,2.6533
terrain-006315,5,5,4,72.195,244.692
terrain-006316,5,5,4,42.299,3.16013
terrain-006317,5,5,4,66.565,307.086
terrain-006318,5,5,4,67.327,309.649
terrain-006319,5,5,4,42.049,2.6532
terrain-006320,5,5,4,66.928,307.223
terrain-006321,5,5,4,62.911,356.399
terrain-006322,5,5,4,75.11,219.196
terrain-006323,5,5,4,75.503,225.736
terrain-006324,5,5,4,42.137,2.13662
terrain-006325,5,5,4,42.192,2.16537
terrain-006326,5,5,4,75.55,227.989
terrain-006327,5,5,4,42.186,2.16557
terrain-006328,5,5,4,70.794,275.863
terrain-006329,5,5,4,42.099,2.1653
terrain-006330,5,5,4,68.008,317.076
terrain-006331,5,5,4,79.361,156.934
terrain-006332,5,5,4,42.309,2.13685
terrain-006333,5,5,4,42.369,2.1656
terrain-006334,5,5,4,70.849,232.571
terrain-006335,5,5,4,71.269,239.602
terrain-006336,5,5,4,42.236,3.2005
terrain-006337,5,5,4,42.293,3.17143
terrain-006338,5,5,4,72.587,249.992
terrain-006339,5,5,4,42.271,3.14436
terrain-006340,5,5,4,65.184,296.855
terrain-006341,5,5,4,65.935,299.25
terrain-006342,5,5,4,42.158,3.17129
terrain-006343,5,5,4,67.282,315.334
terrain-006344,5,5,4,61.486,342.693
terrain-006345,5,5,4,69.235,300.863
terrain-006346,5,5,4,42.098,2.47884
terrain-006347,5,5,4,69.879,306.461
terrain-006348,5,5,4,65.984,348.806
terrain-006349,5,5,4,78.886,164.521
terrain-006350,5,5,4,42.348,2.45859
terrain-006351,5,5,4,42.408,2.47913
terrain-006352,5,5,4,74.172,235.156
terrain-006353,5,5,4,74.594,242.205
terrain-006354,5,5,4,42.148,2.45838
terrain-006355,5,5,4,42.204,2.47892
terrain-006356,5,5,4,74.601,243.886
terrain-006357,5,5,4,42.198,2.4791
terrain-006358,5,5,1024,43.272,65.6085
terrain-006359,5,5,1024,92.208,1693.96
terrain-006360,5,5,1024,93.251,940.047
terrain-006361,5,5,1024,43.331,66.0023
terrain-006362,5,5,1024,44.017,88.6746
terrain-006363,5,5,1024,93.206,1797.96
terrain-006364,5,5,1024,43.225,63.4746
terrain-006365,5,5,1024,88.629,1606.44
terrain-006366,5,5,1024,42.737,38.5658
terrain-006367,5,5,1024,43.131,52.0628
terrain-006368,5,5,1024,96.266,1856.27
terrain-006369,5,5,1024,42.632,37.1682
terrain-006370,5,5,1024,73.374,1001.31
terrain-006371,5,5,1024,42.681,38.431
terrain-006372,5,5,1024,76.268,1034.59
terrain-006373,5,5,1024,42.21,314.756
terrain-006374,5,5,1024,89.838,17532.5
terrain-006375,5,5,1024,42.16,119.545
terrain-006376,5,5,1024,89.819,18240.6
terrain-006377,5,5,1024,42.252,152.01
terrain-006378,5,5,1024,42.06,114.49
terrain-006379,5,5,1024,42.107,118.26
terrain-006380,5,5,1024,88.346,15408.8
terrain-006381,5,5,1024,42.082,109.308
terrain-006382,5,5,1024,42.132,112.914
terrain-006383,5,5,1024,42.185,114.086
terrain-006384,5,5,1024,90.07,1800.34
terrain-006385,5,5,1024,42.519,55.7253
terrain-006386,5,5,1024,42.886,80.3096
terrain-006387,5,5,1024,90.051,3599.44
terrain-006388,5,5,1024,95.42,3106.57
terrain-006389,5,5,1024,42.466,57.4513
terrain-006390,5,5,1024,67.993,1439.19
terrain-006391,5,5,1024,42.465,55.4444
terrain-006392,5,5,1024,71.412,1577.48
terrain-006393,5,5,1024,90.752,3525.05
terrain-006394,5,5,1024,42.274,40.9381
terrain-006395,5,5,1024,61.543,987.112
terrain-006396,5,5,1024,42.277,38.4311
terrain-006397,5,5,1024,66.13,1174.61
terrain-006398,5,5,1024,42.334,38.5658
terrain-006399,5,5,1024,42.623,59.3183
terrain-006400,5,5,1024,84.371,22563
terrain-006401,5,5,1024,85.747,25539.6
terrain-006402,5,5,1024,42.069,171.114
terrain-006403,5,5,1024,42.117,176.616
terrain-006404,5,5,1024,42.17,179.499
terrain-006405,5,5,1024,86.456,22104.6
terrain-006406,5,5,1024,42.166,176.575
terrain-006407,5,5,1024,42.223,179.456
terrain-006408,5,5,1024,89.43,6242.28
terrain-006409,5,5,1024,42.216,66.9863
terrain-006410,5,5,1024,89.532,6567.77
terrain-006411,5,5,1024,60.282,1534.64
terrain-006412,5,5,1024,42.263,69.2352
terrain-006413,5,5,1024,62.351,1614.2
terrain-006414,5,5,1024,42.249,59.7099
terrain-006415,5,5,1024,42.424,82.2495
terrain-006416,5,5,1024,91.085,6350.61
terrain-006417,5,5,1024,42.155,48.9423
terrain-006418,5,5,1024,59.616,1215.76
terrain-006419,5,5,1024,42.209,49.1611
terrain-006420,5,5,1024,42.294,61.4595
terrain-006421,5,5,1024,42.155,56.1163
terrain-006422,5,5,1024,81.578,29994.1
terrain-006423,5,5,1024,42.14,245.959
terrain-006424,5,5,1024,42.196,251.58
terrain-006425,5,5,1024,42.25,251.484
terrain-006426,5,5,1024,89.123,10807.1
terrain-006427,5,5,1024,42.147,85.8418
terrain-006428,5,5,1024,89.065,11350.5
terrain-006429,5,5,1024,59.16,1982.88
terrain-006430,5,5,1024,42.2,86.5171
terrain-006431,5,5,1024,42.265,101.949
terrain-006432,5,5,1024,42.1,86.0219
terrain-006433,5,5,1024,93.08,10901.6
terrain-006434,5,5,1024,42.166,69.6683
terrain-006435,5,5,1024,42.256,91.0338
terrain-006436,5,5,1024,42.047,65.1783
terrain-006437,5,5,1024,42.097,67.3681
terrain-006438,5,5,1024,90.313,1882.81
terrain-006439,5,5,1024,42.544,58.7121
terrain-006440,5,5,1024,42.934,85.3742
terrain-006441,5,5,1024,90.274,3762.9
terrain-006442,5,5,1024,99.753,3609.51
terrain-006443,5,5,1024,42.497,60.8944
terrain-006444,5,5,1024,69.168,1576.56
terrain-006445,5,5,1024,42.491,58.5522
terrain-006446,5,5,1024,72.504,1696.34
terrain-006447,5,5,1024,90.838,3669.35
terrain-006448,5,5,1024,42.288,42.6554
terrain-006449,5,5,1024,61.894,1048.81
terrain-006450,5,5,1024,42.288,39.8978
terrain-006451,5,5,1024,66.607,1237.81
terrain-006452,5,5,1024,42.345,39.972
terrain-006453,5,5,1024,42.646,62.0329
terrain-006454,5,5,1024,84.932,25466.4
terrain-006455,5,5,1024,86.903,29055.6
terrain-006456,5,5,1024,42.094,205.767
terrain-006457,5,5,1024,42.142,212.553
terrain-006458,5,5,1024,42.195,214.676
terrain-006459,5,5,1024,86.776,24268.1
terrain-006460,5,5,1024,42.202,212.461
terrain-006461,5,5,1024,42.259,214.582
terrain-006462,5,5,1024,89.778,6750.84
terrain-006463,5,5,1024,42.235,71.7142
terrain-006464,5,5,1024,89.882,6934.91
terrain-006465,5,5,1024,60.753,1691.83
terrain-006466,5,5,1024,42.283,74.1497
terrain-006467,5,5,1024,62.77,1738.88
terrain-006468,5,5,1024,42.261,63.1523
terrain-006469,5,5,1024,42.444,87.5699
terrain-006470,5,5,1024,91.208,6653.03
terrain-006471,5,5,1024,42.163,51.3461
terrain-006472,5,5,1024,59.748,1283.6
terrain-006473,5,5,1024,42.216,51.4692
terrain-006474,5,5,1024,42.302,64.3785
terrain-006475,5,5,1024,42.167,59.394
terrain-006476,5,5,1024,82.276,34962.9
terrain-006477,5,5,1024,42.185,321.706
terrain-006478,5,5,1024,42.241,326.586
terrain-006479,5,5,1024,42.313,326.347
terrain-006480,5,5,1024,89.678,11838.2
terrain-006481,5,5,1024,42.161,93.5275
terrain-006482,5,5,1024,89.628,12188.4
terrain-006483,5,5,1024,59.375,2174.39
terrain-006484,5,5,1024,42.214,93.9362
terrain-006485,5,5,1024,42.276,110.252
terrain-006486,5,5,1024,42.114,93.9782
terrain-006487,5,5,1024,93.361,11550.5
terrain-006488,5,5,1024,42.175,74.3962
terrain-006489,5,5,1024,42.266,97.5877
terrain-006490,5,5,1024,42.055,69.6423
terrain-006491,5,5,1024,42.104,72.0084
terrain-006492,5,5,1024,80.385,42481.5
terrain-006493,5,5,1024,42.276,441.663
terrain-006494,5,5,1024,90.831,19614
terrain-006495,5,5,1024,42.174,134.189
terrain-006496,5,5,1024,90.819,20093.3
terrain-006497,5,5,1024,42.268,171.237
terrain-006498,5,5,1024,42.074,129.029
terrain-006499,5,5,1024,42.121,133.357
terrain-006500,5,5,1024,88.359,16463.7
terrain-006501,5,5,1024,42.099,122.473
terrain-006502,5,5,1024,42.149,126.587
terrain-006503,5,5,1024,42.202,127.337
terrain-006504,5,5,1024,90.059,7018.37
terrain-006505,5,5,1024,42.248,74.3342
terrain-006506,5,5,1024,90.064,7101.19
terrain-006507,5,5,1024,61.041,1780.31
terrain-006508,5,5,1024,42.296,76.8747
terrain-006509,5,5,1024,63.022,1805.8
terrain-006510,5,5,1024,42.269,65.0243
terrain-006511,5,5,1024,42.457,90.4895
terrain-006512,5,5,1024,90.828,6721.05
terrain-006513,5,5,1024,42.169,52.6381
terrain-006514,5,5,1024,59.792,1319.16
terrain-006515,5,5,1024,42.223,52.7057
terrain-006516,5,5,1024,42.308,65.9412
terrain-006517,5,5,1024,42.176,61.1801
terrain-006518,5,5,1024,83,37271.9
terrain-006519,5,5,1024,42.233,380.174
terrain-006520,5,5,1024,42.289,383.713
terrain-006521,5,5,1024,42.375,383.378
terrain-006522,5,5,1024,89.985,12331.4
terrain-006523,5,5,1024,42.172,97.9049
terrain-006524,5,5,1024,89.848,12531
terrain-006525,5,5,1024,59.529,2280.05
terrain-006526,5,5,1024,42.225,98.1388
terrain-006527,5,5,1024,42.286,114.92
terrain-006528,5,5,1024,42.125,98.5291
terrain-006529,5,5,1024,92.806,11647.5
terrain-006530,5,5,1024,42.182,77.0077
terrain-006531,5,5,1024,42.273,101.224
terrain-006532,5,5,1024,42.061,72.1107
terrain-006533,5,5,1024,42.111,74.5753
terrain-006534,5,5,1024,81.091,45835.9
terrain-006535,5,5,1024,42.353,553.005
terrain-006536,5,5,1024,91.243,20517.7
terrain-006537,5,5,1024,42.187,142.933
terrain-006538,5,5,1024,91.147,20794.1
terrain-006539,5,5,1024,42.284,182.768
terrain-006540,5,5,1024,42.087,137.765
terrain-006541,5,5,1024,42.135,142.437
terrain-006542,5,5,1024,87.596,16549.6
terrain-006543,5,5,1024,42.113,130.318
terrain-006544,5,5,1024,42.164,134.74
terrain-006545,5,5,1024,42.217,135.184
terrain-006546,5,5,1024,85.098,26604
terrain-006547,5,5,1024,87.741,30630.7
terrain-006548,5,5,1024,42.118,228.917
terrain-006549,5,5,1024,42.167,236.594
terrain-006550,5,5,1024,42.219,237.965
terrain-006551,5,5,1024,86.632,24786.4
terrain-006552,5,5,1024,42.234,236.477
terrain-006553,5,5,1024,42.291,237.846
terrain-006554,5,5,1024,89.204,12142.8
terrain-006555,5,5,1024,42.185,100.235
terrain-006556,5,5,1024,59.617,2325.64
terrain-006557,5,5,1024,42.237,100.369
terrain-006558,5,5,1024,42.298,117.377
terrain-006559,5,5,1024,42.138,100.959
terrain-006560,5,5,1024,42.193,78.3741
terrain-006561,5,5,1024,42.07,73.4027
terrain-006562,5,5,1024,42.121,75.9195
terrain-006563,5,5,1024,80.78,43541.3
terrain-006564,5,5,1024,42.451,632.161
terrain-006565,5,5,1024,89.979,19846.4
terrain-006566,5,5,1024,42.204,147.713
terrain-006567,5,5,1024,42.303,189.063
terrain-006568,5,5,1024,42.104,142.561
terrain-006569,5,5,1024,42.152,147.424
terrain-006570,5,5,1024,42.132,134.599
terrain-006571,5,5,1024,42.183,139.192
terrain-006572,5,5,1024,83.829,25360.7
terrain-006573,5,5,1024,42.149,242.473
terrain-006574,5,5,1024,42.198,250.678
terrain-006575,5,5,1024,42.25,251.517
terrain-006576,5,5,1024,82.662,35694.2
terrain-006577,5,5,1024,42.292,417.902
terrain-006578,5,5,1024,42.348,420.223
terrain-006579,5,5,4,42.1,1.2305
terrain-006580,5,5,4,80.109,118.782
terrain-006581,5,5,4,42.193,1.19654
terrain-006582,5,5,4,42.251,1.23081
terrain-006583,5,5,4,77.014,148.408
terrain-006584,5,5,4,42.098,1.19627
terrain-006585,5,5,4,42.153,1.23052
terrain-006586,5,5,4,42.147,1.2308
terrain-006587,5,5,4,67.341,321.393
terrain-006588,5,5,4,66.96,310.822
terrain-006589,5,5,4,42.138,3.15189
terrain-006590,5,5,4,66.966,308.455
terrain-006591,5,5,4,63.201,368.528
terrain-006592,5,5,4,65.937,383.601
terrain-006593,5,5,4,78.656,168.67
terrain-006594,5,5,4,42.296,2.50708
terrain-006595,5,5,4,42.357,2.5237
terrain-006596,5,5,4,74.129,247.519
terrain-006597,5,5,4,74.929,257.525
terrain-006598,5,5,4,42.155,2.6586
terrain-006599,5,5,4,42.211,2.67246
terrain-006600,5,5,4,74.603,256.459
terrain-006601,5,5,4,42.144,2.52367
terrain-006602,5,5,4,69.929,332.492
terrain-006603,5,5,4,69.388,321.479
terrain-006604,5,5,4,42.096,2.67236
terrain-006605,5,5,4,69.007,319.807
terrain-006606,5,5,4,79.777,142.201
terrain-006607,5,5,4,42.256,1.69327
terrain-006608,5,5,4,42.315,1.72808
terrain-006609,5,5,4,76.105,190.127
terrain-006610,5,5,4,76.741,197.325
terrain-006611,5,5,4,42.119,1.69298
terrain-006612,5,5,4,42.173,1.72778
terrain-006613,5,5,4,77.028,201.145
terrain-006614,5,5,4,42.168,1.72807
terrain-006615,5,5,4,73.542,238.54
terrain-006616,5,5,4,42.099,1.72774
terrain-006617,5,5,4,64.134,367.255
terrain-006618,5,5,4,77.92,168.084
terrain-006619,5,5,4,42.511,3.19407
terrain-006620,5,5,4,42.567,3.1607
terrain-006621,5,5,4,73.143,246.972
terrain-006622,5,5,4,73.934,256.98
terrain-006623,5,5,4,42.105,2.64191
terrain-006624,5,5,4,42.163,2.65368
terrain-006625,5,5,4,73.543,255.176
terrain-006626,5,5,4,42.3,3.16065
terrain-006627,5,5,4,68.658,331.583
terrain-006628,5,5,4,68.184,320.309
terrain-006629,5,5,4,42.049,2.65358
terrain-006630,5,5,4,67.746,317.519
terrain-006631,5,5,4,64.516,381.936
terrain-006632,5,5,4,75.486,221.656
terrain-006633,5,5,4,76.217,230.353
terrain-006634,5,5,4,42.137,2.13659
terrain-006635,5,5,4,42.192,2.16534
terrain-006636,5,5,4,76.275,232.707
terrain-006637,5,5,4,42.186,2.16554
terrain-006638,5,5,4,72.207,288.55
terrain-006639,5,5,4,42.099,2.16527
terrain-006640,5,5,4,68.98,328.159
terrain-006641,5,5,4,79.558,157.774
terrain-006642,5,5,4,42.309,2.13681
terrain-006643,5,5,4,42.369,2.16556
terrain-006644,5,5,4,71.778,239.859
terrain-006645,5,5,4,72.536,249.535
terrain-006646,5,5,4,42.236,3.2011
terrain-006647,5,5,4,42.294,3.17202
terrain-006648,5,5,4,73.687,258.596
terrain-006649,5,5,4,42.271,3.1447
terrain-006650,5,5,4,67.064,319.29
terrain-006651,5,5,4,66.687,308.846
terrain-006652,5,5,4,42.157,3.17188
terrain-006653,5,5,4,67.841,322.612
terrain-006654,5,5,4,62.899,365.75
terrain-006655,5,5,4,71.018,319.32
terrain-006656,5,5,4,42.097,2.47903
terrain-006657,5,5,4,70.356,312.04
terrain-006658,5,5,4,67.304,366.767
terrain-006659,5,5,4,79.291,166.318
terrain-006660,5,5,4,42.348,2.45877
terrain-006661,5,5,4,42.408,2.47931
terrain-006662,5,5,4,74.84,239.933
terrain-006663,5,5,4,75.624,249.552
terrain-006664,5,5,4,42.149,2.45858
terrain-006665,5,5,4,42.204,2.47912
terrain-006666,5,5,4,75.62,251.205
terrain-006667,5,5,4,42.198,2.47928
terrain-006668,5,5,1024,43.272,65.6084
terrain-006669,5,5,1024,92.277,1696.23
terrain-006670,5,5,1024,93.333,941.516
terrain-006671,5,5,1024,43.331,66.0021
terrain-006672,5,5,1024,44.017,88.6743
terrain-006673,5,5,1024,93.281,1800.52
terrain-006674,5,5,1024,43.225,63.4744
terrain-006675,5,5,1024,88.69,1608.48
terrain-006676,5,5,1024,42.737,38.5645
terrain-006677,5,5,1024,43.131,52.0605
terrain-006678,5,5,1024,96.208,1854.57
terrain-006679,5,5,1024,42.632,37.167
terrain-006680,5,5,1024,73.343,1000.44
terrain-006681,5,5,1024,42.681,38.4298
terrain-006682,5,5,1024,76.234,1033.66
terrain-006683,5,5,1024,42.207,314.775
terrain-006684,5,5,1024,89.843,17591.2
terrain-006685,5,5,1024,42.158,119.544
terrain-006686,5,5,1024,89.784,18289.4
terrain-006687,5,5,1024,42.251,152.009
terrain-006688,5,5,1024,42.058,114.489
terrain-006689,5,5,1024,42.105,118.259
terrain-006690,5,5,1024,87.164,15176
terrain-006691,5,5,1024,42.079,109.297
terrain-006692,5,5,1024,42.129,112.904
terrain-006693,5,5,1024,42.182,114.075
terrain-006694,5,5,1024,90.069,1800.34
terrain-006695,5,5,1024,42.519,55.7252
terrain-006696,5,5,1024,42.885,80.3094
terrain-006697,5,5,1024,90.05,3599.44
terrain-006698,5,5,1024,95.362,3103.28
terrain-006699,5,5,1024,42.465,57.4511
terrain-006700,5,5,1024,67.991,1439.11
terrain-006701,5,5,1024,42.465,55.4443
terrain-006702,5,5,1024,71.4,1577.39
terrain-006703,5,5,1024,90.6,3515.33
terrain-006704,5,5,1024,42.274,40.9367
terrain-006705,5,5,1024,61.525,986.267
terrain-006706,5,5,1024,42.277,38.4298
terrain-006707,5,5,1024,66.096,1173.41
terrain-006708,5,5,1024,42.334,38.5646
terrain-006709,5,5,1024,42.622,59.3152
terrain-006710,5,5,1024,84.143,22633.5
terrain-006711,5,5,1024,85.987,25791.7
terrain-006712,5,5,1024,42.068,171.113
terrain-006713,5,5,1024,42.115,176.616
terrain-006714,5,5,1024,42.169,179.498
terrain-006715,5,5,1024,85.411,21818.7
terrain-006716,5,5,1024,42.163,176.551
terrain-006717,5,5,1024,42.219,179.431
terrain-006718,5,5,1024,89.505,6251.87
terrain-006719,5,5,1024,42.215,66.9861
terrain-006720,5,5,1024,89.544,6569.45
terrain-006721,5,5,1024,60.28,1534.55
terrain-006722,5,5,1024,42.263,69.235
terrain-006723,5,5,1024,62.349,1614.1
terrain-006724,5,5,1024,42.249,59.7098
terrain-006725,5,5,1024,42.424,82.2493
terrain-006726,5,5,1024,90.992,6345.38
terrain-006727,5,5,1024,42.154,48.9403
terrain-006728,5,5,1024,59.59,1214.47
terrain-006729,5,5,1024,42.208,49.1591
terrain-006730,5,5,1024,42.294,61.4563
terrain-006731,5,5,1024,42.154,56.1136
terrain-006732,5,5,1024,81.569,30192
terrain-006733,5,5,1024,42.138,245.96
terrain-006734,5,5,1024,42.194,251.583
terrain-006735,5,5,1024,42.248,251.439
terrain-006736,5,5,1024,89.194,10830.1
terrain-006737,5,5,1024,42.146,85.8415
terrain-006738,5,5,1024,89.09,11364.2
terrain-006739,5,5,1024,59.153,1982.73
terrain-006740,5,5,1024,42.199,86.5168
terrain-006741,5,5,1024,42.265,101.949
terrain-006742,5,5,1024,42.099,86.0216
terrain-006743,5,5,1024,92.573,10846.1
terrain-006744,5,5,1024,42.164,69.6643
terrain-006745,5,5,1024,42.255,91.0267
terrain-006746,5,5,1024,42.046,65.1747
terrain-006747,5,5,1024,42.096,67.3643
terrain-006748,5,5,1024,90.238,1880.62
terrain-006749,5,5,1024,42.544,58.7092
terrain-006750,5,5,1024,42.933,85.3679
terrain-006751,5,5,1024,90.198,3758.55
terrain-006752,5,5,1024,99.496,3594.92
terrain-006753,5,5,1024,42.496,60.8912
terrain-006754,5,5,1024,69.126,1574.42
terrain-006755,5,5,1024,42.491,58.5493
terrain-006756,5,5,1024,72.442,1693.86
terrain-006757,5,5,1024,90.767,3665.45
terrain-006758,5,5,1024,42.288,42.6538
terrain-006759,5,5,1024,61.873,1047.82
terrain-006760,5,5,1024,42.288,39.8964
terrain-006761,5,5,1024,66.57,1236.43
terrain-006762,5,5,1024,42.345,39.9706
terrain-006763,5,5,1024,42.645,62.0294
terrain-006764,5,5,1024,83.902,25162
terrain-006765,5,5,1024,86.224,28845.2
terrain-006766,5,5,1024,42.092,205.731
terrain-006767,5,5,1024,42.14,212.517
terrain-006768,5,5,1024,42.193,214.639
terrain-006769,5,5,1024,85.777,24009.3
terrain-006770,5,5,1024,42.198,212.424
terrain-006771,5,5,1024,42.254,214.545
terrain-006772,5,5,1024,89.727,6748.06
terrain-006773,5,5,1024,42.234,71.7098
terrain-006774,5,5,1024,89.698,6913.47
terrain-006775,5,5,1024,60.721,1689.36
terrain-006776,5,5,1024,42.282,74.1451
terrain-006777,5,5,1024,62.733,1736.27
terrain-006778,5,5,1024,42.261,63.149
terrain-006779,5,5,1024,42.444,87.5633
terrain-006780,5,5,1024,91.21,6660.94
terrain-006781,5,5,1024,42.162,51.3438
terrain-006782,5,5,1024,59.719,1282.11
terrain-006783,5,5,1024,42.216,51.4669
terrain-006784,5,5,1024,42.302,64.3747
terrain-006785,5,5,1024,42.167,59.3909
terrain-006786,5,5,1024,81.243,34465.3
terrain-006787,5,5,1024,42.182,321.626
terrain-006788,5,5,1024,42.238,326.507
terrain-006789,5,5,1024,42.309,326.267
terrain-006790,5,5,1024,89.426,11798.1
terrain-006791,5,5,1024,42.16,93.5202
terrain-006792,5,5,1024,89.263,12119.3
terrain-006793,5,5,1024,59.331,2170.31
terrain-006794,5,5,1024,42.213,93.929
terrain-006795,5,5,1024,42.276,110.241
terrain-006796,5,5,1024,42.113,93.9706
terrain-006797,5,5,1024,92.948,11517.5
terrain-006798,5,5,1024,42.172,74.3914
terrain-006799,5,5,1024,42.264,97.5791
terrain-006800,5,5,1024,42.053,69.6379
terrain-006801,5,5,1024,42.103,72.0039
terrain-006802,5,5,1024,78.561,40973.2
terrain-006803,5,5,1024,42.273,441.546
terrain-006804,5,5,1024,90.199,19469.7
terrain-006805,5,5,1024,42.172,134.174
terrain-006806,5,5,1024,90.082,19905
terrain-006807,5,5,1024,42.267,171.212
terrain-006808,5,5,1024,42.072,129.014
terrain-006809,5,5,1024,42.119,133.342
terrain-006810,5,5,1024,87.221,16243.2
terrain-006811,5,5,1024,42.096,122.459
terrain-006812,5,5,1024,42.146,126.573
terrain-006813,5,5,1024,42.199,127.323
terrain-006814,5,5,1024,89.904,7001.4
terrain-006815,5,5,1024,42.247,74.329
terrain-006816,5,5,1024,89.834,7073.3
terrain-006817,5,5,1024,61.004,1777.34
terrain-006818,5,5,1024,42.295,76.8693
terrain-006819,5,5,1024,62.98,1802.75
terrain-006820,5,5,1024,42.269,65.0205
terrain-006821,5,5,1024,42.457,90.4818
terrain-006822,5,5,1024,90.493,6684.14
terrain-006823,5,5,1024,42.168,52.6355
terrain-006824,5,5,1024,59.76,1317.48
terrain-006825,5,5,1024,42.222,52.7032
terrain-006826,5,5,1024,42.307,65.937
terrain-006827,5,5,1024,42.175,61.1765
terrain-006828,5,5,1024,81.939,36773.9
terrain-006829,5,5,1024,42.229,380.051
terrain-006830,5,5,1024,42.285,383.593
terrain-006831,5,5,1024,42.371,383.26
terrain-006832,5,5,1024,89.649,12271.6
terrain-006833,5,5,1024,42.171,97.8962
terrain-006834,5,5,1024,89.452,12454.9
terrain-006835,5,5,1024,59.479,2275.19
terrain-006836,5,5,1024,42.223,98.1302
terrain-006837,5,5,1024,42.286,114.908
terrain-006838,5,5,1024,42.124,98.52
terrain-006839,5,5,1024,91.968,11519.1
terrain-006840,5,5,1024,42.18,77.0023
terrain-006841,5,5,1024,42.271,101.214
terrain-006842,5,5,1024,42.06,72.1057
terrain-006843,5,5,1024,42.11,74.5701
terrain-006844,5,5,1024,79.159,44178.4
terrain-006845,5,5,1024,42.348,552.8
terrain-006846,5,5,1024,90.546,20352
terrain-006847,5,5,1024,42.185,142.915
terrain-006848,5,5,1024,90.393,20603.5
terrain-006849,5,5,1024,42.282,182.737
terrain-006850,5,5,1024,42.085,137.747
terrain-006851,5,5,1024,42.133,142.419
terrain-006852,5,5,1024,86.046,16179.5
terrain-006853,5,5,1024,42.109,130.301
terrain-006854,5,5,1024,42.16,134.723
terrain-006855,5,5,1024,42.214,135.167
terrain-006856,5,5,1024,84.034,26290.1
terrain-006857,5,5,1024,87.063,30442.1
terrain-006858,5,5,1024,42.116,228.869
terrain-006859,5,5,1024,42.165,236.544
terrain-006860,5,5,1024,42.217,237.915
terrain-006861,5,5,1024,85.085,24229.6
terrain-006862,5,5,1024,42.23,236.427
terrain-006863,5,5,1024,42.286,237.798
terrain-006864,5,5,1024,88.376,11964.1
terrain-006865,5,5,1024,42.184,100.227
terrain-006866,5,5,1024,59.567,2321.19
terrain-006867,5,5,1024,42.236,100.361
terrain-006868,5,5,1024,42.298,117.366
terrain-006869,5,5,1024,42.137,100.95
terrain-006870,5,5,1024,42.19,78.3726
terrain-006871,5,5,1024,42.069,73.4013
terrain-006872,5,5,1024,42.119,75.918
terrain-006873,5,5,1024,78.575,41588.7
terrain-006874,5,5,1024,42.445,631.936
terrain-006875,5,5,1024,88.829,19495.7
terrain-006876,5,5,1024,42.202,147.696
terrain-006877,5,5,1024,42.301,189.033
terrain-006878,5,5,1024,42.101,142.545
terrain-006879,5,5,1024,42.15,147.406
terrain-006880,5,5,1024,42.128,134.594
terrain-006881,5,5,1024,42.18,139.187
terrain-006882,5,5,1024,82.477,24859.5
terrain-006883,5,5,1024,42.147,242.426
terrain-006884,5,5,1024,42.196,250.629
terrain-006885,5,5,1024,42.248,251.468
terrain-006886,5,5,1024,81.296,34912
terrain-006887,5,5,1024,42.287,417.773
terrain-006888,5,5,1024,42.343,420.098
terrain-006889,5,5,4,42.099,1.23059
terrain-006890,5,5,4,71.913,94.1062
terrain-006891,5,5,4,42.192,1.19663
terrain-006892,5,5,4,42.25,1.2309
terrain-006893,5,5,4,70.21,120.417
terrain-006894,5,5,4,42.097,1.19636
terrain-006895,5,5,4,42.151,1.23062
terrain-006896,5,5,4,42.145,1.23089
terrain-006897,5,5,4,61.095,247.121
terrain-006898,5,5,4,61.652,249.817
terrain-006899,5,5,4,42.134,3.15029
terrain-006900,5,5,4,61.751,248.972
terrain-006901,5,5,4,58.378,290.871
terrain-006902,5,5,4,59.887,292.416
terrain-006903,5,5,4,69.458,128.018
terrain-006904,5,5,4,42.293,2.50582
terrain-006905,5,5,4,42.354,2.52244
terrain-006906,5,5,4,66.206,188.923
terrain-006907,5,5,4,66.511,195.192
terrain-006908,5,5,4,42.151,2.65709
terrain-006909,5,5,4,42.207,2.67096
terrain-006910,5,5,4,66.346,195.008
terrain-006911,5,5,4,42.14,2.5224
terrain-006912,5,5,4,62.421,247.777
terrain-006913,5,5,4,62.97,250.959
terrain-006914,5,5,4,42.093,2.67086
terrain-006915,5,5,4,62.759,250.629
terrain-006916,5,5,4,70.907,110.017
terrain-006917,5,5,4,42.254,1.69301
terrain-006918,5,5,4,42.312,1.7278
terrain-006919,5,5,4,68.624,149.801
terrain-006920,5,5,4,68.874,154.63
terrain-006921,5,5,4,42.117,1.69271
terrain-006922,5,5,4,42.171,1.72751
terrain-006923,5,5,4,68.964,156.964
terrain-006924,5,5,4,42.166,1.72779
terrain-006925,5,5,4,66.287,185.884
terrain-006926,5,5,4,42.098,1.72746
terrain-006927,5,5,4,58.935,287.151
terrain-006928,5,5,4,68.967,127.886
terrain-006929,5,5,4,42.506,3.19202
terrain-006930,5,5,4,42.563,3.15871
terrain-006931,5,5,4,65.507,188.95
terrain-006932,5,5,4,65.812,195.246
terrain-006933,5,5,4,42.102,2.6404
terrain-006934,5,5,4,42.159,2.65218
terrain-006935,5,5,4,65.627,194.737
terrain-006936,5,5,4,42.295,3.15866
terrain-006937,5,5,4,61.532,247.864
terrain-006938,5,5,4,62.084,250.731
terrain-006939,5,5,4,42.046,2.65208
terrain-006940,5,5,4,61.856,249.873
terrain-006941,5,5,4,58.858,292.106
terrain-006942,5,5,4,67.675,171.822
terrain-006943,5,5,4,67.957,177.446
terrain-006944,5,5,4,42.134,2.13598
terrain-006945,5,5,4,42.189,2.16472
terrain-006946,5,5,4,67.941,178.921
terrain-006947,5,5,4,42.183,2.16494
terrain-006948,5,5,4,64.675,219.866
terrain-006949,5,5,4,42.097,2.16466
terrain-006950,5,5,4,62.723,255.828
terrain-006951,5,5,4,70.387,120.696
terrain-006952,5,5,4,42.307,2.13622
terrain-006953,5,5,4,42.366,2.16496
terrain-006954,5,5,4,64.685,185.246
terrain-006955,5,5,4,64.983,191.427
terrain-006956,5,5,4,42.232,3.19888
terrain-006957,5,5,4,42.289,3.16985
terrain-006958,5,5,4,66.142,200.66
terrain-006959,5,5,4,42.267,3.14344
terrain-006960,5,5,4,60.592,241.742
terrain-006961,5,5,4,61.135,244.405
terrain-006962,5,5,4,42.154,3.16971
terrain-006963,5,5,4,62.371,259.381
terrain-006964,5,5,4,57.851,283.556
terrain-006965,5,5,4,63.457,240.237
terrain-006966,5,5,4,42.095,2.47794
terrain-006967,5,5,4,63.916,245.528
terrain-006968,5,5,4,61.135,282.314
terrain-006969,5,5,4,70.023,126.575
terrain-006970,5,5,4,42.344,2.45774
terrain-006971,5,5,4,42.405,2.47828
terrain-006972,5,5,4,66.932,184.379
terrain-006973,5,5,4,67.234,190.482
terrain-006974,5,5,4,42.145,2.4575
terrain-006975,5,5,4,42.201,2.47803
terrain-006976,5,5,4,67.23,191.772
terrain-006977,5,5,4,42.195,2.47824
terrain-006978,5,5,1024,43.266,65.608
terrain-006979,5,5,1024,80.663,1314.75
terrain-006980,5,5,1024,80.463,711.57
terrain-006981,5,5,1024,43.326,66.0017
terrain-006982,5,5,1024,44.009,88.6735
terrain-006983,5,5,1024,80.879,1376.36
terrain-006984,5,5,1024,43.22,63.474
terrain-006985,5,5,1024,78.319,1261.41
terrain-006986,5,5,1024,42.731,38.5656
terrain-006987,5,5,1024,43.122,52.0624
terrain-006988,5,5,1024,82.731,1408.05
terrain-006989,5,5,1024,42.627,37.1679
terrain-006990,5,5,1024,73.21,1001.14
terrain-006991,5,5,1024,42.676,38.4308
terrain-006992,5,5,1024,76.099,1034.41
terrain-006993,5,5,1024,42.207,314.745
terrain-006994,5,5,1024,74.652,12338.2
terrain-006995,5,5,1024,42.153,119.543
terrain-006996,5,5,1024,74.556,12816.3
terrain-006997,5,5,1024,42.242,152.007
terrain-006998,5,5,1024,42.053,114.488
terrain-006999,5,5,1024,42.1,118.258
terrain-007000,5,5,1024,72.947,10583
terrain-007001,5,5,1024,42.075,109.306
terrain-007002,5,5,1024,42.125,112.913
terrain-007003,5,5,1024,42.178,114.084
terrain-007004,5,5,1024,77.321,1339.94
terrain-007005,5,5,1024,42.514,55.725
terrain-007006,5,5,1024,42.878,80.3088
terrain-007007,5,5,1024,77.31,2679.2
terrain-007008,5,5,1024,83.839,2456.18
terrain-007009,5,5,1024,42.46,57.4509
terrain-007010,5,5,1024,67.841,1438.92
terrain-007011,5,5,1024,42.459,55.444
terrain-007012,5,5,1024,71.247,1577.16
terrain-007013,5,5,1024,77.702,2624.62
terrain-007014,5,5,1024,42.268,40.9379
terrain-007015,5,5,1024,61.38,986.964
terrain-007016,5,5,1024,42.271,38.4309
terrain-007017,5,5,1024,65.956,1174.4
terrain-007018,5,5,1024,42.328,38.5656
terrain-007019,5,5,1024,42.614,59.3177
terrain-007020,5,5,1024,71.649,16127.8
terrain-007021,5,5,1024,72.93,18456.2
terrain-007022,5,5,1024,42.064,171.111
terrain-007023,5,5,1024,42.111,176.613
terrain-007024,5,5,1024,42.165,179.495
terrain-007025,5,5,1024,72.943,15698.4
terrain-007026,5,5,1024,42.161,176.571
terrain-007027,5,5,1024,42.218,179.452
terrain-007028,5,5,1024,77.025,4683.38
terrain-007029,5,5,1024,42.21,66.9858
terrain-007030,5,5,1024,77.114,4942.79
terrain-007031,5,5,1024,60.133,1534.35
terrain-007032,5,5,1024,42.258,69.2346
terrain-007033,5,5,1024,62.194,1613.88
terrain-007034,5,5,1024,42.244,59.7096
terrain-007035,5,5,1024,42.417,82.2487
terrain-007036,5,5,1024,77.196,4669.86
terrain-007037,5,5,1024,42.148,48.942
terrain-007038,5,5,1024,59.434,1215.55
terrain-007039,5,5,1024,42.201,49.1608
terrain-007040,5,5,1024,42.285,61.459
terrain-007041,5,5,1024,42.149,56.1159
terrain-007042,5,5,1024,70.996,22279.1
terrain-007043,5,5,1024,42.137,245.952
terrain-007044,5,5,1024,42.193,251.573
terrain-007045,5,5,1024,42.246,251.476
terrain-007046,5,5,1024,76.356,8068.98
terrain-007047,5,5,1024,42.14,85.841
terrain-007048,5,5,1024,76.316,8482.9
terrain-007049,5,5,1024,58.994,1982.41
terrain-007050,5,5,1024,42.193,86.5163
terrain-007051,5,5,1024,42.257,101.948
terrain-007052,5,5,1024,42.094,86.0211
terrain-007053,5,5,1024,75.425,7392.96
terrain-007054,5,5,1024,42.158,69.6677
terrain-007055,5,5,1024,42.244,91.0327
terrain-007056,5,5,1024,42.039,65.1778
terrain-007057,5,5,1024,42.089,67.3675
terrain-007058,5,5,1024,77.44,1399.43
terrain-007059,5,5,1024,42.539,58.7117
terrain-007060,5,5,1024,42.925,85.3733
terrain-007061,5,5,1024,77.418,2797.37
terrain-007062,5,5,1024,85.68,2757.79
terrain-007063,5,5,1024,42.491,60.894
terrain-007064,5,5,1024,69.001,1576.23
terrain-007065,5,5,1024,42.485,58.5518
terrain-007066,5,5,1024,72.326,1695.97
terrain-007067,5,5,1024,77.751,2732.05
terrain-007068,5,5,1024,42.282,42.6552
terrain-007069,5,5,1024,61.72,1048.65
terrain-007070,5,5,1024,42.282,39.8975
terrain-007071,5,5,1024,66.424,1237.59
terrain-007072,5,5,1024,42.339,39.9718
terrain-007073,5,5,1024,42.637,62.0323
terrain-007074,5,5,1024,71.613,17981.8
terrain-007075,5,5,1024,73.257,20715.7
terrain-007076,5,5,1024,42.088,205.762
terrain-007077,5,5,1024,42.135,212.549
terrain-007078,5,5,1024,42.188,214.671
terrain-007079,5,5,1024,72.971,17141.3
terrain-007080,5,5,1024,42.196,212.455
terrain-007081,5,5,1024,42.253,214.576
terrain-007082,5,5,1024,77.197,5056.79
terrain-007083,5,5,1024,42.229,71.7136
terrain-007084,5,5,1024,77.292,5210.95
terrain-007085,5,5,1024,60.588,1691.48
terrain-007086,5,5,1024,42.276,74.1491
terrain-007087,5,5,1024,62.6,1738.51
terrain-007088,5,5,1024,42.255,63.1519
terrain-007089,5,5,1024,42.435,87.569
terrain-007090,5,5,1024,77.243,4890.26
terrain-007091,5,5,1024,42.156,51.3458
terrain-007092,5,5,1024,59.556,1283.36
terrain-007093,5,5,1024,42.209,51.4688
terrain-007094,5,5,1024,42.293,64.3779
terrain-007095,5,5,1024,42.161,59.3936
terrain-007096,5,5,1024,71.108,25657.2
terrain-007097,5,5,1024,42.181,321.695
terrain-007098,5,5,1024,42.237,326.575
terrain-007099,5,5,1024,42.308,326.333
terrain-007100,5,5,1024,76.587,8808.99
terrain-007101,5,5,1024,42.154,93.5266
terrain-007102,5,5,1024,76.564,9078.42
terrain-007103,5,5,1024,59.193,2173.82
terrain-007104,5,5,1024,42.206,93.9353
terrain-007105,5,5,1024,42.267,110.25
terrain-007106,5,5,1024,42.107,93.9773
terrain-007107,5,5,1024,75.399,7795.6
terrain-007108,5,5,1024,42.166,74.3955
terrain-007109,5,5,1024,42.253,97.5863
terrain-007110,5,5,1024,42.046,69.6416
terrain-007111,5,5,1024,42.096,72.0078
terrain-007112,5,5,1024,71.068,32479.7
terrain-007113,5,5,1024,42.273,441.642
terrain-007114,5,5,1024,74.846,13639.5
terrain-007115,5,5,1024,42.166,134.187
terrain-007116,5,5,1024,74.789,13960.1
terrain-007117,5,5,1024,42.256,171.234
terrain-007118,5,5,1024,42.066,129.027
terrain-007119,5,5,1024,42.114,133.355
terrain-007120,5,5,1024,72.777,11256.6
terrain-007121,5,5,1024,42.091,122.471
terrain-007122,5,5,1024,42.141,126.585
terrain-007123,5,5,1024,42.195,127.335
terrain-007124,5,5,1024,77.384,5256.01
terrain-007125,5,5,1024,42.242,74.3324
terrain-007126,5,5,1024,77.408,5334.78
terrain-007127,5,5,1024,60.86,1779.24
terrain-007128,5,5,1024,42.289,76.8728
terrain-007129,5,5,1024,62.837,1804.71
terrain-007130,5,5,1024,42.264,65.023
terrain-007131,5,5,1024,42.449,90.4867
terrain-007132,5,5,1024,77.286,4985.95
terrain-007133,5,5,1024,42.162,52.637
terrain-007134,5,5,1024,59.584,1318.21
terrain-007135,5,5,1024,42.215,52.7047
terrain-007136,5,5,1024,42.298,65.9395
terrain-007137,5,5,1024,42.169,61.1786
terrain-007138,5,5,1024,71.43,27173.5
terrain-007139,5,5,1024,42.227,380.128
terrain-007140,5,5,1024,42.283,383.667
terrain-007141,5,5,1024,42.369,383.323
terrain-007142,5,5,1024,76.758,9168.89
terrain-007143,5,5,1024,42.164,97.9019
terrain-007144,5,5,1024,76.681,9326.96
terrain-007145,5,5,1024,59.329,2278.32
terrain-007146,5,5,1024,42.217,98.1358
terrain-007147,5,5,1024,42.277,114.916
terrain-007148,5,5,1024,42.118,98.526
terrain-007149,5,5,1024,75.375,7944.64
terrain-007150,5,5,1024,42.174,77.0054
terrain-007151,5,5,1024,42.259,101.22
terrain-007152,5,5,1024,42.052,72.1086
terrain-007153,5,5,1024,42.102,74.5732
terrain-007154,5,5,1024,71.456,34877.6
terrain-007155,5,5,1024,42.349,552.91
terrain-007156,5,5,1024,74.956,14208.7
terrain-007157,5,5,1024,42.179,142.926
terrain-007158,5,5,1024,74.872,14397.7
terrain-007159,5,5,1024,42.271,182.757
terrain-007160,5,5,1024,42.079,137.759
terrain-007161,5,5,1024,42.127,142.431
terrain-007162,5,5,1024,72.672,11469.4
terrain-007163,5,5,1024,42.105,130.311
terrain-007164,5,5,1024,42.156,134.733
terrain-007165,5,5,1024,42.209,135.177
terrain-007166,5,5,1024,71.597,18715
terrain-007167,5,5,1024,73.611,21692
terrain-007168,5,5,1024,42.111,228.9
terrain-007169,5,5,1024,42.159,236.576
terrain-007170,5,5,1024,42.212,237.947
terrain-007171,5,5,1024,73.305,17755.1
terrain-007172,5,5,1024,42.227,236.455
terrain-007173,5,5,1024,42.284,237.825
terrain-007174,5,5,1024,76.402,9086.78
terrain-007175,5,5,1024,42.177,100.223
terrain-007176,5,5,1024,59.365,2318.3
terrain-007177,5,5,1024,42.229,100.357
terrain-007178,5,5,1024,42.288,117.36
terrain-007179,5,5,1024,42.131,100.946
terrain-007180,5,5,1024,42.184,78.3667
terrain-007181,5,5,1024,42.061,73.3959
terrain-007182,5,5,1024,42.112,75.9124
terrain-007183,5,5,1024,71.441,33422.8
terrain-007184,5,5,1024,42.445,631.691
terrain-007185,5,5,1024,74.459,13893.5
terrain-007186,5,5,1024,42.196,147.688
terrain-007187,5,5,1024,42.289,189.018
terrain-007188,5,5,1024,42.095,142.536
terrain-007189,5,5,1024,42.144,147.398
terrain-007190,5,5,1024,42.123,134.576
terrain-007191,5,5,1024,42.175,139.169
terrain-007192,5,5,1024,71.095,18072.6
terrain-007193,5,5,1024,42.141,242.401
terrain-007194,5,5,1024,42.19,250.603
terrain-007195,5,5,1024,42.242,251.442
terrain-007196,5,5,1024,71.428,26250.8
terrain-007197,5,5,1024,42.285,417.693
terrain-007198,5,5,1024,42.341,420.015
terrain-007199,5,5,4,42.1,1.2305
terrain-007200,5,5,4,80.109,118.782
terrain-007201,5,5,4,42.193,1.19654
terrain-007202,5,5,4,42.251,1.23081
terrain-007203,5,5,4,77.014,148.408
terrain-007204,5,5,4,42.098,1.19627
terrain-007205,5,5,4,42.153,1.23052
terrain-007206,5,5,4,42.147,1.2308
terrain-007207,5,5,4,67.341,321.393
terrain-007208,5,5,4,66.96,310.822
terrain-007209,5,5,4,42.138,3.15189
terrain-007210,5,5,4,66.966,308.455
terrain-007211,5,5,4,63.201,368.528
terrain-007212,5,5,4,65.937,383.601
terrain-007213,5,5,4,78.656,168.67
terrain-007214,5,5,4,42.296,2.50708
terrain-007215,5,5,4,42.357,2.5237
terrain-007216,5,5,4,74.129,247.519
terrain-007217,5,5,4,74.929,257.525
terrain-007218,5,5,4,42.155,2.6586
terrain-007219,5,5,4,42.211,2.67246
terrain-007220,5,5,4,74.603,256.459
terrain-007221,5,5,4,42.144,2.52367
terrain-007222,5,5,4,69.929,332.492
terrain-007223,5,5,4,69.388,321.479
terrain-007224,5,5,4,42.096,2.67236
terrain-007225,5,5,4,69.007,319.807
terrain-007226,5,5,4,79.777,142.201
terrain-007227,5,5,4,42.256,1.69327
terrain-007228,5,5,4,42.315,1.72808
terrain-007229,5,5,4,76.105,190.127
terrain-007230,5,5,4,76.741,197.325
terrain-007231,5,5,4,42.119,1.69298
terrain-007232,5,5,4,42.173,1.72778
terrain-007233,5,5,4,77.028,201.145
terrain-007234,5,5,4,42.168,1.72807
terrain-007235,5,5,4,73.542,238.54
terrain-007236,5,5,4,42.099,1.72774
terrain-007237,5,5,4,64.134,367.255
terrain-007238,5,5,4,77.92,168.084
terrain-007239,5,5,4,42.511,3.19407
terrain-007240,5,5,4,42.567,3.1607
terrain-007241,5,5,4,73.143,246.972
terrain-007242,5,5,4,73.934,256.98
terrain-007243,5,5,4,42.105,2.64191
terrain-007244,5,5,4,42.163,2.65368
terrain-007245,5,5,4,73.543,255.176
terrain-007246,5,5,4,42.3,3.16065
terrain-007247,5,5,4,68.658,331.583
terrain-007248,5,5,4,68.184,320.309
terrain-007249,5,5,4,42.049,2.65358
terrain-007250,5,5,4,67.746,317.519
terrain-007251,5,5,4,64.516,381.936
terrain-007252,5,5,4,75.486,221.656
terrain-007253,5,5,4,76.217,230.353
terrain-007254,5,5,4,42.137,2.13659
terrain-007255,5,5,4,42.192,2.16534
terrain-007256,5,5,4,76.275,232.707
terrain-007257,5,5,4,42.186,2.16554
terrain-007258,5,5,4,72.207,288.55
terrain-007259,5,5,4,42.099,2.16527
terrain-007260,5,5,4,68.98,328.159
terrain-007261,5,5,4,79.558,157.774
terrain-007262,5,5,4,42.309,2.13681
terrain-007263,5,5,4,42.369,2.16556
terrain-007264,5,5,4,71.778,239.859
terrain-007265,5,5,4,72.536,249.535
terrain-007266,5,5,4,42.236,3.2011
terrain-007267,5,5,4,42.294,3.17202
terrain-007268,5,5,4,73.687,258.596
terrain-007269,5,5,4,42.271,3.1447
terrain-007270,5,5,4,67.064,319.29
terrain-007271,5,5,4,66.687,308.846
terrain-007272,5,5,4,42.157,3.17188
terrain-007273,5,5,4,67.841,322.612
terrain-007274,5,5,4,62.899,365.75
terrain-007275,5,5,4,71.018,319.32
terrain-007276,5,5,4,42.097,2.47903
terrain-007277,5,5,4,70.356,312.04
terrain-007278,5,5,4,67.304,366.767
terrain-007279,5,5,4,79.291,166.318
terrain-007280,5,5,4,42.348,2.45877
terrain-007281,5,5,4,42.408,2.47931
terrain-007282,5,5,4,74.84,239.933
terrain-007283,5,5,4,75.624,249.552
terrain-007284,5,5,4,42.149,2.45858
terrain-007285,5,5,4,42.204,2.47912
terrain-007286,5,5,4,75.62,251.205
terrain-007287,5,5,4,42.198,2.47928
terrain-007288,5,5,1024,43.272,65.6084
terrain-007289,5,5,1024,92.277,1696.22
terrain-007290,5,5,1024,93.333,941.51
terrain-007291,5,5,1024,43.331,66.0021
terrain-007292,5,5,1024,44.017,88.6743
terrain-007293,5,5,1024,93.28,1800.51
terrain-007294,5,5,1024,43.225,63.4744
terrain-007295,5,5,1024,88.689,1608.48
terrain-007296,5,5,1024,42.737,38.5645
terrain-007297,5,5,1024,43.131,52.0605
terrain-007298,5,5,1024,96.207,1854.55
terrain-007299,5,5,1024,42.632,37.1669
terrain-007300,5,5,1024,73.343,1000.44
terrain-007301,5,5,1024,42.681,38.4298
terrain-007302,5,5,1024,76.234,1033.65
terrain-007303,5,5,1024,42.207,314.774
terrain-007304,5,5,1024,89.84,17590.2
terrain-007305,5,5,1024,42.158,119.544
terrain-007306,5,5,1024,89.782,18288.4
terrain-007307,5,5,1024,42.251,152.009
terrain-007308,5,5,1024,42.058,114.489
terrain-007309,5,5,1024,42.105,118.259
terrain-007310,5,5,1024,87.16,15174.7
terrain-007311,5,5,1024,42.079,109.297
terrain-007312,5,5,1024,42.129,112.904
terrain-007313,5,5,1024,42.182,114.075
terrain-007314,5,5,1024,90.069,1800.32
terrain-007315,5,5,1024,42.519,55.7252
terrain-007316,5,5,1024,42.885,80.3094
terrain-007317,5,5,1024,90.05,3599.4
terrain-007318,5,5,1024,95.361,3103.25
terrain-007319,5,5,1024,42.465,57.4511
terrain-007320,5,5,1024,67.991,1439.11
terrain-007321,5,5,1024,42.465,55.4443
terrain-007322,5,5,1024,71.4,1577.38
terrain-007323,5,5,1024,90.599,3515.26
terrain-007324,5,5,1024,42.274,40.9367
terrain-007325,5,5,1024,61.525,986.262
terrain-007326,5,5,1024,42.277,38.4298
terrain-007327,5,5,1024,66.096,1173.4
terrain-007328,5,5,1024,42.334,38.5646
terrain-007329,5,5,1024,42.622,59.3152
terrain-007330,5,5,1024,84.14,22631.9
terrain-007331,5,5,1024,85.984,25789.8
terrain-007332,5,5,1024,42.068,171.113
terrain-007333,5,5,1024,42.115,176.616
terrain-007334,5,5,1024,42.169,179.498
terrain-007335,5,5,1024,85.406,21816
terrain-007336,5,5,1024,42.163,176.55
terrain-007337,5,5,1024,42.219,179.431
terrain-007338,5,5,1024,89.504,6251.75
terrain-007339,5,5,1024,42.215,66.9861
terrain-007340,5,5,1024,89.543,6569.32
terrain-007341,5,5,1024,60.28,1534.55
terrain-007342,5,5,1024,42.263,69.235
terrain-007343,5,5,1024,62.349,1614.1
terrain-007344,5,5,1024,42.249,59.7098
terrain-007345,5,5,1024,42.424,82.2493
terrain-007346,5,5,1024,90.99,6345.15
terrain-007347,5,5,1024,42.154,48.9403
terrain-007348,5,5,1024,59.59,1214.47
terrain-007349,5,5,1024,42.208,49.1591
terrain-007350,5,5,1024,42.294,61.4562
terrain-007351,5,5,1024,42.154,56.1136
terrain-007352,5,5,1024,81.565,30189.2
terrain-007353,5,5,1024,42.138,245.96
terrain-007354,5,5,1024,42.194,251.583
terrain-007355,5,5,1024,42.248,251.438
terrain-007356,5,5,1024,89.193,10829.7
terrain-007357,5,5,1024,42.146,85.8415
terrain-007358,5,5,1024,89.089,11363.8
terrain-007359,5,5,1024,59.153,1982.72
terrain-007360,5,5,1024,42.199,86.5168
terrain-007361,5,5,1024,42.265,101.949
terrain-007362,5,5,1024,42.099,86.0216
terrain-007363,5,5,1024,92.57,10845.5
terrain-007364,5,5,1024,42.164,69.6643
terrain-007365,5,5,1024,42.255,91.0267
terrain-007366,5,5,1024,42.046,65.1746
terrain-007367,5,5,1024,42.096,67.3643
terrain-007368,5,5,1024,90.237,1880.6
terrain-007369,5,5,1024,42.544,58.7092
terrain-007370,5,5,1024,42.933,85.3679
terrain-007371,5,5,1024,90.198,3758.5
terrain-007372,5,5,1024,99.495,3594.88
terrain-007373,5,5,1024,42.496,60.8912
terrain-007374,5,5,1024,69.125,1574.41
terrain-007375,5,5,1024,42.491,58.5493
terrain-007376,5,5,1024,72.442,1693.85
terrain-007377,5,5,1024,90.766,3665.38
terrain-007378,5,5,1024,42.288,42.6537
terrain-007379,5,5,1024,61.873,1047.82
terrain-007380,5,5,1024,42.288,39.8964
terrain-007381,5,5,1024,66.57,1236.42
terrain-007382,5,5,1024,42.345,39.9706
terrain-007383,5,5,1024,42.645,62.0294
terrain-007384,5,5,1024,83.898,25160.1
terrain-007385,5,5,1024,86.22,28842.7
terrain-007386,5,5,1024,42.092,205.731
terrain-007387,5,5,1024,42.14,212.516
terrain-007388,5,5,1024,42.193,214.639
terrain-007389,5,5,1024,85.771,24006
terrain-007390,5,5,1024,42.198,212.423
terrain-007391,5,5,1024,42.254,214.545
terrain-007392,5,5,1024,89.726,6747.93
terrain-007393,5,5,1024,42.234,71.7097
terrain-007394,5,5,1024,89.697,6913.33
terrain-007395,5,5,1024,60.72,1689.35
terrain-007396,5,5,1024,42.282,74.1451
terrain-007397,5,5,1024,62.733,1736.26
terrain-007398,5,5,1024,42.261,63.149
terrain-007399,5,5,1024,42.444,87.5632
terrain-007400,5,5,1024,91.209,6660.69
terrain-007401,5,5,1024,42.162,51.3438
terrain-007402,5,5,1024,59.719,1282.1
terrain-007403,5,5,1024,42.216,51.4669
terrain-007404,5,5,1024,42.302,64.3747
terrain-007405,5,5,1024,42.167,59.3908
terrain-007406,5,5,1024,81.239,34461.8
terrain-007407,5,5,1024,42.182,321.626
terrain-007408,5,5,1024,42.238,326.506
terrain-007409,5,5,1024,42.309,326.267
terrain-007410,5,5,1024,89.424,11797.7
terrain-007411,5,5,1024,42.16,93.5201
terrain-007412,5,5,1024,89.262,12118.9
terrain-007413,5,5,1024,59.33,2170.29
terrain-007414,5,5,1024,42.213,93.9289
terrain-007415,5,5,1024,42.276,110.241
terrain-007416,5,5,1024,42.113,93.9706
terrain-007417,5,5,1024,92.945,11516.8
terrain-007418,5,5,1024,42.172,74.3914
terrain-007419,5,5,1024,42.264,97.5791
terrain-007420,5,5,1024,42.053,69.6379
terrain-007421,5,5,1024,42.103,72.0039
terrain-007422,5,5,1024,78.557,40968.3
terrain-007423,5,5,1024,42.273,441.545
terrain-007424,5,5,1024,90.196,19468.6
terrain-007425,5,5,1024,42.172,134.174
terrain-007426,5,5,1024,90.079,19903.8
terrain-007427,5,5,1024,42.267,171.212
terrain-007428,5,5,1024,42.072,129.014
terrain-007429,5,5,1024,42.119,133.342
terrain-007430,5,5,1024,87.217,16241.7
terrain-007431,5,5,1024,42.096,122.459
terrain-007432,5,5,1024,42.146,126.573
terrain-007433,5,5,1024,42.199,127.323
terrain-007434,5,5,1024,89.902,7001.16
terrain-007435,5,5,1024,42.247,74.329
terrain-007436,5,5,1024,89.832,7073.06
terrain-007437,5,5,1024,61.004,1777.33
terrain-007438,5,5,1024,42.295,76.8693
terrain-007439,5,5,1024,62.98,1802.73
terrain-007440,5,5,1024,42.269,65.0205
terrain-007441,5,5,1024,42.457,90.4818
terrain-007442,5,5,1024,90.49,6683.73
terrain-007443,5,5,1024,42.168,52.6355
terrain-007444,5,5,1024,59.76,1317.46
terrain-007445,5,5,1024,42.222,52.7031
terrain-007446,5,5,1024,42.307,65.937
terrain-007447,5,5,1024,42.175,61.1765
terrain-007448,5,5,1024,81.932,36767.4
terrain-007449,5,5,1024,42.229,380.051
terrain-007450,5,5,1024,42.285,383.593
terrain-007451,5,5,1024,42.371,383.259
terrain-007452,5,5,1024,89.646,12270.8
terrain-007453,5,5,1024,42.171,97.8961
terrain-007454,5,5,1024,89.449,12454.2
terrain-007455,5,5,1024,59.478,2275.17
terrain-007456,5,5,1024,42.223,98.1301
terrain-007457,5,5,1024,42.286,114.908
terrain-007458,5,5,1024,42.124,98.52
terrain-007459,5,5,1024,91.963,11517.9
terrain-007460,5,5,1024,42.18,77.0022
terrain-007461,5,5,1024,42.271,101.214
terrain-007462,5,5,1024,42.06,72.1056
terrain-007463,5,5,1024,42.11,74.5701
terrain-007464,5,5,1024,79.152,44169.2
terrain-007465,5,5,1024,42.348,552.799
terrain-007466,5,5,1024,90.541,20350
terrain-007467,5,5,1024,42.185,142.915
terrain-007468,5,5,1024,90.388,20601.4
terrain-007469,5,5,1024,42.282,182.737
terrain-007470,5,5,1024,42.085,137.747
terrain-007471,5,5,1024,42.133,142.419
terrain-007472,5,5,1024,86.039,16177.1
terrain-007473,5,5,1024,42.109,130.301
terrain-007474,5,5,1024,42.16,134.723
terrain-007475,5,5,1024,42.214,135.167
terrain-007476,5,5,1024,84.029,26286.8
terrain-007477,5,5,1024,87.057,30437.6
terrain-007478,5,5,1024,42.116,228.868
terrain-007479,5,5,1024,42.165,236.544
terrain-007480,5,5,1024,42.217,237.915
terrain-007481,5,5,1024,85.075,24224.2
terrain-007482,5,5,1024,42.23,236.427
terrain-007483,5,5,1024,42.286,237.798
terrain-007484,5,5,1024,88.373,11963.4
terrain-007485,5,5,1024,42.184,100.227
terrain-007486,5,5,1024,59.567,2321.16
terrain-007487,5,5,1024,42.236,100.361
terrain-007488,5,5,1024,42.298,117.366
terrain-007489,5,5,1024,42.137,100.95
terrain-007490,5,5,1024,42.19,78.3725
terrain-007491,5,5,1024,42.069,73.4012
terrain-007492,5,5,1024,42.119,75.918
terrain-007493,5,5,1024,78.568,41580.5
terrain-007494,5,5,1024,42.445,631.934
terrain-007495,5,5,1024,88.825,19493.9
terrain-007496,5,5,1024,42.202,147.696
terrain-007497,5,5,1024,42.301,189.033
terrain-007498,5,5,1024,42.101,142.545
terrain-007499,5,5,1024,42.15,147.406
terrain-007500,5,5,1024,42.128,134.594
terrain-007501,5,5,1024,42.18,139.187
terrain-007502,5,5,1024,82.472,24856.5
terrain-007503,5,5,1024,42.147,242.425
terrain-007504,5,5,1024,42.196,250.629
terrain-007505,5,5,1024,42.248,251.468
terrain-007506,5,5,1024,81.29,34906.1
terrain-007507,5,5,1024,42.287,417.772
terrain-007508,5,5,1024,42.343,420.098
terrain-007509,5,5,4,42.1,1.2305
terrain-007510,5,5,4,80.109,118.782
terrain-007511,5,5,4,42.193,1.19654
terrain-007512,5,5,4,42.251,1.23081
terrain-007513,5,5,4,77.014,148.408
terrain-007514,5,5,4,42.098,1.19627
terrain-007515,5,5,4,42.153,1.23052
terrain-007516,5,5,4,42.147,1.2308
terrain-007517,5,5,4,67.341,321.393
terrain-007518,5,5,4,66.96,310.822
terrain-007519,5,5,4,42.138,3.15189
terrain-007520,5,5,4,66.966,308.455
terrain-007521,5,5,4,63.201,368.528
terrain-007522,5,5,4,65.937,383.601
terrain-007523,5,5,4,78.656,168.67
terrain-007524,5,5,4,42.296,2.50708
terrain-007525,5,5,4,42.357,2.5237
terrain-007526,5,5,4,74.129,247.519
terrain-007527,5,5,4,74.929,257.525
terrain-007528,5,5,4,42.155,2.6586
terrain-007529,5,5,4,42.211,2.67246
terrain-007530,5,5,4,74.603,256.459
terrain-007531,5,5,4,42.144,2.52367
terrain-007532,5,5,4,69.929,332.492
terrain-007533,5,5,4,69.388,321.479
terrain-007534,5,5,4,42.096,2.67236
terrain-007535,5,5,4,69.007,319.807
terrain-007536,5,5,4,79.777,142.201
terrain-007537,5,5,4,42.256,1.69327
terrain-007538,5,5,4,42.315,1.72808
terrain-007539,5,5,4,76.105,190.127
terrain-007540,5,5,4,76.741,197.325
terrain-007541,5,5,4,42.119,1.69298
terrain-007542,5,5,4,42.173,1.72778
terrain-007543,5,5,4,77.028,201.145
terrain-007544,5,5,4,42.168,1.72807
terrain-007545,5,5,4,73.542,238.54
terrain-007546,5,5,4,42.099,1.72774
terrain-007547,5,5,4,64.134,367.255
terrain-007548,5,5,4,77.92,168.084
terrain-007549,5,5,4,42.511,3.19407
terrain-007550,5,5,4,42.567,3.1607
terrain-007551,5,5,4,73.143,246.972
terrain-007552,5,5,4,73.934,256.98
terrain-007553,5,5,4,42.105,2.64191
terrain-007554,5,5,4,42.163,2.65368
terrain-007555,5,5,4,73.543,255.176
terrain-007556,5,5,4,42.3,3.16065
terrain-007557,5,5,4,68.658,331.583
terrain-007558,5,5,4,68.184,320.309
terrain-007559,5,5,4,42.049,2.65358
terrain-007560,5,5,4,67.746,317.519
terrain-007561,5,5,4,64.516,381.936
terrain-007562,5,5,4,75.486,221.656
terrain-007563,5,5,4,76.217,230.353
terrain-007564,5,5,4,42.137,2.13659
terrain-007565,5,5,4,42.192,2.16534
terrain-007566,5,5,4,76.275,232.707
terrain-007567,5,5,4,42.186,2.16554
terrain-007568,5,5,4,72.207,288.55
terrain-007569,5,5,4,42.099,2.16527
terrain-007570,5,5,4,68.98,328.159
terrain-007571,5,5,4,79.558,157.774
terrain-007572,5,5,4,42.309,2.13681
terrain-007573,5,5,4,42.369,2.16556
terrain-007574,5,5,4,71.778,239.859
terrain-007575,5,5,4,72.536,249.535
terrain-007576,5,5,4,42.236,3.2011
terrain-007577,5,5,4,42.294,3.17202
terrain-007578,5,5,4,73.687,258.596
terrain-007579,5,5,4,42.271,3.1447
terrain-007580,5,5,4,67.064,319.29
terrain-007581,5,5,4,66.687,308.846
terrain-007582,5,5,4,42.157,3.17188
terrain-007583,5,5,4,67.841,322.612
terrain-007584,5,5,4,62.899,365.75
terrain-007585,5,5,4,71.018,319.32
terrain-007586,5,5,4,42.097,2.47903
terrain-007587,5,5,4,70.356,312.04
terrain-007588,5,5,4,67.304,366.767
terrain-007589,5,5,4,79.291,166.318
terrain-007590,5,5,4,42.348,2.45877
terrain-007591,5,5,4,42.408,2.47931
terrain-007592,5,5,4,74.84,239.933
terrain-007593,5,5,4,75.624,249.552
terrain-007594,5,5,4,42.149,2.45858
terrain-007595,5,5,4,42.204,2.47912
terrain-007596,5,5,4,75.62,251.205
terrain-007597,5,5,4,42.198,2.47928
terrain-007598,5,5,1024,43.272,65.6084
terrain-007599,5,5,1024,92.277,1696.23
terrain-007600,5,5,1024,93.333,941.516
terrain-007601,5,5,1024,43.331,66.0021
terrain-007602,5,5,1024,44.017,88.6743
terrain-007603,5,5,1024,93.281,1800.52
terrain-007604,5,5,1024,43.225,63.4744
terrain-007605,5,5,1024,88.69,1608.48
terrain-007606,5,5,1024,42.737,38.5645
terrain-007607,5,5,1024,43.131,52.0605
terrain-007608,5,5,1024,96.208,1854.57
terrain-007609,5,5,1024,42.632,37.167
terrain-007610,5,5,1024,73.343,1000.44
terrain-007611,5,5,1024,42.681,38.4298
terrain-007612,5,5,1024,76.234,1033.66
terrain-007613,5,5,1024,42.207,314.775
terrain-007614,5,5,1024,89.843,17591.2
terrain-007615,5,5,1024,42.158,119.544
terrain-007616,5,5,1024,89.784,18289.4
terrain-007617,5,5,1024,42.251,152.009
terrain-007618,5,5,1024,42.058,114.489
terrain-007619,5,5,1024,42.105,118.259
terrain-007620,5,5,1024,87.164,15176
terrain-007621,5,5,1024,42.079,109.297
terrain-007622,5,5,1024,42.129,112.904
terrain-007623,5,5,1024,42.182,114.075
terrain-007624,5,5,1024,90.069,1800.34
terrain-007625,5,5,1024,42.519,55.7252
terrain-007626,5,5,1024,42.885,80.3094
terrain-007627,5,5,1024,90.05,3599.44
terrain-007628,5,5,1024,95.362,3103.28
terrain-007629,5,5,1024,42.465,57.4511
terrain-007630,5,5,1024,67.991,1439.11
terrain-007631,5,5,1024,42.465,55.4443
terrain-007632,5,5,1024,71.4,1577.39
terrain-007633,5,5,1024,90.6,3515.33
terrain-007634,5,5,1024,42.274,40.9367
terrain-007635,5,5,1024,61.525,986.267
terrain-007636,5,5,1024,42.277,38.4298
terrain-007637,5,5,1024,66.096,1173.41
terrain-007638,5,5,1024,42.334,38.5646
terrain-007639,5,5,1024,42.622,59.3152
terrain-007640,5,5,1024,84.143,22633.5
terrain-007641,5,5,1024,85.987,25791.7
terrain-007642,5,5,1024,42.068,171.113
terrain-007643,5,5,1024,42.115,176.616
terrain-007644,5,5,1024,42.169,179.498
terrain-007645,5,5,1024,85.411,21818.7
terrain-007646,5,5,1024,42.163,176.551
terrain-007647,5,5,1024,42.219,179.431
terrain-007648,5,5,1024,89.505,6251.87
terrain-007649,5,5,1024,42.215,66.9861
terrain-007650,5,5,1024,89.544,6569.45
terrain-007651,5,5,1024,60.28,1534.55
terrain-007652,5,5,1024,42.263,69.235
terrain-007653,5,5,1024,62.349,1614.1
terrain-007654,5,5,1024,42.249,59.7098
terrain-007655,5,5,1024,42.424,82.2493
terrain-007656,5,5,1024,90.992,6345.38
terrain-007657,5,5,1024,42.154,48.9403
terrain-007658,5,5,1024,59.59,1214.47
terrain-007659,5,5,1024,42.208,49.1591
terrain-007660,5,5,1024,42.294,61.4563
terrain-007661,5,5,1024,42.154,56.1136
terrain-007662,5,5,1024,81.569,30192
terrain-007663,5,5,1024,42.138,245.96
terrain-007664,5,5,1024,42.194,251.583
terrain-007665,5,5,1024,42.248,251.439
terrain-007666,5,5,1024,89.194,10830.1
terrain-007667,5,5,1024,42.146,85.8415
terrain-007668,5,5,1024,89.09,11364.2
terrain-007669,5,5,1024,59.153,1982.73
terrain-007670,5,5,1024,42.199,86.5168
terrain-007671,5,5,1024,42.265,101.949
terrain-007672,5,5,1024,42.099,86.0216
terrain-007673,5,5,1024,92.573,10846.1
terrain-007674,5,5,1024,42.164,69.6643
terrain-007675,5,5,1024,42.255,91.0267
terrain-007676,5,5,1024,42.046,65.1747
terrain-007677,5,5,1024,42.096,67.3643
terrain-007678,5,5,1024,90.238,1880.62
terrain-007679,5,5,1024,42.544,58.7092
terrain-007680,5,5,1024,42.933,85.3679
terrain-007681,5,5,1024,90.198,3758.55
terrain-007682,5,5,1024,99.496,3594.92
terrain-007683,5,5,1024,42.496,60.8912
terrain-007684,5,5,1024,69.126,1574.42
terrain-007685,5,5,1024,42.491,58.5493
terrain-007686,5,5,1024,72.442,1693.86
terrain-007687,5,5,1024,90.767,3665.45
terrain-007688,5,5,1024,42.288,42.6538
terrain-007689,5,5,1024,61.873,1047.82
terrain-007690,5,5,1024,42.288,39.8964
terrain-007691,5,5,1024,66.57,1236.43
terrain-007692,5,5,1024,42.345,39.9706
terrain-007693,5,5,1024,42.645,62.0294
terrain-007694,5,5,1024,83.902,25162
terrain-007695,5,5,1024,86.224,28845.2
terrain-007696,5,5,1024,42.092,205.731
terrain-007697,5,5,1024,42.14,212.517
terrain-007698,5,5,1024,42.193,214.639
terrain-007699,5,5,1024,85.777,24009.3
terrain-007700,5,5,1024,42.198,212.424
terrain-007701,5,5,1024,42.254,214.545
terrain-007702,5,5,1024,89.727,6748.06
terrain-007703,5,5,1024,42.234,71.7098
terrain-007704,5,5,1024,89.698,6913.47
terrain-007705,5,5,1024,60.721,1689.36
terrain-007706,5,5,1024,42.282,74.1451
terrain-007707,5,5,1024,62.733,1736.27
terrain-007708,5,5,1024,42.261,63.149
terrain-007709,5,5,1024,42.444,87.5633
terrain-007710,5,5,1024,91.21,6660.94
terrain-007711,5,5,1024,42.162,51.3438
terrain-007712,5,5,1024,59.719,1282.11
terrain-007713,5,5,1024,42.216,51.4669
terrain-007714,5,5,1024,42.302,64.3747
terrain-007715,5,5,1024,42.167,59.3909
terrain-007716,5,5,1024,81.243,34465.3
terrain-007717,5,5,1024,42.182,321.626
terrain-007718,5,5,1024,42.238,326.507
terrain-007719,5,5,1024,42.309,326.267
terrain-007720,5,5,1024,89.426,11798.1
terrain-007721,5,5,1024,42.16,93.5202
terrain-007722,5,5,1024,89.263,12119.3
terrain-007723,5,5,1024,59.331,2170.31
terrain-007724,5,5,1024,42.213,93.929
terrain-007725,5,5,1024,42.276,110.241
terrain-007726,5,5,1024,42.113,93.9706
terrain-007727,5,5,1024,92.948,11517.5
terrain-007728,5,5,1024,42.172,74.3914
terrain-007729,5,5,1024,42.264,97.5791
terrain-007730,5,5,1024,42.053,69.6379
terrain-007731,5,5,1024,42.103,72.0039
terrain-007732,5,5,1024,78.561,40973.2
terrain-007733,5,5,1024,42.273,441.546
terrain-007734,5,5,1024,90.199,19469.7
terrain-007735,5,5,1024,42.172,134.174
terrain-007736,5,5,1024,90.082,19905
terrain-007737,5,5,1024,42.267,171.212
terrain-007738,5,5,1024,42.072,129.014
terrain-007739,5,5,1024,42.119,133.342
terrain-007740,5,5,1024,87.221,16243.2
terrain-007741,5,5,1024,42.096,122.459
terrain-007742,5,5,1024,42.146,126.573
terrain-007743,5,5,1024,42.199,127.323
terrain-007744,5,5,1024,89.904,7001.4
terrain-007745,5,5,1024,42.247,74.329
terrain-007746,5,5,1024,89.834,7073.3
terrain-007747,5,5,1024,61.004,1777.34
terrain-007748,5,5,1024,42.295,76.8693
terrain-007749,5,5,1024,62.98,1802.75
terrain-007750,5,5,1024,42.269,65.0205
terrain-007751,5,5,1024,42.457,90.4818
terrain-007752,5,5,1024,90.493,6684.14
terrain-007753,5,5,1024,42.168,52.6355
terrain-007754,5,5,1024,59.76,1317.48
terrain-007755,5,5,1024,42.222,52.7032
terrain-007756,5,5,1024,42.307,65.937
terrain-007757,5,5,1024,42.175,61.1765
terrain-007758,5,5,1024,81.939,36773.9
terrain-007759,5,5,1024,42.229,380.051
terrain-007760,5,5,1024,42.285,383.593
terrain-007761,5,5,1024,42.371,383.26
terrain-007762,5,5,1024,89.649,12271.6
terrain-007763,5,5,1024,42.171,97.8962
terrain-007764,5,5,1024,89.452,12454.9
terrain-007765,5,5,1024,59.479,2275.19
terrain-007766,5,5,1024,42.223,98.1302
terrain-007767,5,5,1024,42.286,114.908
terrain-007768,5,5,1024,42.124,98.52
terrain-007769,5,5,1024,91.968,11519.1
terrain-007770,5,5,1024,42.18,77.0023
terrain-007771,5,5,1024,42.271,101.214
terrain-007772,5,5,1024,42.06,72.1057
terrain-007773,5,5,1024,42.11,74.5701
terrain-007774,5,5,1024,79.159,44178.4
terrain-007775,5,5,1024,42.348,552.8
terrain-007776,5,5,1024,90.546,20352
terrain-007777,5,5,1024,42.185,142.915
terrain-007778,5,5,1024,90.393,20603.5
terrain-007779,5,5,1024,42.282,182.737
terrain-007780,5,5,1024,42.085,137.747
terrain-007781,5,5,1024,42.133,142.419
terrain-007782,5,5,1024,86.046,16179.5
terrain-007783,5,5,1024,42.109,130.301
terrain-007784,5,5,1024,42.16,134.723
terrain-007785,5,5,1024,42.214,135.167
terrain-007786,5,5,1024,84.034,26290.1
terrain-007787,5,5,1024,87.063,30442.1
terrain-007788,5,5,1024,42.116,228.869
terrain-007789,5,5,1024,42.165,236.544
terrain-007790,5,5,1024,42.217,237.915
terrain-007791,5,5,1024,85.085,24229.6
terrain-007792,5,5,1024,42.23,236.427
terrain-007793,5,5,1024,42.286,237.798
terrain-007794,5,5,1024,88.376,11964.1
terrain-007795,5,5,1024,42.184,100.227
terrain-007796,5,5,1024,59.567,2321.19
terrain-007797,5,5,1024,42.236,100.361
terrain-007798,5,5,1024,42.298,117.366
terrain-007799,5,5,1024,42.137,100.95
terrain-007800,5,5,1024,42.19,78.3726
terrain-007801,5,5,1024,42.069,73.4013
terrain-007802,5,5,1024,42.119,75.918
terrain-007803,5,5,1024,78.575,41588.7
terrain-007804,5,5,1024,42.445,631.936
terrain-007805,5,5,1024,88.829,19495.7
terrain-007806,5,5,1024,42.202,147.696
terrain-007807,5,5,1024,42.301,189.033
terrain-007808,5,5,1024,42.101,142.545
terrain-007809,5,5,1024,42.15,147.406
terrain-007810,5,5,1024,42.128,134.594
terrain-007811,5,5,1024,42.18,139.187
terrain-007812,5,5,1024,82.477,24859.5
terrain-007813,5,5,1024,42.147,242.426
terrain-007814,5,5,1024,42.196,250.629
terrain-007815,5,5,1024,42.248,251.468
terrain-007816,5,5,1024,81.296,34912
terrain-007817,5,5,1024,42.287,417.773
terrain-007818,5,5,1024,42.343,420.098
terrain-007819,6,6,4,81.729,207.504
terrain-007820,6,6,4,42.217,1.23089
terrain-007821,6,6,4,42.451,1.06659
terrain-007822,6,6,4,42.515,1.09373
terrain-007823,6,6,4,88.91,142.616
terrain-007824,6,6,4,42.312,1.19692
terrain-007825,6,6,4,42.371,1.2312
terrain-007826,6,6,4,42.326,1.09372
terrain-007827,6,6,4,84.75,176.996
terrain-007828,6,6,4,42.216,1.19664
terrain-007829,6,6,4,42.271,1.23092
terrain-007830,6,6,4,42.265,1.23119
terrain-007831,6,6,4,68.952,333.777
terrain-007832,6,6,4,69.893,335.87
terrain-007833,6,6,4,42.257,3.15194
terrain-007834,6,6,4,69.874,333.025
terrain-007835,6,6,4,64.542,381.907
terrain-007836,6,6,4,91.276,122.683
terrain-007837,6,6,4,42.89,2.39984
terrain-007838,6,6,4,42.946,2.37597
terrain-007839,6,6,4,67.921,405.024
terrain-007840,6,6,4,84.968,192.609
terrain-007841,6,6,4,84.95,199.111
terrain-007842,6,6,4,42.418,2.50724
terrain-007843,6,6,4,42.48,2.52386
terrain-007844,6,6,4,84.896,196.684
terrain-007845,6,6,4,42.536,2.3759
terrain-007846,6,6,4,78.766,276.116
terrain-007847,6,6,4,79.308,283.799
terrain-007848,6,6,4,42.274,2.65878
terrain-007849,6,6,4,42.331,2.67264
terrain-007850,6,6,4,78.924,282.463
terrain-007851,6,6,4,42.263,2.52383
terrain-007852,6,6,4,72.198,351.105
terrain-007853,6,6,4,73.133,353.621
terrain-007854,6,6,4,42.215,2.67254
terrain-007855,6,6,4,72.686,351.52
terrain-007856,6,6,4,87.356,166.446
terrain-007857,6,6,4,42.376,1.69361
terrain-007858,6,6,4,42.436,1.72843
terrain-007859,6,6,4,42.366,1.46905
terrain-007860,6,6,4,82.358,219.583
terrain-007861,6,6,4,82.789,225.744
terrain-007862,6,6,4,42.237,1.69332
terrain-007863,6,6,4,42.293,1.72813
terrain-007864,6,6,4,83.255,230.747
terrain-007865,6,6,4,42.287,1.72841
terrain-007866,6,6,4,78.037,266.366
terrain-007867,6,6,4,42.217,1.72809
terrain-007868,6,6,4,42.553,1.44384
terrain-007869,6,6,4,42.62,1.46907
terrain-007870,6,6,4,65.527,380.63
terrain-007871,6,6,4,83.758,190.342
terrain-007872,6,6,4,83.738,196.779
terrain-007873,6,6,4,42.637,3.19426
terrain-007874,6,6,4,42.694,3.16089
terrain-007875,6,6,4,85.35,201.606
terrain-007876,6,6,4,42.504,2.37086
terrain-007877,6,6,4,77.232,272.347
terrain-007878,6,6,4,77.773,279.973
terrain-007879,6,6,4,42.224,2.64204
terrain-007880,6,6,4,42.283,2.65381
terrain-007881,6,6,4,77.313,277.793
terrain-007882,6,6,4,42.422,3.16084
terrain-007883,6,6,4,70.421,345.267
terrain-007884,6,6,4,71.362,347.428
terrain-007885,6,6,4,42.167,2.65371
terrain-007886,6,6,4,70.851,344.072
terrain-007887,6,6,4,66,396.92
terrain-007888,6,6,4,81.001,251.81
terrain-007889,6,6,4,81.493,258.833
terrain-007890,6,6,4,42.256,2.13693
terrain-007891,6,6,4,42.312,2.16568
terrain-007892,6,6,4,81.618,261.797
terrain-007893,6,6,4,42.305,2.16588
terrain-007894,6,6,4,75.612,313.676
terrain-007895,6,6,4,76.341,317.141
terrain-007896,6,6,4,42.217,2.16561
terrain-007897,6,6,4,76.405,321.476
terrain-007898,6,6,4,92.498,119.485
terrain-007899,6,6,4,42.638,1.75417
terrain-007900,6,6,4,42.704,1.7735
terrain-007901,6,6,4,72.153,357.878
terrain-007902,6,6,4,86.583,182.512
terrain-007903,6,6,4,42.431,2.13715
terrain-007904,6,6,4,42.492,2.16591
terrain-007905,6,6,4,42.399,1.77346
terrain-007906,6,6,4,75.562,263.448
terrain-007907,6,6,4,76.092,270.874
terrain-007908,6,6,4,42.357,3.20123
terrain-007909,6,6,4,42.416,3.17214
terrain-007910,6,6,4,77.482,281.581
terrain-007911,6,6,4,42.393,3.14475
terrain-007912,6,6,4,68.656,331.533
terrain-007913,6,6,4,69.583,333.593
terrain-007914,6,6,4,42.278,3.172
terrain-007915,6,6,4,70.966,349.68
terrain-007916,6,6,4,64.221,378.964
terrain-007917,6,6,4,73.766,341.414
terrain-007918,6,6,4,74.614,344.094
terrain-007919,6,6,4,42.216,2.47927
terrain-007920,6,6,4,74.578,347.069
terrain-007921,6,6,4,91.875,122.069
terrain-007922,6,6,4,42.602,1.84563
terrain-007923,6,6,4,42.669,1.86115
terrain-007924,6,6,4,69.772,392.575
terrain-007925,6,6,4,85.993,191.158
terrain-007926,6,6,4,42.47,2.459
terrain-007927,6,6,4,42.532,2.47955
terrain-007928,6,6,4,42.348,1.86111
terrain-007929,6,6,4,79.892,269.909
terrain-007930,6,6,4,80.422,277.434
terrain-007931,6,6,4,42.268,2.45881
terrain-007932,6,6,4,42.324,2.47936
terrain-007933,6,6,4,80.446,279.437
terrain-007934,6,6,4,42.318,2.47951
terrain-007935,6,6,1024,101.148,582.484
terrain-007936,6,6,1024,43.411,65.6086
terrain-007937,6,6,1024,94.519,1735.08
terrain-007938,6,6,1024,101.141,1164.84
terrain-007939,6,6,1024,103.491,1102.37
terrain-007940,6,6,1024,43.472,66.0023
terrain-007941,6,6,1024,44.17,88.6747
terrain-007942,6,6,1024,101.126,2329.16
terrain-007943,6,6,1024,102.937,2091.65
terrain-007944,6,6,1024,43.364,63.4746
terrain-007945,6,6,1024,90.728,1643.5
terrain-007946,6,6,1024,101.586,1146.91
terrain-007947,6,6,1024,42.868,38.5658
terrain-007948,6,6,1024,43.27,52.0629
terrain-007949,6,6,1024,101.557,2292.81
terrain-007950,6,6,1024,107.063,2172.12
terrain-007951,6,6,1024,42.761,37.1682
terrain-007952,6,6,1024,74.124,1001.33
terrain-007953,6,6,1024,42.811,38.431
terrain-007954,6,6,1024,77.07,1034.61
terrain-007955,6,6,1024,102.343,2228.67
terrain-007956,6,6,1024,42.401,21.5911
terrain-007957,6,6,1024,62.373,595.717
terrain-007958,6,6,1024,42.455,22.3293
terrain-007959,6,6,1024,65.794,607.34
terrain-007960,6,6,1024,42.511,22.3747
terrain-007961,6,6,1024,42.72,30.2911
terrain-007962,6,6,1024,84.914,39351.4
terrain-007963,6,6,1024,42.329,314.756
terrain-007964,6,6,1024,98.856,20179
terrain-007965,6,6,1024,42.281,119.545
terrain-007966,6,6,1024,98.778,20964.1
terrain-007967,6,6,1024,42.377,152.01
terrain-007968,6,6,1024,42.179,114.49
terrain-007969,6,6,1024,42.227,118.26
terrain-007970,6,6,1024,97.045,17749.7
terrain-007971,6,6,1024,42.202,109.308
terrain-007972,6,6,1024,42.252,112.914
terrain-007973,6,6,1024,42.307,114.086
terrain-007974,6,6,1024,42.311,112.881
terrain-007975,6,6,1024,42.367,114.052
terrain-007976,6,6,1024,100.531,2136.13
terrain-007977,6,6,1024,42.646,55.7253
terrain-007978,6,6,1024,43.021,80.3097
terrain-007979,6,6,1024,100.505,4270.52
terrain-007980,6,6,1024,104.248,3534.62
terrain-007981,6,6,1024,42.592,57.4513
terrain-007982,6,6,1024,100.563,4393.43
terrain-007983,6,6,1024,68.646,1439.21
terrain-007984,6,6,1024,42.591,55.4444
terrain-007985,6,6,1024,72.127,1577.51
terrain-007986,6,6,1024,101.317,4168.17
terrain-007987,6,6,1024,42.397,40.9381
terrain-007988,6,6,1024,101.145,4277.77
terrain-007989,6,6,1024,62.1,987.124
terrain-007990,6,6,1024,42.4,38.4311
terrain-007991,6,6,1024,66.764,1174.62
terrain-007992,6,6,1024,42.459,38.5658
terrain-007993,6,6,1024,42.754,59.3183
terrain-007994,6,6,1024,102.697,4112.83
terrain-007995,6,6,1024,42.277,26.5963
terrain-007996,6,6,1024,60.125,713.407
terrain-007997,6,6,1024,42.336,27.2406
terrain-007998,6,6,1024,42.439,35.6879
terrain-007999,6,6,1024,42.264,29.1203
terrain-008000,6,6,1024,91.834,25814.2
terrain-008001,6,6,1024,93.275,29109.2
terrain-008002,6,6,1024,42.188,171.114
terrain-008003,6,6,1024,42.236,176.616
terrain-008004,6,6,1024,42.29,179.499
terrain-008005,6,6,1024,93.633,24991.7
terrain-008006,6,6,1024,42.286,176.575
terrain-008007,6,6,1024,42.344,179.456
terrain-008008,6,6,1024,42.422,179.361
terrain-008009,6,6,1024,99.468,7353.67
terrain-008010,6,6,1024,42.338,66.9863
terrain-008011,6,6,1024,99.585,7720.85
terrain-008012,6,6,1024,60.806,1534.65
terrain-008013,6,6,1024,42.386,69.2352
terrain-008014,6,6,1024,62.915,1614.22
terrain-008015,6,6,1024,42.372,59.71
terrain-008016,6,6,1024,42.552,82.2496
terrain-008017,6,6,1024,101.395,7432.92
terrain-008018,6,6,1024,42.277,48.9423
terrain-008019,6,6,1024,60.144,1215.77
terrain-008020,6,6,1024,42.331,49.1611
terrain-008021,6,6,1024,42.42,61.4596
terrain-008022,6,6,1024,42.276,56.1163
terrain-008023,6,6,1024,42.285,39.1648
terrain-008024,6,6,1024,42.382,52.0542
terrain-008025,6,6,1024,42.175,37.1645
terrain-008026,6,6,1024,42.229,39.0258
terrain-008027,6,6,1024,87.622,33745.2
terrain-008028,6,6,1024,42.259,245.959
terrain-008029,6,6,1024,42.316,251.58
terrain-008030,6,6,1024,42.371,251.484
terrain-008031,6,6,1024,98.662,12578.9
terrain-008032,6,6,1024,42.269,85.8418
terrain-008033,6,6,1024,98.556,13195.1
terrain-008034,6,6,1024,59.668,1982.89
terrain-008035,6,6,1024,42.322,86.5171
terrain-008036,6,6,1024,42.39,101.949
terrain-008037,6,6,1024,42.22,86.0219
terrain-008038,6,6,1024,103.248,12630
terrain-008039,6,6,1024,42.288,69.6683
terrain-008040,6,6,1024,42.382,91.0339
terrain-008041,6,6,1024,42.167,65.1783
terrain-008042,6,6,1024,42.218,67.3681
terrain-008043,6,6,1024,42.196,63.4591
terrain-008044,6,6,1024,42.25,65.5926
terrain-008045,6,6,1024,42.306,65.9862
terrain-008046,6,6,1024,93.396,19533.8
terrain-008047,6,6,1024,42.357,150.168
terrain-008048,6,6,1024,42.465,192.232
terrain-008049,6,6,1024,42.254,145.029
terrain-008050,6,6,1024,42.304,149.991
terrain-008051,6,6,1024,42.323,249.7
terrain-008052,6,6,1024,42.374,258.192
terrain-008053,6,6,1024,42.426,258.717
terrain-008054,6,6,1024,100.827,2233.48
terrain-008055,6,6,1024,42.672,58.7121
terrain-008056,6,6,1024,43.07,85.3743
terrain-008057,6,6,1024,100.771,4463.15
terrain-008058,6,6,1024,110.9,4203.69
terrain-008059,6,6,1024,42.624,60.8944
terrain-008060,6,6,1024,69.851,1576.58
terrain-008061,6,6,1024,42.618,58.5522
terrain-008062,6,6,1024,73.245,1696.37
terrain-008063,6,6,1024,101.373,4334.17
terrain-008064,6,6,1024,42.412,42.6554
terrain-008065,6,6,1024,62.464,1048.83
terrain-008066,6,6,1024,42.412,39.8978
terrain-008067,6,6,1024,67.256,1237.83
terrain-008068,6,6,1024,42.47,39.972
terrain-008069,6,6,1024,42.777,62.0329
terrain-008070,6,6,1024,42.282,27.2905
terrain-008071,6,6,1024,42.341,27.9346
terrain-008072,6,6,1024,42.27,29.9788
terrain-008073,6,6,1024,92.308,29003.8
terrain-008074,6,6,1024,94.452,32976.5
terrain-008075,6,6,1024,42.214,205.767
terrain-008076,6,6,1024,42.262,212.554
terrain-008077,6,6,1024,42.316,214.676
terrain-008078,6,6,1024,93.671,27251.4
terrain-008079,6,6,1024,42.323,212.461
terrain-008080,6,6,1024,42.381,214.582
terrain-008081,6,6,1024,99.857,7944.03
terrain-008082,6,6,1024,42.358,71.7142
terrain-008083,6,6,1024,99.993,8146.48
terrain-008084,6,6,1024,61.296,1691.85
terrain-008085,6,6,1024,42.406,74.1497
terrain-008086,6,6,1024,63.35,1738.89
terrain-008087,6,6,1024,42.384,63.1523
terrain-008088,6,6,1024,42.572,87.5699
terrain-008089,6,6,1024,101.454,7771.27
terrain-008090,6,6,1024,42.285,51.3462
terrain-008091,6,6,1024,60.286,1283.61
terrain-008092,6,6,1024,42.339,51.4692
terrain-008093,6,6,1024,42.428,64.3785
terrain-008094,6,6,1024,42.289,59.3941
terrain-008095,6,6,1024,42.29,40.6157
terrain-008096,6,6,1024,42.179,38.5743
terrain-008097,6,6,1024,42.234,40.539
terrain-008098,6,6,1024,88.125,39054.9
terrain-008099,6,6,1024,87.78,40035.9
terrain-008100,6,6,1024,42.305,321.706
terrain-008101,6,6,1024,42.362,326.586
terrain-008102,6,6,1024,86.532,31870.7
terrain-008103,6,6,1024,42.435,326.347
terrain-008104,6,6,1024,99.263,13749.2
terrain-008105,6,6,1024,42.283,93.5275
terrain-008106,6,6,1024,99.187,14146.4
terrain-008107,6,6,1024,59.897,2174.4
terrain-008108,6,6,1024,42.336,93.9363
terrain-008109,6,6,1024,42.402,110.252
terrain-008110,6,6,1024,42.234,93.9783
terrain-008111,6,6,1024,103.41,13335.4
terrain-008112,6,6,1024,42.297,74.3962
terrain-008113,6,6,1024,42.392,97.5877
terrain-008114,6,6,1024,42.175,69.6423
terrain-008115,6,6,1024,42.225,72.0084
terrain-008116,6,6,1024,42.205,67.683
terrain-008117,6,6,1024,42.26,69.983
terrain-008118,6,6,1024,42.316,70.2119
terrain-008119,6,6,1024,84.988,46515.3
terrain-008120,6,6,1024,42.397,441.663
terrain-008121,6,6,1024,99.889,22491.8
terrain-008122,6,6,1024,42.295,134.189
terrain-008123,6,6,1024,99.843,23020.6
terrain-008124,6,6,1024,42.394,171.237
terrain-008125,6,6,1024,42.194,129.029
terrain-008126,6,6,1024,42.242,133.357
terrain-008127,6,6,1024,96.832,18875.3
terrain-008128,6,6,1024,42.219,122.473
terrain-008129,6,6,1024,42.27,126.587
terrain-008130,6,6,1024,42.324,127.337
terrain-008131,6,6,1024,42.336,126.543
terrain-008132,6,6,1024,42.392,127.293
terrain-008133,6,6,1024,100.102,8244.01
terrain-008134,6,6,1024,42.371,74.3342
terrain-008135,6,6,1024,100.129,8328.98
terrain-008136,6,6,1024,61.596,1780.33
terrain-008137,6,6,1024,42.42,76.8747
terrain-008138,6,6,1024,63.611,1805.82
terrain-008139,6,6,1024,42.393,65.0243
terrain-008140,6,6,1024,42.586,90.4895
terrain-008141,6,6,1024,100.416,7772.81
terrain-008142,6,6,1024,42.291,52.6381
terrain-008143,6,6,1024,60.334,1319.18
terrain-008144,6,6,1024,42.346,52.7058
terrain-008145,6,6,1024,42.434,65.9413
terrain-008146,6,6,1024,42.298,61.1802
terrain-008147,6,6,1024,88.619,41343.3
terrain-008148,6,6,1024,88.24,42368.8
terrain-008149,6,6,1024,42.354,380.174
terrain-008150,6,6,1024,42.411,383.713
terrain-008151,6,6,1024,85.173,31908.5
terrain-008152,6,6,1024,42.499,383.38
terrain-008153,6,6,1024,99.469,14277.3
terrain-008154,6,6,1024,42.294,97.9049
terrain-008155,6,6,1024,99.303,14504.5
terrain-008156,6,6,1024,60.06,2280.07
terrain-008157,6,6,1024,42.348,98.1388
terrain-008158,6,6,1024,42.412,114.92
terrain-008159,6,6,1024,42.246,98.5291
terrain-008160,6,6,1024,101.94,13266.9
terrain-008161,6,6,1024,42.305,77.0078
terrain-008162,6,6,1024,42.399,101.224
terrain-008163,6,6,1024,42.181,72.1107
terrain-008164,6,6,1024,42.232,74.5754
terrain-008165,6,6,1024,85.346,49700
terrain-008166,6,6,1024,42.476,553.005
terrain-008167,6,6,1024,100.105,23412.5
terrain-008168,6,6,1024,42.309,142.933
terrain-008169,6,6,1024,99.978,23716.8
terrain-008170,6,6,1024,42.41,182.768
terrain-008171,6,6,1024,42.207,137.765
terrain-008172,6,6,1024,42.256,142.437
terrain-008173,6,6,1024,95.054,18664.2
terrain-008174,6,6,1024,42.234,130.318
terrain-008175,6,6,1024,42.285,134.74
terrain-008176,6,6,1024,42.34,135.184
terrain-008177,6,6,1024,76.937,43777.6
terrain-008178,6,6,1024,92.208,30119.4
terrain-008179,6,6,1024,95.159,34590.8
terrain-008180,6,6,1024,42.239,228.917
terrain-008181,6,6,1024,42.288,236.594
terrain-008182,6,6,1024,42.341,237.965
terrain-008183,6,6,1024,92.489,27284.4
terrain-008184,6,6,1024,42.356,236.477
terrain-008185,6,6,1024,42.415,237.847
terrain-008186,6,6,1024,98.105,13947.6
terrain-008187,6,6,1024,42.308,100.24
terrain-008188,6,6,1024,98.075,14123.7
terrain-008189,6,6,1024,60.173,2328.01
terrain-008190,6,6,1024,42.361,100.373
terrain-008191,6,6,1024,42.425,117.383
terrain-008192,6,6,1024,42.259,100.963
terrain-008193,6,6,1024,99.49,12636
terrain-008194,6,6,1024,42.315,78.3767
terrain-008195,6,6,1024,42.411,103.121
terrain-008196,6,6,1024,42.191,73.4051
terrain-008197,6,6,1024,42.242,75.9219
terrain-008198,6,6,1024,84.772,46870
terrain-008199,6,6,1024,42.576,632.327
terrain-008200,6,6,1024,98.13,22439.1
terrain-008201,6,6,1024,42.327,147.722
terrain-008202,6,6,1024,98.104,22665.7
terrain-008203,6,6,1024,42.429,189.078
terrain-008204,6,6,1024,42.225,142.57
terrain-008205,6,6,1024,42.274,147.433
terrain-008206,6,6,1024,92.324,17441.4
terrain-008207,6,6,1024,42.253,134.607
terrain-008208,6,6,1024,42.305,139.201
terrain-008209,6,6,1024,42.36,139.46
terrain-008210,6,6,1024,76.975,41622.2
terrain-008211,6,6,1024,90.323,28447.1
terrain-008212,6,6,1024,94.31,33153.9
terrain-008213,6,6,1024,42.27,242.499
terrain-008214,6,6,1024,42.32,250.705
terrain-008215,6,6,1024,42.373,251.543
terrain-008216,6,6,1024,91.033,25702
terrain-008217,6,6,1024,42.397,250.57
terrain-008218,6,6,1024,42.455,251.409
terrain-008219,6,6,1024,87.969,39313.1
terrain-008220,6,6,1024,87.589,40288.7
terrain-008221,6,6,1024,42.414,417.975
terrain-008222,6,6,1024,42.471,420.297
terrain-008223,6,6,1024,84.005,29811.8
terrain-008224,6,6,1024,42.574,419.891
terrain-008225,6,6,4,81.055,203.774
terrain-008226,6,6,4,42.217,1.23065
terrain-008227,6,6,4,42.451,1.0664
terrain-008228,6,6,4,42.515,1.09353
terrain-008229,6,6,4,87.586,138.661
terrain-008230,6,6,4,42.312,1.19668
terrain-008231,6,6,4,42.371,1.23095
terrain-008232,6,6,4,42.326,1.09352
terrain-008233,6,6,4,83.371,171.351
terrain-008234,6,6,4,42.216,1.19641
terrain-008235,6,6,4,42.271,1.23067
terrain-008236,6,6,4,42.265,1.23094
terrain-008237,6,6,4,70.737,354.285
terrain-008238,6,6,4,70.461,343.169
terrain-008239,6,6,4,42.257,3.15227
terrain-008240,6,6,4,70.416,339.97
terrain-008241,6,6,4,65.815,401.856
terrain-008242,6,6,4,91.411,123.049
terrain-008243,6,6,4,42.89,2.40007
terrain-008244,6,6,4,42.946,2.37619
terrain-008245,6,6,4,69.564,429.107
terrain-008246,6,6,4,85.627,195.549
terrain-008247,6,6,4,85.61,202.155
terrain-008248,6,6,4,42.418,2.5075
terrain-008249,6,6,4,42.48,2.52412
terrain-008250,6,6,4,85.874,201.067
terrain-008251,6,6,4,42.536,2.37612
terrain-008252,6,6,4,79.762,283.466
terrain-008253,6,6,4,80.72,294.15
terrain-008254,6,6,4,42.274,2.65909
terrain-008255,6,6,4,42.332,2.67294
terrain-008256,6,6,4,80.294,292.568
terrain-008257,6,6,4,42.263,2.52409
terrain-008258,6,6,4,74.405,375.183
terrain-008259,6,6,4,73.905,362.849
terrain-008260,6,6,4,42.215,2.67285
terrain-008261,6,6,4,73.421,360.434
terrain-008262,6,6,4,87.102,165.557
terrain-008263,6,6,4,42.376,1.69349
terrain-008264,6,6,4,42.436,1.72831
terrain-008265,6,6,4,42.366,1.46896
terrain-008266,6,6,4,82.19,218.704
terrain-008267,6,6,4,82.951,226.537
terrain-008268,6,6,4,42.237,1.6932
terrain-008269,6,6,4,42.293,1.72801
terrain-008270,6,6,4,83.425,231.583
terrain-008271,6,6,4,42.287,1.72829
terrain-008272,6,6,4,78.838,271.745
terrain-008273,6,6,4,42.217,1.72797
terrain-008274,6,6,4,42.553,1.44376
terrain-008275,6,6,4,42.619,1.46898
terrain-008276,6,6,4,66.879,400.929
terrain-008277,6,6,4,84.551,193.932
terrain-008278,6,6,4,84.533,200.495
terrain-008279,6,6,4,42.637,3.19471
terrain-008280,6,6,4,42.694,3.16132
terrain-008281,6,6,4,86.274,205.799
terrain-008282,6,6,4,42.504,2.37101
terrain-008283,6,6,4,78.373,281.003
terrain-008284,6,6,4,79.315,291.612
terrain-008285,6,6,4,42.224,2.64236
terrain-008286,6,6,4,42.283,2.65414
terrain-008287,6,6,4,78.804,289.104
terrain-008288,6,6,4,42.422,3.16127
terrain-008289,6,6,4,72.685,371.063
terrain-008290,6,6,4,72.28,358.711
terrain-008291,6,6,4,42.167,2.65404
terrain-008292,6,6,4,71.725,354.937
terrain-008293,6,6,4,67.704,423.332
terrain-008294,6,6,4,81.419,254.506
terrain-008295,6,6,4,82.294,263.879
terrain-008296,6,6,4,42.256,2.1369
terrain-008297,6,6,4,42.312,2.16565
terrain-008298,6,6,4,82.433,266.971
terrain-008299,6,6,4,42.306,2.16585
terrain-008300,6,6,4,77.17,327.297
terrain-008301,6,6,4,76.528,319.367
terrain-008302,6,6,4,42.217,2.16558
terrain-008303,6,6,4,76.599,323.792
terrain-008304,6,6,4,92.333,119.133
terrain-008305,6,6,4,42.638,1.75415
terrain-008306,6,6,4,42.704,1.77348
terrain-008307,6,6,4,73.207,369.601
terrain-008308,6,6,4,86.807,183.454
terrain-008309,6,6,4,42.431,2.13712
terrain-008310,6,6,4,42.492,2.16588
terrain-008311,6,6,4,42.399,1.77344
terrain-008312,6,6,4,76.582,271.299
terrain-008313,6,6,4,77.482,281.502
terrain-008314,6,6,4,42.358,3.20173
terrain-008315,6,6,4,42.416,3.17263
terrain-008316,6,6,4,78.678,290.686
terrain-008317,6,6,4,42.393,3.14503
terrain-008318,6,6,4,70.664,354.846
terrain-008319,6,6,4,70.377,343.627
terrain-008320,6,6,4,42.277,3.1725
terrain-008321,6,6,4,71.543,357.181
terrain-008322,6,6,4,65.7,402.481
terrain-008323,6,6,4,75.727,361.168
terrain-008324,6,6,4,75.143,350.172
terrain-008325,6,6,4,42.216,2.47943
terrain-008326,6,6,4,75.091,353.059
terrain-008327,6,6,4,91.866,122.084
terrain-008328,6,6,4,42.602,1.84571
terrain-008329,6,6,4,42.669,1.86123
terrain-008330,6,6,4,71.198,411.49
terrain-008331,6,6,4,86.458,193.183
terrain-008332,6,6,4,42.47,2.45916
terrain-008333,6,6,4,42.532,2.4797
terrain-008334,6,6,4,42.348,1.86119
terrain-008335,6,6,4,80.639,275.159
terrain-008336,6,6,4,81.577,285.465
terrain-008337,6,6,4,42.268,2.45898
terrain-008338,6,6,4,42.324,2.47952
terrain-008339,6,6,4,81.589,287.444
terrain-008340,6,6,4,42.318,2.47967
terrain-008341,6,6,1024,101.28,583.758
terrain-008342,6,6,1024,43.411,65.6084
terrain-008343,6,6,1024,94.516,1734.96
terrain-008344,6,6,1024,101.273,1167.39
terrain-008345,6,6,1024,103.587,1104.03
terrain-008346,6,6,1024,43.472,66.0022
terrain-008347,6,6,1024,44.17,88.6744
terrain-008348,6,6,1024,101.258,2334.25
terrain-008349,6,6,1024,103.023,2094.51
terrain-008350,6,6,1024,43.364,63.4745
terrain-008351,6,6,1024,90.726,1643.39
terrain-008352,6,6,1024,101.532,1146.08
terrain-008353,6,6,1024,42.868,38.5646
terrain-008354,6,6,1024,43.27,52.0605
terrain-008355,6,6,1024,101.503,2291.16
terrain-008356,6,6,1024,106.972,2169.45
terrain-008357,6,6,1024,42.761,37.167
terrain-008358,6,6,1024,74.093,1000.46
terrain-008359,6,6,1024,42.811,38.4298
terrain-008360,6,6,1024,77.035,1033.68
terrain-008361,6,6,1024,102.24,2225.22
terrain-008362,6,6,1024,42.4,21.5906
terrain-008363,6,6,1024,62.36,595.382
terrain-008364,6,6,1024,42.455,22.3288
terrain-008365,6,6,1024,65.778,606.991
terrain-008366,6,6,1024,42.511,22.3742
terrain-008367,6,6,1024,42.72,30.2903
terrain-008368,6,6,1024,84.257,39016.4
terrain-008369,6,6,1024,42.327,314.775
terrain-008370,6,6,1024,98.85,20241.6
terrain-008371,6,6,1024,42.279,119.544
terrain-008372,6,6,1024,98.726,21015.2
terrain-008373,6,6,1024,42.375,152.009
terrain-008374,6,6,1024,42.177,114.489
terrain-008375,6,6,1024,42.225,118.259
terrain-008376,6,6,1024,95.531,17448.7
terrain-008377,6,6,1024,42.199,109.297
terrain-008378,6,6,1024,42.249,112.904
terrain-008379,6,6,1024,42.303,114.075
terrain-008380,6,6,1024,42.306,112.869
terrain-008381,6,6,1024,42.362,114.04
terrain-008382,6,6,1024,100.528,2136.08
terrain-008383,6,6,1024,42.646,55.7252
terrain-008384,6,6,1024,43.02,80.3094
terrain-008385,6,6,1024,100.502,4270.41
terrain-008386,6,6,1024,104.182,3530.99
terrain-008387,6,6,1024,42.592,57.4512
terrain-008388,6,6,1024,100.594,4395.69
terrain-008389,6,6,1024,68.644,1439.13
terrain-008390,6,6,1024,42.591,55.4443
terrain-008391,6,6,1024,72.114,1577.41
terrain-008392,6,6,1024,101.095,4154.35
terrain-008393,6,6,1024,42.397,40.9367
terrain-008394,6,6,1024,101.013,4269.49
terrain-008395,6,6,1024,62.081,986.279
terrain-008396,6,6,1024,42.4,38.4298
terrain-008397,6,6,1024,66.73,1173.42
terrain-008398,6,6,1024,42.458,38.5646
terrain-008399,6,6,1024,42.754,59.3152
terrain-008400,6,6,1024,102.494,4102.06
terrain-008401,6,6,1024,42.276,26.5957
terrain-008402,6,6,1024,60.107,712.926
terrain-008403,6,6,1024,42.336,27.2399
terrain-008404,6,6,1024,42.438,35.6867
terrain-008405,6,6,1024,42.263,29.1195
terrain-008406,6,6,1024,91.556,25889.8
terrain-008407,6,6,1024,93.531,29379
terrain-008408,6,6,1024,42.187,171.113
terrain-008409,6,6,1024,42.235,176.616
terrain-008410,6,6,1024,42.289,179.498
terrain-008411,6,6,1024,92.285,24605.4
terrain-008412,6,6,1024,42.283,176.551
terrain-008413,6,6,1024,42.34,179.431
terrain-008414,6,6,1024,42.417,179.335
terrain-008415,6,6,1024,99.553,7364.4
terrain-008416,6,6,1024,42.338,66.9862
terrain-008417,6,6,1024,99.595,7722.4
terrain-008418,6,6,1024,60.805,1534.57
terrain-008419,6,6,1024,42.386,69.235
terrain-008420,6,6,1024,62.914,1614.12
terrain-008421,6,6,1024,42.372,59.7098
terrain-008422,6,6,1024,42.552,82.2493
terrain-008423,6,6,1024,101.218,7419.09
terrain-008424,6,6,1024,42.276,48.9403
terrain-008425,6,6,1024,60.118,1214.49
terrain-008426,6,6,1024,42.33,49.1591
terrain-008427,6,6,1024,42.42,61.4563
terrain-008428,6,6,1024,42.276,56.1136
terrain-008429,6,6,1024,42.284,39.1634
terrain-008430,6,6,1024,42.38,52.0517
terrain-008431,6,6,1024,42.173,37.1632
terrain-008432,6,6,1024,42.228,39.0244
terrain-008433,6,6,1024,87.381,33795.1
terrain-008434,6,6,1024,42.257,245.96
terrain-008435,6,6,1024,42.314,251.583
terrain-008436,6,6,1024,42.368,251.439
terrain-008437,6,6,1024,98.74,12603.9
terrain-008438,6,6,1024,42.268,85.8415
terrain-008439,6,6,1024,98.58,13209.4
terrain-008440,6,6,1024,59.661,1982.74
terrain-008441,6,6,1024,42.321,86.5168
terrain-008442,6,6,1024,42.389,101.949
terrain-008443,6,6,1024,42.219,86.0217
terrain-008444,6,6,1024,102.539,12545.6
terrain-008445,6,6,1024,42.285,69.6643
terrain-008446,6,6,1024,42.38,91.0267
terrain-008447,6,6,1024,42.166,65.1747
terrain-008448,6,6,1024,42.216,67.3643
terrain-008449,6,6,1024,42.193,63.4553
terrain-008450,6,6,1024,42.247,65.5887
terrain-008451,6,6,1024,42.303,65.9823
terrain-008452,6,6,1024,92.933,19438.5
terrain-008453,6,6,1024,42.355,150.162
terrain-008454,6,6,1024,42.463,192.221
terrain-008455,6,6,1024,42.252,145.023
terrain-008456,6,6,1024,42.302,149.985
terrain-008457,6,6,1024,42.321,249.683
terrain-008458,6,6,1024,42.372,258.175
terrain-008459,6,6,1024,42.424,258.7
terrain-008460,6,6,1024,100.693,2229.49
terrain-008461,6,6,1024,42.672,58.7093
terrain-008462,6,6,1024,43.069,85.368
terrain-008463,6,6,1024,100.638,4455.19
terrain-008464,6,6,1024,110.553,4184.47
terrain-008465,6,6,1024,42.623,60.8912
terrain-008466,6,6,1024,69.808,1574.44
terrain-008467,6,6,1024,42.618,58.5493
terrain-008468,6,6,1024,73.182,1693.88
terrain-008469,6,6,1024,101.245,4326.83
terrain-008470,6,6,1024,42.411,42.6538
terrain-008471,6,6,1024,62.443,1047.84
terrain-008472,6,6,1024,42.412,39.8964
terrain-008473,6,6,1024,67.218,1236.45
terrain-008474,6,6,1024,42.47,39.9706
terrain-008475,6,6,1024,42.777,62.0294
terrain-008476,6,6,1024,42.281,27.2898
terrain-008477,6,6,1024,42.34,27.9339
terrain-008478,6,6,1024,42.269,29.9779
terrain-008479,6,6,1024,90.928,28562.6
terrain-008480,6,6,1024,93.439,32603.4
terrain-008481,6,6,1024,42.212,205.731
terrain-008482,6,6,1024,42.26,212.517
terrain-008483,6,6,1024,42.314,214.639
terrain-008484,6,6,1024,92.356,26877.8
terrain-008485,6,6,1024,42.319,212.424
terrain-008486,6,6,1024,42.376,214.545
terrain-008487,6,6,1024,99.723,7931.78
terrain-008488,6,6,1024,42.357,71.7098
terrain-008489,6,6,1024,99.7,8112.36
terrain-008490,6,6,1024,61.263,1689.38
terrain-008491,6,6,1024,42.405,74.1451
terrain-008492,6,6,1024,63.313,1736.28
terrain-008493,6,6,1024,42.384,63.149
terrain-008494,6,6,1024,42.572,87.5633
terrain-008495,6,6,1024,101.382,7771.32
terrain-008496,6,6,1024,42.284,51.3439
terrain-008497,6,6,1024,60.257,1282.12
terrain-008498,6,6,1024,42.338,51.4669
terrain-008499,6,6,1024,42.428,64.3748
terrain-008500,6,6,1024,42.289,59.3909
terrain-008501,6,6,1024,42.289,40.6141
terrain-008502,6,6,1024,42.177,38.5728
terrain-008503,6,6,1024,42.232,40.5374
terrain-008504,6,6,1024,86.51,38136.5
terrain-008505,6,6,1024,86.195,39107.9
terrain-008506,6,6,1024,42.302,321.626
terrain-008507,6,6,1024,42.359,326.507
terrain-008508,6,6,1024,85.127,31261.2
terrain-008509,6,6,1024,42.432,326.268
terrain-008510,6,6,1024,98.846,13677.2
terrain-008511,6,6,1024,42.282,93.5202
terrain-008512,6,6,1024,98.637,14040.7
terrain-008513,6,6,1024,59.852,2170.32
terrain-008514,6,6,1024,42.335,93.929
terrain-008515,6,6,1024,42.401,110.241
terrain-008516,6,6,1024,42.234,93.9706
terrain-008517,6,6,1024,102.798,13272.8
terrain-008518,6,6,1024,42.294,74.3915
terrain-008519,6,6,1024,42.39,97.5792
terrain-008520,6,6,1024,42.174,69.6379
terrain-008521,6,6,1024,42.224,72.0039
terrain-008522,6,6,1024,42.201,67.6783
terrain-008523,6,6,1024,42.256,69.9782
terrain-008524,6,6,1024,42.313,70.2072
terrain-008525,6,6,1024,82.817,44735.5
terrain-008526,6,6,1024,42.393,441.546
terrain-008527,6,6,1024,98.966,22262.6
terrain-008528,6,6,1024,42.293,134.174
terrain-008529,6,6,1024,98.8,22741.6
terrain-008530,6,6,1024,42.392,171.212
terrain-008531,6,6,1024,42.191,129.014
terrain-008532,6,6,1024,42.24,133.342
terrain-008533,6,6,1024,95.358,18582.3
terrain-008534,6,6,1024,42.216,122.459
terrain-008535,6,6,1024,42.267,126.573
terrain-008536,6,6,1024,42.321,127.323
terrain-008537,6,6,1024,42.33,126.527
terrain-008538,6,6,1024,42.387,127.278
terrain-008539,6,6,1024,99.836,8214.04
terrain-008540,6,6,1024,42.37,74.329
terrain-008541,6,6,1024,99.774,8286.35
terrain-008542,6,6,1024,61.558,1777.36
terrain-008543,6,6,1024,42.419,76.8693
terrain-008544,6,6,1024,63.569,1802.77
terrain-008545,6,6,1024,42.393,65.0205
terrain-008546,6,6,1024,42.586,90.4818
terrain-008547,6,6,1024,99.905,7715.73
terrain-008548,6,6,1024,42.291,52.6355
terrain-008549,6,6,1024,60.302,1317.5
terrain-008550,6,6,1024,42.345,52.7032
terrain-008551,6,6,1024,42.434,65.9371
terrain-008552,6,6,1024,42.297,61.1766
terrain-008553,6,6,1024,86.928,40365.4
terrain-008554,6,6,1024,86.58,41380.6
terrain-008555,6,6,1024,42.35,380.051
terrain-008556,6,6,1024,42.407,383.594
terrain-008557,6,6,1024,83.166,30840.6
terrain-008558,6,6,1024,42.495,383.262
terrain-008559,6,6,1024,98.941,14179.6
terrain-008560,6,6,1024,42.293,97.8962
terrain-008561,6,6,1024,98.706,14387.8
terrain-008562,6,6,1024,60.008,2275.21
terrain-008563,6,6,1024,42.346,98.1302
terrain-008564,6,6,1024,42.412,114.908
terrain-008565,6,6,1024,42.245,98.52
terrain-008566,6,6,1024,100.791,13085.6
terrain-008567,6,6,1024,42.302,77.0023
terrain-008568,6,6,1024,42.397,101.214
terrain-008569,6,6,1024,42.18,72.1057
terrain-008570,6,6,1024,42.231,74.5702
terrain-008571,6,6,1024,83.05,47740.8
terrain-008572,6,6,1024,42.471,552.801
terrain-008573,6,6,1024,99.089,23150
terrain-008574,6,6,1024,42.307,142.915
terrain-008575,6,6,1024,98.899,23426.5
terrain-008576,6,6,1024,42.408,182.737
terrain-008577,6,6,1024,42.205,137.747
terrain-008578,6,6,1024,42.254,142.419
terrain-008579,6,6,1024,93.091,18192.7
terrain-008580,6,6,1024,42.23,130.302
terrain-008581,6,6,1024,42.282,134.723
terrain-008582,6,6,1024,42.336,135.167
terrain-008583,6,6,1024,75.519,42321.3
terrain-008584,6,6,1024,90.773,29653.6
terrain-008585,6,6,1024,94.115,34215.5
terrain-008586,6,6,1024,42.237,228.869
terrain-008587,6,6,1024,42.286,236.544
terrain-008588,6,6,1024,42.339,237.915
terrain-008589,6,6,1024,90.538,26562.1
terrain-008590,6,6,1024,42.352,236.428
terrain-008591,6,6,1024,42.409,237.799
terrain-008592,6,6,1024,96.974,13706.3
terrain-008593,6,6,1024,42.306,100.232
terrain-008594,6,6,1024,97.132,13921.6
terrain-008595,6,6,1024,60.123,2323.61
terrain-008596,6,6,1024,42.359,100.365
terrain-008597,6,6,1024,42.424,117.372
terrain-008598,6,6,1024,42.259,100.955
terrain-008599,6,6,1024,98.67,12520.1
terrain-008600,6,6,1024,42.313,78.375
terrain-008601,6,6,1024,42.409,103.118
terrain-008602,6,6,1024,42.19,73.4035
terrain-008603,6,6,1024,42.241,75.9203
terrain-008604,6,6,1024,82.234,44656
terrain-008605,6,6,1024,42.57,632.106
terrain-008606,6,6,1024,96.601,21968.8
terrain-008607,6,6,1024,42.325,147.706
terrain-008608,6,6,1024,96.72,22244.4
terrain-008609,6,6,1024,42.427,189.049
terrain-008610,6,6,1024,42.222,142.554
terrain-008611,6,6,1024,42.272,147.416
terrain-008612,6,6,1024,91.011,17171.7
terrain-008613,6,6,1024,42.249,134.602
terrain-008614,6,6,1024,42.302,139.195
terrain-008615,6,6,1024,42.356,139.455
terrain-008616,6,6,1024,75.359,39966.3
terrain-008617,6,6,1024,88.594,27787
terrain-008618,6,6,1024,92.947,32557.4
terrain-008619,6,6,1024,42.268,242.452
terrain-008620,6,6,1024,42.318,250.656
terrain-008621,6,6,1024,42.371,251.495
terrain-008622,6,6,1024,90.007,25425.8
terrain-008623,6,6,1024,42.392,250.555
terrain-008624,6,6,1024,42.449,251.396
terrain-008625,6,6,1024,86,38082.2
terrain-008626,6,6,1024,85.65,39038.6
terrain-008627,6,6,1024,42.41,417.848
terrain-008628,6,6,1024,42.467,420.174
terrain-008629,6,6,1024,82.896,29345.5
terrain-008630,6,6,1024,42.569,419.862
terrain-008631,6,6,4,81.053,203.761
terrain-008632,6,6,4,42.217,1.23064
terrain-008633,6,6,4,42.451,1.0664
terrain-008634,6,6,4,42.515,1.09353
terrain-008635,6,6,4,87.584,138.654
terrain-008636,6,6,4,42.312,1.19668
terrain-008637,6,6,4,42.371,1.23095
terrain-008638,6,6,4,42.326,1.09352
terrain-008639,6,6,4,83.369,171.342
terrain-008640,6,6,4,42.216,1.19641
terrain-008641,6,6,4,42.271,1.23067
terrain-008642,6,6,4,42.265,1.23094
terrain-008643,6,6,4,70.732,354.23
terrain-008644,6,6,4,70.457,343.121
terrain-008645,6,6,4,42.257,3.15227
terrain-008646,6,6,4,70.411,339.918
terrain-008647,6,6,4,65.811,401.79
terrain-008648,6,6,4,91.409,123.044
terrain-008649,6,6,4,42.89,2.40007
terrain-008650,6,6,4,42.946,2.37619
terrain-008651,6,6,4,69.56,429.049
terrain-008652,6,6,4,85.624,195.536
terrain-008653,6,6,4,85.607,202.142
terrain-008654,6,6,4,42.418,2.5075
terrain-008655,6,6,4,42.48,2.52412
terrain-008656,6,6,4,85.872,201.054
terrain-008657,6,6,4,42.536,2.37612
terrain-008658,6,6,4,79.759,283.44
terrain-008659,6,6,4,80.717,294.123
terrain-008660,6,6,4,42.274,2.65908
terrain-008661,6,6,4,42.332,2.67294
terrain-008662,6,6,4,80.291,292.541
terrain-008663,6,6,4,42.263,2.52409
terrain-008664,6,6,4,74.401,375.139
terrain-008665,6,6,4,73.901,362.807
terrain-008666,6,6,4,42.215,2.67284
terrain-008667,6,6,4,73.417,360.393
terrain-008668,6,6,4,87.1,165.549
terrain-008669,6,6,4,42.376,1.69349
terrain-008670,6,6,4,42.436,1.72831
terrain-008671,6,6,4,42.366,1.46896
terrain-008672,6,6,4,82.187,218.689
terrain-008673,6,6,4,82.949,226.521
terrain-008674,6,6,4,42.237,1.6932
terrain-008675,6,6,4,42.293,1.72801
terrain-008676,6,6,4,83.422,231.567
terrain-008677,6,6,4,42.287,1.72829
terrain-008678,6,6,4,78.834,271.722
terrain-008679,6,6,4,42.217,1.72797
terrain-008680,6,6,4,42.553,1.44376
terrain-008681,6,6,4,42.619,1.46898
terrain-008682,6,6,4,66.875,400.866
terrain-008683,6,6,4,84.548,193.919
terrain-008684,6,6,4,84.53,200.483
terrain-008685,6,6,4,42.637,3.19471
terrain-008686,6,6,4,42.694,3.16132
terrain-008687,6,6,4,86.271,205.786
terrain-008688,6,6,4,42.504,2.371
terrain-008689,6,6,4,78.369,280.977
terrain-008690,6,6,4,79.312,291.585
terrain-008691,6,6,4,42.224,2.64236
terrain-008692,6,6,4,42.283,2.65413
terrain-008693,6,6,4,78.8,289.078
terrain-008694,6,6,4,42.422,3.16127
terrain-008695,6,6,4,72.682,371.02
terrain-008696,6,6,4,72.276,358.671
terrain-008697,6,6,4,42.167,2.65404
terrain-008698,6,6,4,71.721,354.898
terrain-008699,6,6,4,67.701,423.275
terrain-008700,6,6,4,81.416,254.485
terrain-008701,6,6,4,82.29,263.857
terrain-008702,6,6,4,42.256,2.1369
terrain-008703,6,6,4,42.312,2.16565
terrain-008704,6,6,4,82.43,266.948
terrain-008705,6,6,4,42.306,2.16585
terrain-008706,6,6,4,77.167,327.263
terrain-008707,6,6,4,76.525,319.335
terrain-008708,6,6,4,42.217,2.16558
terrain-008709,6,6,4,76.596,323.759
terrain-008710,6,6,4,92.331,119.129
terrain-008711,6,6,4,42.638,1.75415
terrain-008712,6,6,4,42.704,1.77347
terrain-008713,6,6,4,73.204,369.558
terrain-008714,6,6,4,86.804,183.443
terrain-008715,6,6,4,42.431,2.13712
terrain-008716,6,6,4,42.492,2.16587
terrain-008717,6,6,4,42.399,1.77344
terrain-008718,6,6,4,76.578,271.271
terrain-008719,6,6,4,77.479,281.473
terrain-008720,6,6,4,42.358,3.20173
terrain-008721,6,6,4,42.416,3.17263
terrain-008722,6,6,4,78.674,290.655
terrain-008723,6,6,4,42.393,3.14503
terrain-008724,6,6,4,70.661,354.801
terrain-008725,6,6,4,70.374,343.586
terrain-008726,6,6,4,42.277,3.17249
terrain-008727,6,6,4,71.54,357.136
terrain-008728,6,6,4,65.697,402.425
terrain-008729,6,6,4,75.723,361.127
terrain-008730,6,6,4,75.139,350.133
terrain-008731,6,6,4,42.216,2.47943
terrain-008732,6,6,4,75.087,353.02
terrain-008733,6,6,4,91.864,122.08
terrain-008734,6,6,4,42.602,1.84571
terrain-008735,6,6,4,42.669,1.86123
terrain-008736,6,6,4,71.195,411.437
terrain-008737,6,6,4,86.455,193.171
terrain-008738,6,6,4,42.47,2.45916
terrain-008739,6,6,4,42.532,2.47969
terrain-008740,6,6,4,42.348,1.86119
terrain-008741,6,6,4,80.635,275.135
terrain-008742,6,6,4,81.573,285.44
terrain-008743,6,6,4,42.268,2.45898
terrain-008744,6,6,4,42.324,2.47952
terrain-008745,6,6,4,81.585,287.418
terrain-008746,6,6,4,42.318,2.47966
terrain-008747,6,6,1024,101.28,583.754
terrain-008748,6,6,1024,43.411,65.6084
terrain-008749,6,6,1024,94.516,1734.96
terrain-008750,6,6,1024,101.273,1167.38
terrain-008751,6,6,1024,103.586,1104.02
terrain-008752,6,6,1024,43.472,66.0022
terrain-008753,6,6,1024,44.17,88.6744
terrain-008754,6,6,1024,101.258,2334.23
terrain-008755,6,6,1024,103.023,2094.49
terrain-008756,6,6,1024,43.364,63.4745
terrain-008757,6,6,1024,90.726,1643.39
terrain-008758,6,6,1024,101.528,1146.01
terrain-008759,6,6,1024,42.868,38.5646
terrain-008760,6,6,1024,43.27,52.0605
terrain-008761,6,6,1024,101.5,2291.01
terrain-008762,6,6,1024,106.972,2169.44
terrain-008763,6,6,1024,42.761,37.167
terrain-008764,6,6,1024,74.093,1000.46
terrain-008765,6,6,1024,42.811,38.4298
terrain-008766,6,6,1024,77.035,1033.68
terrain-008767,6,6,1024,102.123,2220.98
terrain-008768,6,6,1024,42.4,21.5906
terrain-008769,6,6,1024,62.36,595.377
terrain-008770,6,6,1024,42.455,22.3288
terrain-008771,6,6,1024,65.778,606.987
terrain-008772,6,6,1024,42.511,22.3742
terrain-008773,6,6,1024,42.72,30.2902
terrain-008774,6,6,1024,82.855,37800.9
terrain-008775,6,6,1024,42.326,314.774
terrain-008776,6,6,1024,94.612,18915.8
terrain-008777,6,6,1024,42.276,119.544
terrain-008778,6,6,1024,94.346,19589.6
terrain-008779,6,6,1024,42.371,152.009
terrain-008780,6,6,1024,42.174,114.489
terrain-008781,6,6,1024,42.223,118.259
terrain-008782,6,6,1024,91.186,16167.6
terrain-008783,6,6,1024,42.196,109.297
terrain-008784,6,6,1024,42.246,112.904
terrain-008785,6,6,1024,42.301,114.075
terrain-008786,6,6,1024,42.303,112.869
terrain-008787,6,6,1024,42.36,114.04
terrain-008788,6,6,1024,100.527,2136.05
terrain-008789,6,6,1024,42.646,55.7252
terrain-008790,6,6,1024,43.02,80.3094
terrain-008791,6,6,1024,100.501,4270.35
terrain-008792,6,6,1024,104.182,3530.96
terrain-008793,6,6,1024,42.592,57.4512
terrain-008794,6,6,1024,100.594,4395.63
terrain-008795,6,6,1024,68.644,1439.12
terrain-008796,6,6,1024,42.591,55.4443
terrain-008797,6,6,1024,72.114,1577.4
terrain-008798,6,6,1024,101.088,4153.87
terrain-008799,6,6,1024,42.397,40.9367
terrain-008800,6,6,1024,101.006,4268.98
terrain-008801,6,6,1024,62.081,986.278
terrain-008802,6,6,1024,42.4,38.4298
terrain-008803,6,6,1024,66.73,1173.42
terrain-008804,6,6,1024,42.458,38.5646
terrain-008805,6,6,1024,42.754,59.3152
terrain-008806,6,6,1024,102.339,4091.64
terrain-008807,6,6,1024,42.276,26.5957
terrain-008808,6,6,1024,60.107,712.921
terrain-008809,6,6,1024,42.336,27.2399
terrain-008810,6,6,1024,42.438,35.6867
terrain-008811,6,6,1024,42.263,29.1195
terrain-008812,6,6,1024,88.356,24370
terrain-008813,6,6,1024,90.393,27776.9
terrain-008814,6,6,1024,42.185,171.113
terrain-008815,6,6,1024,42.233,176.616
terrain-008816,6,6,1024,42.287,179.498
terrain-008817,6,6,1024,89.127,23192.2
terrain-008818,6,6,1024,42.281,176.551
terrain-008819,6,6,1024,42.338,179.431
terrain-008820,6,6,1024,42.415,179.335
terrain-008821,6,6,1024,99.552,7364.24
terrain-008822,6,6,1024,42.338,66.9862
terrain-008823,6,6,1024,99.594,7722.22
terrain-008824,6,6,1024,60.805,1534.56
terrain-008825,6,6,1024,42.386,69.235
terrain-008826,6,6,1024,62.913,1614.11
terrain-008827,6,6,1024,42.372,59.7098
terrain-008828,6,6,1024,42.552,82.2493
terrain-008829,6,6,1024,101.182,7414.95
terrain-008830,6,6,1024,42.274,48.9403
terrain-008831,6,6,1024,60.118,1214.49
terrain-008832,6,6,1024,42.329,49.1591
terrain-008833,6,6,1024,42.42,61.4563
terrain-008834,6,6,1024,42.276,56.1136
terrain-008835,6,6,1024,42.28,39.1634
terrain-008836,6,6,1024,42.374,52.0516
terrain-008837,6,6,1024,42.17,37.1631
terrain-008838,6,6,1024,42.224,39.0244
terrain-008839,6,6,1024,85.259,32337.6
terrain-008840,6,6,1024,42.255,245.96
terrain-008841,6,6,1024,42.312,251.583
terrain-008842,6,6,1024,42.367,251.439
terrain-008843,6,6,1024,98.704,12596.6
terrain-008844,6,6,1024,42.265,85.8415
terrain-008845,6,6,1024,98.541,13201.4
terrain-008846,6,6,1024,59.66,1982.74
terrain-008847,6,6,1024,42.319,86.5168
terrain-008848,6,6,1024,42.389,101.949
terrain-008849,6,6,1024,42.219,86.0216
terrain-008850,6,6,1024,97.046,11537.7
terrain-008851,6,6,1024,42.282,69.6643
terrain-008852,6,6,1024,42.375,91.0267
terrain-008853,6,6,1024,42.163,65.1747
terrain-008854,6,6,1024,42.213,67.3643
terrain-008855,6,6,1024,42.19,63.4553
terrain-008856,6,6,1024,42.244,65.5886
terrain-008857,6,6,1024,42.3,65.9822
terrain-008858,6,6,1024,89.253,18207.1
terrain-008859,6,6,1024,42.351,150.162
terrain-008860,6,6,1024,42.458,192.221
terrain-008861,6,6,1024,42.249,145.023
terrain-008862,6,6,1024,42.299,149.985
terrain-008863,6,6,1024,42.318,249.683
terrain-008864,6,6,1024,42.369,258.175
terrain-008865,6,6,1024,42.421,258.7
terrain-008866,6,6,1024,100.692,2229.46
terrain-008867,6,6,1024,42.672,58.7093
terrain-008868,6,6,1024,43.069,85.368
terrain-008869,6,6,1024,100.637,4455.13
terrain-008870,6,6,1024,110.554,4184.49
terrain-008871,6,6,1024,42.623,60.8912
terrain-008872,6,6,1024,69.808,1574.44
terrain-008873,6,6,1024,42.618,58.5493
terrain-008874,6,6,1024,73.182,1693.89
terrain-008875,6,6,1024,101.142,4319.42
terrain-008876,6,6,1024,42.411,42.6538
terrain-008877,6,6,1024,62.443,1047.83
terrain-008878,6,6,1024,42.412,39.8964
terrain-008879,6,6,1024,67.218,1236.45
terrain-008880,6,6,1024,42.47,39.9706
terrain-008881,6,6,1024,42.777,62.0294
terrain-008882,6,6,1024,42.281,27.2898
terrain-008883,6,6,1024,42.34,27.9339
terrain-008884,6,6,1024,42.269,29.9779
terrain-008885,6,6,1024,87.466,26723.5
terrain-008886,6,6,1024,89.991,30641.3
terrain-008887,6,6,1024,42.209,205.731
terrain-008888,6,6,1024,42.258,212.517
terrain-008889,6,6,1024,42.312,214.639
terrain-008890,6,6,1024,88.754,25107.5
terrain-008891,6,6,1024,42.317,212.424
terrain-008892,6,6,1024,42.374,214.545
terrain-008893,6,6,1024,99.721,7931.59
terrain-008894,6,6,1024,42.357,71.7098
terrain-008895,6,6,1024,99.699,8112.17
terrain-008896,6,6,1024,61.263,1689.38
terrain-008897,6,6,1024,42.405,74.1451
terrain-008898,6,6,1024,63.313,1736.29
terrain-008899,6,6,1024,42.384,63.149
terrain-008900,6,6,1024,42.572,87.5633
terrain-008901,6,6,1024,101.229,7751.73
terrain-008902,6,6,1024,42.282,51.3439
terrain-008903,6,6,1024,60.256,1282.13
terrain-008904,6,6,1024,42.337,51.4669
terrain-008905,6,6,1024,42.428,64.3748
terrain-008906,6,6,1024,42.288,59.3909
terrain-008907,6,6,1024,42.285,40.6141
terrain-008908,6,6,1024,42.174,38.5727
terrain-008909,6,6,1024,42.229,40.5373
terrain-008910,6,6,1024,84.178,36289.7
terrain-008911,6,6,1024,83.896,37229.8
terrain-008912,6,6,1024,42.3,321.626
terrain-008913,6,6,1024,42.357,326.507
terrain-008914,6,6,1024,82.817,29698.1
terrain-008915,6,6,1024,42.43,326.268
terrain-008916,6,6,1024,98.806,13668.7
terrain-008917,6,6,1024,42.279,93.5202
terrain-008918,6,6,1024,98.596,14031.7
terrain-008919,6,6,1024,59.852,2170.34
terrain-008920,6,6,1024,42.333,93.929
terrain-008921,6,6,1024,42.401,110.241
terrain-008922,6,6,1024,42.233,93.9707
terrain-008923,6,6,1024,96.868,12121.7
terrain-008924,6,6,1024,42.291,74.3914
terrain-008925,6,6,1024,42.385,97.5791
terrain-008926,6,6,1024,42.17,69.6379
terrain-008927,6,6,1024,42.221,72.0039
terrain-008928,6,6,1024,42.198,67.6783
terrain-008929,6,6,1024,42.253,69.9782
terrain-008930,6,6,1024,42.309,70.2071
terrain-008931,6,6,1024,81.275,43143.6
terrain-008932,6,6,1024,42.392,441.546
terrain-008933,6,6,1024,94.335,20668.9
terrain-008934,6,6,1024,42.29,134.175
terrain-008935,6,6,1024,94.089,21081.2
terrain-008936,6,6,1024,42.387,171.212
terrain-008937,6,6,1024,42.189,129.014
terrain-008938,6,6,1024,42.237,133.342
terrain-008939,6,6,1024,90.636,17088.9
terrain-008940,6,6,1024,42.213,122.459
terrain-008941,6,6,1024,42.264,126.573
terrain-008942,6,6,1024,42.318,127.323
terrain-008943,6,6,1024,42.327,126.527
terrain-008944,6,6,1024,42.384,127.277
terrain-008945,6,6,1024,99.736,8200
terrain-008946,6,6,1024,42.37,74.329
terrain-008947,6,6,1024,99.703,8276.23
terrain-008948,6,6,1024,61.558,1777.37
terrain-008949,6,6,1024,42.419,76.8694
terrain-008950,6,6,1024,63.569,1802.78
terrain-008951,6,6,1024,42.393,65.0205
terrain-008952,6,6,1024,42.586,90.4819
terrain-008953,6,6,1024,99.85,7708.76
terrain-008954,6,6,1024,42.289,52.6355
terrain-008955,6,6,1024,60.301,1317.49
terrain-008956,6,6,1024,42.343,52.7032
terrain-008957,6,6,1024,42.434,65.9371
terrain-008958,6,6,1024,42.297,61.1765
terrain-008959,6,6,1024,84.308,38166.8
terrain-008960,6,6,1024,83.999,39145.4
terrain-008961,6,6,1024,42.348,380.052
terrain-008962,6,6,1024,42.405,383.594
terrain-008963,6,6,1024,81.101,29405.7
terrain-008964,6,6,1024,42.492,383.26
terrain-008965,6,6,1024,98.783,14141.4
terrain-008966,6,6,1024,42.29,97.8963
terrain-008967,6,6,1024,98.571,14354.8
terrain-008968,6,6,1024,60.008,2275.24
terrain-008969,6,6,1024,42.344,98.1303
terrain-008970,6,6,1024,42.412,114.908
terrain-008971,6,6,1024,42.245,98.5201
terrain-008972,6,6,1024,95.208,11986.7
terrain-008973,6,6,1024,42.299,77.0023
terrain-008974,6,6,1024,42.392,101.214
terrain-008975,6,6,1024,42.177,72.1057
terrain-008976,6,6,1024,42.228,74.5701
terrain-008977,6,6,1024,81.248,45743.1
terrain-008978,6,6,1024,42.469,552.801
terrain-008979,6,6,1024,94.158,21378.9
terrain-008980,6,6,1024,42.304,142.915
terrain-008981,6,6,1024,93.946,21621.7
terrain-008982,6,6,1024,42.403,182.737
terrain-008983,6,6,1024,42.202,137.747
terrain-008984,6,6,1024,42.251,142.419
terrain-008985,6,6,1024,88.734,16792.3
terrain-008986,6,6,1024,42.227,130.301
terrain-008987,6,6,1024,42.279,134.723
terrain-008988,6,6,1024,42.333,135.167
terrain-008989,6,6,1024,75.394,42162.9
terrain-008990,6,6,1024,87.082,27599.7
terrain-008991,6,6,1024,90.335,31966.1
terrain-008992,6,6,1024,42.234,228.869
terrain-008993,6,6,1024,42.283,236.544
terrain-008994,6,6,1024,42.336,237.915
terrain-008995,6,6,1024,87.213,24896.1
terrain-008996,6,6,1024,42.349,236.427
terrain-008997,6,6,1024,42.406,237.798
terrain-008998,6,6,1024,96.92,13693.8
terrain-008999,6,6,1024,42.303,100.232
terrain-009000,6,6,1024,97.076,13908.7
terrain-009001,6,6,1024,60.122,2323.6
terrain-009002,6,6,1024,42.357,100.365
terrain-009003,6,6,1024,42.424,117.372
terrain-009004,6,6,1024,42.258,100.955
terrain-009005,6,6,1024,93.487,11511.9
terrain-009006,6,6,1024,42.309,78.3749
terrain-009007,6,6,1024,42.404,103.118
terrain-009008,6,6,1024,42.186,73.4034
terrain-009009,6,6,1024,42.238,75.9203
terrain-009010,6,6,1024,80.693,43028.8
terrain-009011,6,6,1024,42.568,632.104
terrain-009012,6,6,1024,92.186,20406
terrain-009013,6,6,1024,42.321,147.705
terrain-009014,6,6,1024,92.246,20643.6
terrain-009015,6,6,1024,42.422,189.049
terrain-009016,6,6,1024,42.219,142.554
terrain-009017,6,6,1024,42.269,147.416
terrain-009018,6,6,1024,87.04,15921.3
terrain-009019,6,6,1024,42.246,134.602
terrain-009020,6,6,1024,42.299,139.195
terrain-009021,6,6,1024,42.353,139.454
terrain-009022,6,6,1024,75.328,39929.6
terrain-009023,6,6,1024,85.356,26027.8
terrain-009024,6,6,1024,89.523,30579
terrain-009025,6,6,1024,42.265,242.452
terrain-009026,6,6,1024,42.315,250.656
terrain-009027,6,6,1024,42.368,251.495
terrain-009028,6,6,1024,86.862,23901.1
terrain-009029,6,6,1024,42.389,250.554
terrain-009030,6,6,1024,42.446,251.395
terrain-009031,6,6,1024,83.681,36210.2
terrain-009032,6,6,1024,83.367,37136.2
terrain-009033,6,6,1024,42.408,417.847
terrain-009034,6,6,1024,42.465,420.173
terrain-009035,6,6,1024,80.951,28051.3
terrain-009036,6,6,1024,42.567,419.86
terrain-009037,6,6,4,81.055,203.774
terrain-009038,6,6,4,42.217,1.23065
terrain-009039,6,6,4,42.451,1.0664
terrain-009040,6,6,4,42.515,1.09353
terrain-009041,6,6,4,87.586,138.661
terrain-009042,6,6,4,42.312,1.19668
terrain-009043,6,6,4,42.371,1.23095
terrain-009044,6,6,4,42.326,1.09352
terrain-009045,6,6,4,83.371,171.351
terrain-009046,6,6,4,42.216,1.19641
terrain-009047,6,6,4,42.271,1.23067
terrain-009048,6,6,4,42.265,1.23094
terrain-009049,6,6,4,70.737,354.285
terrain-009050,6,6,4,70.461,343.169
terrain-009051,6,6,4,42.257,3.15227
terrain-009052,6,6,4,70.416,339.97
terrain-009053,6,6,4,65.815,401.856
terrain-009054,6,6,4,91.411,123.049
terrain-009055,6,6,4,42.89,2.40007
terrain-009056,6,6,4,42.946,2.37619
terrain-009057,6,6,4,69.564,429.107
terrain-009058,6,6,4,85.627,195.549
terrain-009059,6,6,4,85.61,202.155
terrain-009060,6,6,4,42.418,2.5075
terrain-009061,6,6,4,42.48,2.52412
terrain-009062,6,6,4,85.874,201.067
terrain-009063,6,6,4,42.536,2.37612
terrain-009064,6,6,4,79.762,283.466
terrain-009065,6,6,4,80.72,294.15
terrain-009066,6,6,4,42.274,2.65909
terrain-009067,6,6,4,42.332,2.67294
terrain-009068,6,6,4,80.294,292.568
terrain-009069,6,6,4,42.263,2.52409
terrain-009070,6,6,4,74.405,375.183
terrain-009071,6,6,4,73.905,362.849
terrain-009072,6,6,4,42.215,2.67285
terrain-009073,6,6,4,73.421,360.434
terrain-009074,6,6,4,87.102,165.557
terrain-009075,6,6,4,42.376,1.69349
terrain-009076,6,6,4,42.436,1.72831
terrain-009077,6,6,4,42.366,1.46896
terrain-009078,6,6,4,82.19,218.704
terrain-009079,6,6,4,82.951,226.537
terrain-009080,6,6,4,42.237,1.6932
terrain-009081,6,6,4,42.293,1.72801
terrain-009082,6,6,4,83.425,231.583
terrain-009083,6,6,4,42.287,1.72829
terrain-009084,6,6,4,78.838,271.745
terrain-009085,6,6,4,42.217,1.72797
terrain-009086,6,6,4,42.553,1.44376
terrain-009087,6,6,4,42.619,1.46898
terrain-009088,6,6,4,66.879,400.929
terrain-009089,6,6,4,84.551,193.932
terrain-009090,6,6,4,84.533,200.495
terrain-009091,6,6,4,42.637,3.19471
terrain-009092,6,6,4,42.694,3.16132
terrain-009093,6,6,4,86.274,205.799
terrain-009094,6,6,4,42.504,2.37101
terrain-009095,6,6,4,78.373,281.003
terrain-009096,6,6,4,79.315,291.612
terrain-009097,6,6,4,42.224,2.64236
terrain-009098,6,6,4,42.283,2.65414
terrain-009099,6,6,4,78.804,289.104
terrain-009100,6,6,4,42.422,3.16127
terrain-009101,6,6,4,72.685,371.063
terrain-009102,6,6,4,72.28,358.711
terrain-009103,6,6,4,42.167,2.65404
terrain-009104,6,6,4,71.725,354.937
terrain-009105,6,6,4,67.704,423.332
terrain-009106,6,6,4,81.419,254.506
terrain-009107,6,6,4,82.294,263.879
terrain-009108,6,6,4,42.256,2.1369
terrain-009109,6,6,4,42.312,2.16565
terrain-009110,6,6,4,82.433,266.971
terrain-009111,6,6,4,42.306,2.16585
terrain-009112,6,6,4,77.17,327.297
terrain-009113,6,6,4,76.528,319.367
terrain-009114,6,6,4,42.217,2.16558
terrain-009115,6,6,4,76.599,323.792
terrain-009116,6,6,4,92.333,119.133
terrain-009117,6,6,4,42.638,1.75415
terrain-009118,6,6,4,42.704,1.77348
terrain-009119,6,6,4,73.207,369.601
terrain-009120,6,6,4,86.807,183.454
terrain-009121,6,6,4,42.431,2.13712
terrain-009122,6,6,4,42.492,2.16588
terrain-009123,6,6,4,42.399,1.77344
terrain-009124,6,6,4,76.582,271.299
terrain-009125,6,6,4,77.482,281.502
terrain-009126,6,6,4,42.358,3.20173
terrain-009127,6,6,4,42.416,3.17263
terrain-009128,6,6,4,78.678,290.686
terrain-009129,6,6,4,42.393,3.14503
terrain-009130,6,6,4,70.664,354.846
terrain-009131,6,6,4,70.377,343.627
terrain-009132,6,6,4,42.277,3.1725
terrain-009133,6,6,4,71.543,357.181
terrain-009134,6,6,4,65.7,402.481
terrain-009135,6,6,4,75.727,361.168
terrain-009136,6,6,4,75.143,350.172
terrain-009137,6,6,4,42.216,2.47943
terrain-009138,6,6,4,75.091,353.059
terrain-009139,6,6,4,91.866,122.084
terrain-009140,6,6,4,42.602,1.84571
terrain-009141,6,6,4,42.669,1.86123
terrain-009142,6,6,4,71.198,411.49
terrain-009143,6,6,4,86.458,193.183
terrain-009144,6,6,4,42.47,2.45916
terrain-009145,6,6,4,42.532,2.4797
terrain-009146,6,6,4,42.348,1.86119
terrain-009147,6,6,4,80.639,275.159
terrain-009148,6,6,4,81.577,285.465
terrain-009149,6,6,4,42.268,2.45898
terrain-009150,6,6,4,42.324,2.47952
terrain-009151,6,6,4,81.589,287.444
terrain-009152,6,6,4,42.318,2.47967
terrain-009153,6,6,1024,101.28,583.758
terrain-009154,6,6,1024,43.411,65.6084
terrain-009155,6,6,1024,94.516,1734.96
terrain-009156,6,6,1024,101.273,1167.39
terrain-009157,6,6,1024,103.587,1104.03
terrain-009158,6,6,1024,43.472,66.0022
terrain-009159,6,6,1024,44.17,88.6744
terrain-009160,6,6,1024,101.258,2334.25
terrain-009161,6,6,1024,103.023,2094.51
terrain-009162,6,6,1024,43.364,63.4745
terrain-009163,6,6,1024,90.726,1643.39
terrain-009164,6,6,1024,101.532,1146.08
terrain-009165,6,6,1024,42.868,38.5646
terrain-009166,6,6,1024,43.27,52.0605
terrain-009167,6,6,1024,101.503,2291.16
terrain-009168,6,6,1024,106.972,2169.45
terrain-009169,6,6,1024,42.761,37.167
terrain-009170,6,6,1024,74.093,1000.46
terrain-009171,6,6,1024,42.811,38.4298
terrain-009172,6,6,1024,77.035,1033.68
terrain-009173,6,6,1024,102.24,2225.22
terrain-009174,6,6,1024,42.4,21.5906
terrain-009175,6,6,1024,62.36,595.382
terrain-009176,6,6,1024,42.455,22.3288
terrain-009177,6,6,1024,65.778,606.991
terrain-009178,6,6,1024,42.511,22.3742
terrain-009179,6,6,1024,42.72,30.2903
terrain-009180,6,6,1024,84.257,39016.4
terrain-009181,6,6,1024,42.327,314.775
terrain-009182,6,6,1024,98.85,20241.6
terrain-009183,6,6,1024,42.279,119.544
terrain-009184,6,6,1024,98.726,21015.2
terrain-009185,6,6,1024,42.375,152.009
terrain-009186,6,6,1024,42.177,114.489
terrain-009187,6,6,1024,42.225,118.259
terrain-009188,6,6,1024,95.531,17448.7
terrain-009189,6,6,1024,42.199,109.297
terrain-009190,6,6,1024,42.249,112.904
terrain-009191,6,6,1024,42.303,114.075
terrain-009192,6,6,1024,42.306,112.869
terrain-009193,6,6,1024,42.362,114.04
terrain-009194,6,6,1024,100.528,2136.08
terrain-009195,6,6,1024,42.646,55.7252
terrain-009196,6,6,1024,43.02,80.3094
terrain-009197,6,6,1024,100.502,4270.41
terrain-009198,6,6,1024,104.182,3530.99
terrain-009199,6,6,1024,42.592,57.4512
terrain-009200,6,6,1024,100.594,4395.69
terrain-009201,6,6,1024,68.644,1439.13
terrain-009202,6,6,1024,42.591,55.4443
terrain-009203,6,6,1024,72.114,1577.41
terrain-009204,6,6,1024,101.095,4154.35
terrain-009205,6,6,1024,42.397,40.9367
terrain-009206,6,6,1024,101.013,4269.49
terrain-009207,6,6,1024,62.081,986.279
terrain-009208,6,6,1024,42.4,38.4298
terrain-009209,6,6,1024,66.73,1173.42
terrain-009210,6,6,1024,42.458,38.5646
terrain-009211,6,6,1024,42.754,59.3152
terrain-009212,6,6,1024,102.494,4102.06
terrain-009213,6,6,1024,42.276,26.5957
terrain-009214,6,6,1024,60.107,712.926
terrain-009215,6,6,1024,42.336,27.2399
terrain-009216,6,6,1024,42.438,35.6867
terrain-009217,6,6,1024,42.263,29.1195
terrain-009218,6,6,1024,91.556,25889.8
terrain-009219,6,6,1024,93.531,29379
terrain-009220,6,6,1024,42.187,171.113
terrain-009221,6,6,1024,42.235,176.616
terrain-009222,6,6,1024,42.289,179.498
terrain-009223,6,6,1024,92.285,24605.4
terrain-009224,6,6,1024,42.283,176.551
terrain-009225,6,6,1024,42.34,179.431
terrain-009226,6,6,1024,42.417,179.335
terrain-009227,6,6,1024,99.553,7364.4
terrain-009228,6,6,1024,42.338,66.9862
terrain-009229,6,6,1024,99.595,7722.4
terrain-009230,6,6,1024,60.805,1534.57
terrain-009231,6,6,1024,42.386,69.235
terrain-009232,6,6,1024,62.914,1614.12
terrain-009233,6,6,1024,42.372,59.7098
terrain-009234,6,6,1024,42.552,82.2493
terrain-009235,6,6,1024,101.218,7419.09
terrain-009236,6,6,1024,42.276,48.9403
terrain-009237,6,6,1024,60.118,1214.49
terrain-009238,6,6,1024,42.33,49.1591
terrain-009239,6,6,1024,42.42,61.4563
terrain-009240,6,6,1024,42.276,56.1136
terrain-009241,6,6,1024,42.284,39.1634
terrain-009242,6,6,1024,42.38,52.0517
terrain-009243,6,6,1024,42.173,37.1632
terrain-009244,6,6,1024,42.228,39.0244
terrain-009245,6,6,1024,87.381,33795.1
terrain-009246,6,6,1024,42.257,245.96
terrain-009247,6,6,1024,42.314,251.583
terrain-009248,6,6,1024,42.368,251.439
terrain-009249,6,6,1024,98.74,12603.9
terrain-009250,6,6,1024,42.268,85.8415
terrain-009251,6,6,1024,98.58,13209.4
terrain-009252,6,6,1024,59.661,1982.74
terrain-009253,6,6,1024,42.321,86.5168
terrain-009254,6,6,1024,42.389,101.949
terrain-009255,6,6,1024,42.219,86.0217
terrain-009256,6,6,1024,102.539,12545.6
terrain-009257,6,6,1024,42.285,69.6643
terrain-009258,6,6,1024,42.38,91.0267
terrain-009259,6,6,1024,42.166,65.1747
terrain-009260,6,6,1024,42.216,67.3643
terrain-009261,6,6,1024,42.193,63.4553
terrain-009262,6,6,1024,42.247,65.5887
terrain-009263,6,6,1024,42.303,65.9823
terrain-009264,6,6,1024,92.933,19438.5
terrain-009265,6,6,1024,42.355,150.162
terrain-009266,6,6,1024,42.463,192.221
terrain-009267,6,6,1024,42.252,145.023
terrain-009268,6,6,1024,42.302,149.985
terrain-009269,6,6,1024,42.321,249.683
terrain-009270,6,6,1024,42.372,258.175
terrain-009271,6,6,1024,42.424,258.7
terrain-009272,6,6,1024,100.693,2229.49
terrain-009273,6,6,1024,42.672,58.7093
terrain-009274,6,6,1024,43.069,85.368
terrain-009275,6,6,1024,100.638,4455.19
terrain-009276,6,6,1024,110.553,4184.47
terrain-009277,6,6,1024,42.623,60.8912
terrain-009278,6,6,1024,69.808,1574.44
terrain-009279,6,6,1024,42.618,58.5493
terrain-009280,6,6,1024,73.182,1693.88
terrain-009281,6,6,1024,101.245,4326.83
terrain-009282,6,6,1024,42.411,42.6538
terrain-009283,6,6,1024,62.443,1047.84
terrain-009284,6,6,1024,42.412,39.8964
terrain-009285,6,6,1024,67.218,1236.45
terrain-009286,6,6,1024,42.47,39.9706
terrain-009287,6,6,1024,42.777,62.0294
terrain-009288,6,6,1024,42.281,27.2898
terrain-009289,6,6,1024,42.34,27.9339
terrain-009290,6,6,1024,42.269,29.9779
terrain-009291,6,6,1024,90.928,28562.6
terrain-009292,6,6,1024,93.439,32603.4
terrain-009293,6,6,1024,42.212,205.731
terrain-009294,6,6,1024,42.26,212.517
terrain-009295,6,6,1024,42.314,214.639
terrain-009296,6,6,1024,92.356,26877.8
terrain-009297,6,6,1024,42.319,212.424
terrain-009298,6,6,1024,42.376,214.545
terrain-009299,6,6,1024,99.723,7931.78
terrain-009300,6,6,1024,42.357,71.7098
terrain-009301,6,6,1024,99.7,8112.36
terrain-009302,6,6,1024,61.263,1689.38
terrain-009303,6,6,1024,42.405,74.1451
terrain-009304,6,6,1024,63.313,1736.28
terrain-009305,6,6,1024,42.384,63.149
terrain-009306,6,6,1024,42.572,87.5633
terrain-009307,6,6,1024,101.382,7771.32
terrain-009308,6,6,1024,42.284,51.3439
terrain-009309,6,6,1024,60.257,1282.12
terrain-009310,6,6,1024,42.338,51.4669
terrain-009311,6,6,1024,42.428,64.3748
terrain-009312,6,6,1024,42.289,59.3909
terrain-009313,6,6,1024,42.289,40.6141
terrain-009314,6,6,1024,42.177,38.5728
terrain-009315,6,6,1024,42.232,40.5374
terrain-009316,6,6,1024,86.51,38136.5
terrain-009317,6,6,1024,86.195,39107.9
terrain-009318,6,6,1024,42.302,321.626
terrain-009319,6,6,1024,42.359,326.507
terrain-009320,6,6,1024,85.127,31261.2
terrain-009321,6,6,1024,42.432,326.268
terrain-009322,6,6,1024,98.846,13677.2
terrain-009323,6,6,1024,42.282,93.5202
terrain-009324,6,6,1024,98.637,14040.7
terrain-009325,6,6,1024,59.852,2170.32
terrain-009326,6,6,1024,42.335,93.929
terrain-009327,6,6,1024,42.401,110.241
terrain-009328,6,6,1024,42.234,93.9706
terrain-009329,6,6,1024,102.798,13272.8
terrain-009330,6,6,1024,42.294,74.3915
terrain-009331,6,6,1024,42.39,97.5792
terrain-009332,6,6,1024,42.174,69.6379
terrain-009333,6,6,1024,42.224,72.0039
terrain-009334,6,6,1024,42.201,67.6783
terrain-009335,6,6,1024,42.256,69.9782
terrain-009336,6,6,1024,42.313,70.2072
terrain-009337,6,6,1024,82.817,44735.5
terrain-009338,6,6,1024,42.393,441.546
terrain-009339,6,6,1024,98.966,22262.6
terrain-009340,6,6,1024,42.293,134.174
terrain-009341,6,6,1024,98.8,22741.6
terrain-009342,6,6,1024,42.392,171.212
terrain-009343,6,6,1024,42.191,129.014
terrain-009344,6,6,1024,42.24,133.342
terrain-009345,6,6,1024,95.358,18582.3
terrain-009346,6,6,1024,42.216,122.459
terrain-009347,6,6,1024,42.267,126.573
terrain-009348,6,6,1024,42.321,127.323
terrain-009349,6,6,1024,42.33,126.527
terrain-009350,6,6,1024,42.387,127.278
terrain-009351,6,6,1024,99.836,8214.04
terrain-009352,6,6,1024,42.37,74.329
terrain-009353,6,6,1024,99.774,8286.35
terrain-009354,6,6,1024,61.558,1777.36
terrain-009355,6,6,1024,42.419,76.8693
terrain-009356,6,6,1024,63.569,1802.77
terrain-009357,6,6,1024,42.393,65.0205
terrain-009358,6,6,1024,42.586,90.4818
terrain-009359,6,6,1024,99.905,7715.73
terrain-009360,6,6,1024,42.291,52.6355
terrain-009361,6,6,1024,60.302,1317.5
terrain-009362,6,6,1024,42.345,52.7032
terrain-009363,6,6,1024,42.434,65.9371
terrain-009364,6,6,1024,42.297,61.1766
terrain-009365,6,6,1024,86.928,40365.4
terrain-009366,6,6,1024,86.58,41380.6
terrain-009367,6,6,1024,42.35,380.051
terrain-009368,6,6,1024,42.407,383.594
terrain-009369,6,6,1024,83.166,30840.6
terrain-009370,6,6,1024,42.495,383.262
terrain-009371,6,6,1024,98.941,14179.6
terrain-009372,6,6,1024,42.293,97.8962
terrain-009373,6,6,1024,98.706,14387.8
terrain-009374,6,6,1024,60.008,2275.21
terrain-009375,6,6,1024,42.346,98.1302
terrain-009376,6,6,1024,42.412,114.908
terrain-009377,6,6,1024,42.245,98.52
terrain-009378,6,6,1024,100.791,13085.6
terrain-009379,6,6,1024,42.302,77.0023
terrain-009380,6,6,1024,42.397,101.214
terrain-009381,6,6,1024,42.18,72.1057
terrain-009382,6,6,1024,42.231,74.5702
terrain-009383,6,6,1024,83.05,47740.8
terrain-009384,6,6,1024,42.471,552.801
terrain-009385,6,6,1024,99.089,23150
terrain-009386,6,6,1024,42.307,142.915
terrain-009387,6,6,1024,98.899,23426.5
terrain-009388,6,6,1024,42.408,182.737
terrain-009389,6,6,1024,42.205,137.747
terrain-009390,6,6,1024,42.254,142.419
terrain-009391,6,6,1024,93.091,18192.7
terrain-009392,6,6,1024,42.23,130.302
terrain-009393,6,6,1024,42.282,134.723
terrain-009394,6,6,1024,42.336,135.167
terrain-009395,6,6,1024,75.519,42321.3
terrain-009396,6,6,1024,90.773,29653.6
terrain-009397,6,6,1024,94.115,34215.5
terrain-009398,6,6,1024,42.237,228.869
terrain-009399,6,6,1024,42.286,236.544
terrain-009400,6,6,1024,42.339,237.915
terrain-009401,6,6,1024,90.538,26562.1
terrain-009402,6,6,1024,42.352,236.428
terrain-009403,6,6,1024,42.409,237.799
terrain-009404,6,6,1024,96.974,13706.3
terrain-009405,6,6,1024,42.306,100.232
terrain-009406,6,6,1024,97.132,13921.6
terrain-009407,6,6,1024,60.123,2323.61
terrain-009408,6,6,1024,42.359,100.365
terrain-009409,6,6,1024,42.424,117.372
terrain-009410,6,6,1024,42.259,100.955
terrain-009411,6,6,1024,98.67,12520.2
terrain-009412,6,6,1024,42.313,78.375
terrain-009413,6,6,1024,42.409,103.118
terrain-009414,6,6,1024,42.19,73.4035
terrain-009415,6,6,1024,42.241,75.9203
terrain-009416,6,6,1024,82.234,44656
terrain-009417,6,6,1024,42.57,632.106
terrain-009418,6,6,1024,96.601,21968.8
terrain-009419,6,6,1024,42.325,147.706
terrain-009420,6,6,1024,96.72,22244.4
terrain-009421,6,6,1024,42.427,189.049
terrain-009422,6,6,1024,42.222,142.554
terrain-009423,6,6,1024,42.272,147.416
terrain-009424,6,6,1024,91.011,17171.7
terrain-009425,6,6,1024,42.249,134.602
terrain-009426,6,6,1024,42.302,139.195
terrain-009427,6,6,1024,42.356,139.455
terrain-009428,6,6,1024,75.358,39966.3
terrain-009429,6,6,1024,88.594,27787
terrain-009430,6,6,1024,92.947,32557.4
terrain-009431,6,6,1024,42.268,242.452
terrain-009432,6,6,1024,42.318,250.656
terrain-009433,6,6,1024,42.371,251.495
terrain-009434,6,6,1024,90.007,25425.8
terrain-009435,6,6,1024,42.392,250.555
terrain-009436,6,6,1024,42.449,251.396
terrain-009437,6,6,1024,86,38082.2
terrain-009438,6,6,1024,85.65,39038.6
terrain-009439,6,6,1024,42.41,417.848
terrain-009440,6,6,1024,42.467,420.174
terrain-009441,6,6,1024,82.896,29345.5
terrain-009442,6,6,1024,42.569,419.862
terrain-009443,6,6,4,81.053,203.761
terrain-009444,6,6,4,42.217,1.23064
terrain-009445,6,6,4,42.451,1.0664
terrain-009446,6,6,4,42.515,1.09353
terrain-009447,6,6,4,87.584,138.654
terrain-009448,6,6,4,42.312,1.19668
terrain-009449,6,6,4,42.371,1.23095
terrain-009450,6,6,4,42.326,1.09352
terrain-009451,6,6,4,83.369,171.342
terrain-009452,6,6,4,42.216,1.19641
terrain-009453,6,6,4,42.271,1.23067
terrain-009454,6,6,4,42.265,1.23094
terrain-009455,6,6,4,70.732,354.23
terrain-009456,6,6,4,70.457,343.121
terrain-009457,6,6,4,42.257,3.15227
terrain-009458,6,6,4,70.411,339.918
terrain-009459,6,6,4,65.811,401.79
terrain-009460,6,6,4,91.409,123.044
terrain-009461,6,6,4,42.89,2.40007
terrain-009462,6,6,4,42.946,2.37619
terrain-009463,6,6,4,69.56,429.049
terrain-009464,6,6,4,85.624,195.536
terrain-009465,6,6,4,85.607,202.142
terrain-009466,6,6,4,42.418,2.5075
terrain-009467,6,6,4,42.48,2.52412
terrain-009468,6,6,4,85.872,201.054
terrain-009469,6,6,4,42.536,2.37612
terrain-009470,6,6,4,79.759,283.44
terrain-009471,6,6,4,80.717,294.123
terrain-009472,6,6,4,42.274,2.65908
terrain-009473,6,6,4,42.332,2.67294
terrain-009474,6,6,4,80.291,292.541
terrain-009475,6,6,4,42.263,2.52409
terrain-009476,6,6,4,74.401,375.139
terrain-009477,6,6,4,73.901,362.807
terrain-009478,6,6,4,42.215,2.67284
terrain-009479,6,6,4,73.417,360.393
terrain-009480,6,6,4,87.1,165.549
terrain-009481,6,6,4,42.376,1.69349
terrain-009482,6,6,4,42.436,1.72831
terrain-009483,6,6,4,42.366,1.46896
terrain-009484,6,6,4,82.187,218.689
terrain-009485,6,6,4,82.949,226.521
terrain-009486,6,6,4,42.237,1.6932
terrain-009487,6,6,4,42.293,1.72801
terrain-009488,6,6,4,83.422,231.567
terrain-009489,6,6,4,42.287,1.72829
terrain-009490,6,6,4,78.834,271.722
terrain-009491,6,6,4,42.217,1.72797
terrain-009492,6,6,4,42.553,1.44376
terrain-009493,6,6,4,42.619,1.46898
terrain-009494,6,6,4,66.875,400.866
terrain-009495,6,6,4,84.548,193.919
terrain-009496,6,6,4,84.53,200.483
terrain-009497,6,6,4,42.637,3.19471
terrain-009498,6,6,4,42.694,3.16132
terrain-009499,6,6,4,86.271,205.786
terrain-009500,6,6,4,42.504,2.371
terrain-009501,6,6,4,78.369,280.977
terrain-009502,6,6,4,79.312,291.585
terrain-009503,6,6,4,42.224,2.64236
terrain-009504,6,6,4,42.283,2.65413
terrain-009505,6,6,4,78.8,289.078
terrain-009506,6,6,4,42.422,3.16127
terrain-009507,6,6,4,72.682,371.02
terrain-009508,6,6,4,72.276,358.671
terrain-009509,6,6,4,42.167,2.65404
terrain-009510,6,6,4,71.721,354.898
terrain-009511,6,6,4,67.701,423.275
terrain-009512,6,6,4,81.416,254.485
terrain-009513,6,6,4,82.29,263.857
terrain-009514,6,6,4,42.256,2.1369
terrain-009515,6,6,4,42.312,2.16565
terrain-009516,6,6,4,82.43,266.948
terrain-009517,6,6,4,42.306,2.16585
terrain-009518,6,6,4,77.167,327.263
terrain-009519,6,6,4,76.525,319.335
terrain-009520,6,6,4,42.217,2.16558
terrain-009521,6,6,4,76.596,323.759
terrain-009522,6,6,4,92.331,119.129
terrain-009523,6,6,4,42.638,1.75415
terrain-009524,6,6,4,42.704,1.77347
terrain-009525,6,6,4,73.204,369.558
terrain-009526,6,6,4,86.804,183.443
terrain-009527,6,6,4,42.431,2.13712
terrain-009528,6,6,4,42.492,2.16587
terrain-009529,6,6,4,42.399,1.77344
terrain-009530,6,6,4,76.578,271.271
terrain-009531,6,6,4,77.479,281.473
terrain-009532,6,6,4,42.358,3.20173
terrain-009533,6,6,4,42.416,3.17263
terrain-009534,6,6,4,78.674,290.655
terrain-009535,6,6,4,42.393,3.14503
terrain-009536,6,6,4,70.661,354.801
terrain-009537,6,6,4,70.374,343.586
terrain-009538,6,6,4,42.277,3.17249
terrain-009539,6,6,4,71.54,357.136
terrain-009540,6,6,4,65.697,402.425
terrain-009541,6,6,4,75.723,361.127
terrain-009542,6,6,4,75.139,350.133
terrain-009543,6,6,4,42.216,2.47943
terrain-009544,6,6,4,75.087,353.02
terrain-009545,6,6,4,91.864,122.08
terrain-009546,6,6,4,42.602,1.84571
terrain-009547,6,6,4,42.669,1.86123
terrain-009548,6,6,4,71.195,411.437
terrain-009549,6,6,4,86.455,193.171
terrain-009550,6,6,4,42.47,2.45916
terrain-009551,6,6,4,42.532,2.47969
terrain-009552,6,6,4,42.348,1.86119
terrain-009553,6,6,4,80.635,275.135
terrain-009554,6,6,4,81.573,285.44
terrain-009555,6,6,4,42.268,2.45898
terrain-009556,6,6,4,42.324,2.47952
terrain-009557,6,6,4,81.585,287.418
terrain-009558,6,6,4,42.318,2.47966
terrain-009559,6,6,1024,101.28,583.754
terrain-009560,6,6,1024,43.411,65.6084
terrain-009561,6,6,1024,94.516,1734.96
terrain-009562,6,6,1024,101.273,1167.38
terrain-009563,6,6,1024,103.586,1104.02
terrain-009564,6,6,1024,43.472,66.0022
terrain-009565,6,6,1024,44.17,88.6744
terrain-009566,6,6,1024,101.258,2334.23
terrain-009567,6,6,1024,103.023,2094.49
terrain-009568,6,6,1024,43.364,63.4745
terrain-009569,6,6,1024,90.726,1643.39
terrain-009570,6,6,1024,101.528,1146.01
terrain-009571,6,6,1024,42.868,38.5646
terrain-009572,6,6,1024,43.27,52.0605
terrain-009573,6,6,1024,101.5,2291.01
terrain-009574,6,6,1024,106.972,2169.44
terrain-009575,6,6,1024,42.761,37.167
terrain-009576,6,6,1024,74.093,1000.46
terrain-009577,6,6,1024,42.811,38.4298
terrain-009578,6,6,1024,77.035,1033.68
terrain-009579,6,6,1024,102.123,2220.98
terrain-009580,6,6,1024,42.4,21.5906
terrain-009581,6,6,1024,62.36,595.377
terrain-009582,6,6,1024,42.455,22.3288
terrain-009583,6,6,1024,65.778,606.987
terrain-009584,6,6,1024,42.511,22.3742
terrain-009585,6,6,1024,42.72,30.2902
terrain-009586,6,6,1024,82.855,37800.9
terrain-009587,6,6,1024,42.326,314.774
terrain-009588,6,6,1024,94.612,18915.8
terrain-009589,6,6,1024,42.276,119.544
terrain-009590,6,6,1024,94.346,19589.6
terrain-009591,6,6,1024,42.371,152.009
terrain-009592,6,6,1024,42.174,114.489
terrain-009593,6,6,1024,42.223,118.259
terrain-009594,6,6,1024,91.186,16167.6
terrain-009595,6,6,1024,42.196,109.297
terrain-009596,6,6,1024,42.246,112.904
terrain-009597,6,6,1024,42.301,114.075
terrain-009598,6,6,1024,42.303,112.869
terrain-009599,6,6,1024,42.36,114.04
terrain-009600,6,6,1024,100.527,2136.05
terrain-009601,6,6,1024,42.646,55.7252
terrain-009602,6,6,1024,43.02,80.3094
terrain-009603,6,6,1024,100.501,4270.35
terrain-009604,6,6,1024,104.182,3530.96
terrain-009605,6,6,1024,42.592,57.4512
terrain-009606,6,6,1024,100.594,4395.63
terrain-009607,6,6,1024,68.644,1439.12
terrain-009608,6,6,1024,42.591,55.4443
terrain-009609,6,6,1024,72.114,1577.4
terrain-009610,6,6,1024,101.088,4153.87
terrain-009611,6,6,1024,42.397,40.9367
terrain-009612,6,6,1024,101.006,4268.98
terrain-009613,6,6,1024,62.081,986.278
terrain-009614,6,6,1024,42.4,38.4298
terrain-009615,6,6,1024,66.73,1173.42
terrain-009616,6,6,1024,42.458,38.5646
terrain-009617,6,6,1024,42.754,59.3152
terrain-009618,6,6,1024,102.339,4091.64
terrain-009619,6,6,1024,42.276,26.5957
terrain-009620,6,6,1024,60.107,712.921
terrain-009621,6,6,1024,42.336,27.2399
terrain-009622,6,6,1024,42.438,35.6867
terrain-009623,6,6,1024,42.263,29.1195
terrain-009624,6,6,1024,88.356,24370
terrain-009625,6,6,1024,90.393,27776.9
terrain-009626,6,6,1024,42.185,171.113
terrain-009627,6,6,1024,42.233,176.616
terrain-009628,6,6,1024,42.287,179.498
terrain-009629,6,6,1024,89.127,23192.2
terrain-009630,6,6,1024,42.281,176.551
terrain-009631,6,6,1024,42.338,179.431
terrain-009632,6,6,1024,42.415,179.335
terrain-009633,6,6,1024,99.552,7364.24
terrain-009634,6,6,1024,42.338,66.9862
terrain-009635,6,6,1024,99.594,7722.22
terrain-009636,6,6,1024,60.805,1534.56
terrain-009637,6,6,1024,42.386,69.235
terrain-009638,6,6,1024,62.913,1614.11
terrain-009639,6,6,1024,42.372,59.7098
terrain-009640,6,6,1024,42.552,82.2493
terrain-009641,6,6,1024,101.182,7414.95
terrain-009642,6,6,1024,42.274,48.9403
terrain-009643,6,6,1024,60.118,1214.49
terrain-009644,6,6,1024,42.329,49.1591
terrain-009645,6,6,1024,42.42,61.4563
terrain-009646,6,6,1024,42.276,56.1136
terrain-009647,6,6,1024,42.28,39.1634
terrain-009648,6,6,1024,42.374,52.0516
terrain-009649,6,6,1024,42.17,37.1631
terrain-009650,6,6,1024,42.224,39.0244
terrain-009651,6,6,1024,85.259,32337.6
terrain-009652,6,6,1024,42.255,245.96
terrain-009653,6,6,1024,42.312,251.583
terrain-009654,6,6,1024,42.367,251.439
terrain-009655,6,6,1024,98.704,12596.6
terrain-009656,6,6,1024,42.265,85.8415
terrain-009657,6,6,1024,98.541,13201.4
terrain-009658,6,6,1024,59.66,1982.74
terrain-009659,6,6,1024,42.319,86.5168
terrain-009660,6,6,1024,42.389,101.949
terrain-009661,6,6,1024,42.219,86.0216
terrain-009662,6,6,1024,97.046,11537.7
terrain-009663,6,6,1024,42.282,69.6643
terrain-009664,6,6,1024,42.375,91.0267
terrain-009665,6,6,1024,42.163,65.1747
terrain-009666,6,6,1024,42.213,67.3643
terrain-009667,6,6,1024,42.19,63.4553
terrain-009668,6,6,1024,42.244,65.5886
terrain-009669,6,6,1024,42.3,65.9822
terrain-009670,6,6,1024,89.253,18207.1
terrain-009671,6,6,1024,42.351,150.162
terrain-009672,6,6,1024,42.458,192.221
terrain-009673,6,6,1024,42.249,145.023
terrain-009674,6,6,1024,42.299,149.985
terrain-009675,6,6,1024,42.318,249.683
terrain-009676,6,6,1024,42.369,258.175
terrain-009677,6,6,1024,42.421,258.7
terrain-009678,6,6,1024,100.692,2229.46
terrain-009679,6,6,1024,42.672,58.7093
terrain-009680,6,6,1024,43.069,85.368
terrain-009681,6,6,1024,100.637,4455.13
terrain-009682,6,6,1024,110.554,4184.49
terrain-009683,6,6,1024,42.623,60.8912
terrain-009684,6,6,1024,69.808,1574.44
terrain-009685,6,6,1024,42.618,58.5493
terrain-009686,6,6,1024,73.182,1693.89
terrain-009687,6,6,1024,101.142,4319.42
terrain-009688,6,6,1024,42.411,42.6538
terrain-009689,6,6,1024,62.443,1047.83
terrain-009690,6,6,1024,42.412,39.8964
terrain-009691,6,6,1024,67.218,1236.45
terrain-009692,6,6,1024,42.47,39.9706
terrain-009693,6,6,1024,42.777,62.0294
terrain-009694,6,6,1024,42.281,27.2898
terrain-009695,6,6,1024,42.34,27.9339
terrain-009696,6,6,1024,42.269,29.9779
terrain-009697,6,6,1024,87.466,26723.5
terrain-009698,6,6,1024,89.991,30641.3
terrain-009699,6,6,1024,42.209,205.731
terrain-009700,6,6,1024,42.258,212.517
terrain-009701,6,6,1024,42.312,214.639
terrain-009702,6,6,1024,88.754,25107.5
terrain-009703,6,6,1024,42.317,212.424
terrain-009704,6,6,1024,42.374,214.545
terrain-009705,6,6,1024,99.721,7931.59
terrain-009706,6,6,1024,42.357,71.7098
terrain-009707,6,6,1024,99.699,8112.17
terrain-009708,6,6,1024,61.263,1689.38
terrain-009709,6,6,1024,42.405,74.1451
terrain-009710,6,6,1024,63.313,1736.29
terrain-009711,6,6,1024,42.384,63.149
terrain-009712,6,6,1024,42.572,87.5633
terrain-009713,6,6,1024,101.229,7751.73
terrain-009714,6,6,1024,42.282,51.3439
terrain-009715,6,6,1024,60.256,1282.13
terrain-009716,6,6,1024,42.337,51.4669
terrain-009717,6,6,1024,42.428,64.3748
terrain-009718,6,6,1024,42.288,59.3909
terrain-009719,6,6,1024,42.285,40.6141
terrain-009720,6,6,1024,42.174,38.5727
terrain-009721,6,6,1024,42.229,40.5373
terrain-009722,6,6,1024,84.178,36289.7
terrain-009723,6,6,1024,83.897,37229.8
terrain-009724,6,6,1024,42.3,321.626
terrain-009725,6,6,1024,42.357,326.507
terrain-009726,6,6,1024,82.817,29698.1
terrain-009727,6,6,1024,42.43,326.268
terrain-009728,6,6,1024,98.806,13668.7
terrain-009729,6,6,1024,42.279,93.5202
terrain-009730,6,6,1024,98.596,14031.7
terrain-009731,6,6,1024,59.852,2170.34
terrain-009732,6,6,1024,42.333,93.929
terrain-009733,6,6,1024,42.401,110.241
terrain-009734,6,6,1024,42.233,93.9707
terrain-009735,6,6,1024,96.868,12121.7
terrain-009736,6,6,1024,42.291,74.3914
terrain-009737,6,6,1024,42.385,97.5791
terrain-009738,6,6,1024,42.17,69.6379
terrain-009739,6,6,1024,42.221,72.0039
terrain-009740,6,6,1024,42.198,67.6783
terrain-009741,6,6,1024,42.253,69.9782
terrain-009742,6,6,1024,42.309,70.2071
terrain-009743,6,6,1024,81.275,43143.6
terrain-009744,6,6,1024,42.392,441.546
terrain-009745,6,6,1024,94.335,20668.9
terrain-009746,6,6,1024,42.29,134.175
terrain-009747,6,6,1024,94.089,21081.2
terrain-009748,6,6,1024,42.387,171.212
terrain-009749,6,6,1024,42.189,129.014
terrain-009750,6,6,1024,42.237,133.342
terrain-009751,6,6,1024,90.636,17088.9
terrain-009752,6,6,1024,42.213,122.459
terrain-009753,6,6,1024,42.264,126.573
terrain-009754,6,6,1024,42.318,127.323
terrain-009755,6,6,1024,42.327,126.527
terrain-009756,6,6,1024,42.384,127.277
terrain-009757,6,6,1024,99.736,8200
terrain-009758,6,6,1024,42.37,74.329
terrain-009759,6,6,1024,99.703,8276.23
terrain-009760,6,6,1024,61.558,1777.37
terrain-009761,6,6,1024,42.419,76.8694
terrain-009762,6,6,1024,63.569,1802.78
terrain-009763,6,6,1024,42.393,65.0205
terrain-009764,6,6,1024,42.586,90.4819
terrain-009765,6,6,1024,99.85,7708.76
terrain-009766,6,6,1024,42.289,52.6355
terrain-009767,6,6,1024,60.301,1317.49
terrain-009768,6,6,1024,42.343,52.7032
terrain-009769,6,6,1024,42.434,65.9371
terrain-009770,6,6,1024,42.297,61.1765
terrain-009771,6,6,1024,84.308,38166.8
terrain-009772,6,6,1024,83.999,39145.4
terrain-009773,6,6,1024,42.348,380.052
terrain-009774,6,6,1024,42.405,383.594
terrain-009775,6,6,1024,81.101,29405.7
terrain-009776,6,6,1024,42.492,383.26
terrain-009777,6,6,1024,98.783,14141.4
terrain-009778,6,6,1024,42.29,97.8963
terrain-009779,6,6,1024,98.571,14354.8
terrain-009780,6,6,1024,60.008,2275.24
terrain-009781,6,6,1024,42.344,98.1303
terrain-009782,6,6,1024,42.412,114.908
terrain-009783,6,6,1024,42.245,98.5201
terrain-009784,6,6,1024,95.208,11986.7
terrain-009785,6,6,1024,42.299,77.0023
terrain-009786,6,6,1024,42.392,101.214
terrain-009787,6,6,1024,42.177,72.1057
terrain-009788,6,6,1024,42.228,74.5701
terrain-009789,6,6,1024,81.248,45743.1
terrain-009790,6,6,1024,42.469,552.801
terrain-009791,6,6,1024,94.158,21378.9
terrain-009792,6,6,1024,42.304,142.915
terrain-009793,6,6,1024,93.946,21621.7
terrain-009794,6,6,1024,42.403,182.737
terrain-009795,6,6,1024,42.202,137.747
terrain-009796,6,6,1024,42.251,142.419
terrain-009797,6,6,1024,88.734,16792.3
terrain-009798,6,6,1024,42.227,130.301
terrain-009799,6,6,1024,42.279,134.723
terrain-009800,6,6,1024,42.333,135.167
terrain-009801,6,6,1024,75.394,42162.9
terrain-009802,6,6,1024,87.082,27599.7
terrain-009803,6,6,1024,90.335,31966.1
terrain-009804,6,6,1024,42.234,228.869
terrain-009805,6,6,1024,42.283,236.544
terrain-009806,6,6,1024,42.336,237.915
terrain-009807,6,6,1024,87.213,24896.1
terrain-009808,6,6,1024,42.349,236.427
terrain-009809,6,6,1024,42.406,237.798
terrain-009810,6,6,1024,96.92,13693.8
terrain-009811,6,6,1024,42.303,100.232
terrain-009812,6,6,1024,97.076,13908.7
terrain-009813,6,6,1024,60.122,2323.6
terrain-009814,6,6,1024,42.357,100.365
terrain-009815,6,6,1024,42.424,117.372
terrain-009816,6,6,1024,42.258,100.955
terrain-009817,6,6,1024,93.487,11511.9
terrain-009818,6,6,1024,42.309,78.3749
terrain-009819,6,6,1024,42.404,103.118
terrain-009820,6,6,1024,42.186,73.4034
terrain-009821,6,6,1024,42.238,75.9203
terrain-009822,6,6,1024,80.693,43028.8
terrain-009823,6,6,1024,42.568,632.104
terrain-009824,6,6,1024,92.186,20406
terrain-009825,6,6,1024,42.321,147.705
terrain-009826,6,6,1024,92.246,20643.6
terrain-009827,6,6,1024,42.422,189.049
terrain-009828,6,6,1024,42.219,142.554
terrain-009829,6,6,1024,42.269,147.416
terrain-009830,6,6,1024,87.04,15921.3
terrain-009831,6,6,1024,42.246,134.602
terrain-009832,6,6,1024,42.299,139.195
terrain-009833,6,6,1024,42.353,139.454
terrain-009834,6,6,1024,75.328,39929.6
terrain-009835,6,6,1024,85.356,26027.8
terrain-009836,6,6,1024,89.523,30579
terrain-009837,6,6,1024,42.265,242.452
terrain-009838,6,6,1024,42.315,250.656
terrain-009839,6,6,1024,42.368,251.495
terrain-009840,6,6,1024,86.862,23901.1
terrain-009841,6,6,1024,42.389,250.554
terrain-009842,6,6,1024,42.446,251.395
terrain-009843,6,6,1024,83.681,36210.2
terrain-009844,6,6,1024,83.366,37136.2
terrain-009845,6,6,1024,42.408,417.847
terrain-009846,6,6,1024,42.465,420.173
terrain-009847,6,6,1024,80.951,28051.3
terrain-009848,6,6,1024,42.567,419.86
terrain-009849,6,6,4,80.383,197.73
terrain-009850,6,6,4,42.22,1.23075
terrain-009851,6,6,4,42.453,1.06649
terrain-009852,6,6,4,42.517,1.09362
terrain-009853,6,6,4,88.707,140.816
terrain-009854,6,6,4,42.316,1.19678
terrain-009855,6,6,4,42.375,1.23106
terrain-009856,6,6,4,42.329,1.0936
terrain-009857,6,6,4,84.229,172.763
terrain-009858,6,6,4,42.219,1.19651
terrain-009859,6,6,4,42.274,1.23077
terrain-009860,6,6,4,42.268,1.23105
terrain-009861,6,6,4,67.719,311.895
terrain-009862,6,6,4,68.205,310.45
terrain-009863,6,6,4,42.261,3.15023
terrain-009864,6,6,4,67.987,305.842
terrain-009865,6,6,4,64.026,361.226
terrain-009866,6,6,4,89.982,119.227
terrain-009867,6,6,4,42.892,2.39946
terrain-009868,6,6,4,42.948,2.37558
terrain-009869,6,6,4,68.268,397.674
terrain-009870,6,6,4,85.732,194.349
terrain-009871,6,6,4,85.717,200.927
terrain-009872,6,6,4,42.422,2.50684
terrain-009873,6,6,4,42.485,2.52344
terrain-009874,6,6,4,84.921,195.314
terrain-009875,6,6,4,42.54,2.37551
terrain-009876,6,6,4,79.353,276.236
terrain-009877,6,6,4,79.072,278.258
terrain-009878,6,6,4,42.279,2.65835
terrain-009879,6,6,4,42.336,2.67219
terrain-009880,6,6,4,78.648,276.65
terrain-009881,6,6,4,42.267,2.5234
terrain-009882,6,6,4,71.764,338.928
terrain-009883,6,6,4,72.163,336.996
terrain-009884,6,6,4,42.219,2.67208
terrain-009885,6,6,4,71.694,334.629
terrain-009886,6,6,4,87.696,166.283
terrain-009887,6,6,4,42.38,1.69342
terrain-009888,6,6,4,42.44,1.72822
terrain-009889,6,6,4,42.369,1.4689
terrain-009890,6,6,4,82.406,216.979
terrain-009891,6,6,4,82.139,219.558
terrain-009892,6,6,4,42.241,1.69313
terrain-009893,6,6,4,42.296,1.72792
terrain-009894,6,6,4,82.573,224.264
terrain-009895,6,6,4,42.291,1.7282
terrain-009896,6,6,4,77.149,255.676
terrain-009897,6,6,4,42.221,1.72788
terrain-009898,6,6,4,42.555,1.4437
terrain-009899,6,6,4,42.621,1.46892
terrain-009900,6,6,4,64.67,356.166
terrain-009901,6,6,4,84.571,192.398
terrain-009902,6,6,4,84.555,198.923
terrain-009903,6,6,4,42.642,3.19356
terrain-009904,6,6,4,42.699,3.16018
terrain-009905,6,6,4,84.415,195.864
terrain-009906,6,6,4,42.507,2.36982
terrain-009907,6,6,4,77.89,273.184
terrain-009908,6,6,4,77.648,275.287
terrain-009909,6,6,4,42.228,2.64159
terrain-009910,6,6,4,42.287,2.65334
terrain-009911,6,6,4,77.15,272.866
terrain-009912,6,6,4,42.427,3.16012
terrain-009913,6,6,4,70.126,334.532
terrain-009914,6,6,4,70.561,332.377
terrain-009915,6,6,4,42.171,2.65323
terrain-009916,6,6,4,70.035,328.861
terrain-009917,6,6,4,66.445,391.257
terrain-009918,6,6,4,81.099,248.949
terrain-009919,6,6,4,80.816,251.297
terrain-009920,6,6,4,42.26,2.13648
terrain-009921,6,6,4,42.316,2.16521
terrain-009922,6,6,4,80.924,254.059
terrain-009923,6,6,4,42.309,2.16541
terrain-009924,6,6,4,74.698,299.759
terrain-009925,6,6,4,74.913,299.587
terrain-009926,6,6,4,42.221,2.16514
terrain-009927,6,6,4,74.949,303.414
terrain-009928,6,6,4,90.983,115.647
terrain-009929,6,6,4,42.64,1.75387
terrain-009930,6,6,4,42.706,1.77318
terrain-009931,6,6,4,71.955,346.604
terrain-009932,6,6,4,86.984,182.616
terrain-009933,6,6,4,42.435,2.13671
terrain-009934,6,6,4,42.496,2.16544
terrain-009935,6,6,4,42.402,1.77314
terrain-009936,6,6,4,75.887,261.823
terrain-009937,6,6,4,75.696,264.084
terrain-009938,6,6,4,42.363,3.20031
terrain-009939,6,6,4,42.421,3.17123
terrain-009940,6,6,4,76.127,267.295
terrain-009941,6,6,4,42.397,3.14296
terrain-009942,6,6,4,68.143,318.131
terrain-009943,6,6,4,68.627,316.604
terrain-009944,6,6,4,42.282,3.17108
terrain-009945,6,6,4,69.028,321.059
terrain-009946,6,6,4,64.415,369.582
terrain-009947,6,6,4,72.829,324.965
terrain-009948,6,6,4,73.15,323.594
terrain-009949,6,6,4,42.22,2.47866
terrain-009950,6,6,4,73.069,325.922
terrain-009951,6,6,4,90.312,118.011
terrain-009952,6,6,4,42.604,1.84529
terrain-009953,6,6,4,42.67,1.8608
terrain-009954,6,6,4,69.608,379.143
terrain-009955,6,6,4,86.37,191.175
terrain-009956,6,6,4,42.475,2.45841
terrain-009957,6,6,4,42.536,2.47893
terrain-009958,6,6,4,42.351,1.86075
terrain-009959,6,6,4,79.984,266.616
terrain-009960,6,6,4,79.702,268.775
terrain-009961,6,6,4,42.272,2.45823
terrain-009962,6,6,4,42.328,2.47875
terrain-009963,6,6,4,79.685,270.44
terrain-009964,6,6,4,42.323,2.47889
terrain-009965,6,6,1024,100.576,578.302
terrain-009966,6,6,1024,43.408,65.5979
terrain-009967,6,6,1024,94.173,1727.21
terrain-009968,6,6,1024,100.569,1156.48
terrain-009969,6,6,1024,102.985,1095.79
terrain-009970,6,6,1024,43.468,65.9916
terrain-009971,6,6,1024,44.165,88.6541
terrain-009972,6,6,1024,100.555,2312.44
terrain-009973,6,6,1024,102.452,2079.54
terrain-009974,6,6,1024,43.36,63.4643
terrain-009975,6,6,1024,90.418,1636.44
terrain-009976,6,6,1024,101.114,1141.53
terrain-009977,6,6,1024,42.865,38.5623
terrain-009978,6,6,1024,43.266,52.056
terrain-009979,6,6,1024,101.085,2282.07
terrain-009980,6,6,1024,106.644,2164.28
terrain-009981,6,6,1024,42.759,37.1647
terrain-009982,6,6,1024,73.962,998.793
terrain-009983,6,6,1024,42.809,38.4275
terrain-009984,6,6,1024,76.894,1031.9
terrain-009985,6,6,1024,101.433,2203.27
terrain-009986,6,6,1024,42.399,21.5897
terrain-009987,6,6,1024,62.279,594.639
terrain-009988,6,6,1024,42.453,22.3278
terrain-009989,6,6,1024,65.691,606.215
terrain-009990,6,6,1024,42.509,22.3733
terrain-009991,6,6,1024,42.717,30.2883
terrain-009992,6,6,1024,81.942,36383.1
terrain-009993,6,6,1024,42.332,314.549
terrain-009994,6,6,1024,95.593,19034.5
terrain-009995,6,6,1024,42.282,119.51
terrain-009996,6,6,1024,95.412,19735.9
terrain-009997,6,6,1024,42.378,151.949
terrain-009998,6,6,1024,42.18,114.456
terrain-009999,6,6,1024,42.229,118.225
terrain-010000,6,6,1024,94.622,17025.8
terrain-010001,6,6,1024,42.202,109.278
terrain-010002,6,6,1024,42.252,112.884
terrain-010003,6,6,1024,42.306,114.055
terrain-010004,6,6,1024,42.31,112.844
terrain-010005,6,6,1024,42.367,114.015
terrain-010006,6,6,1024,99.603,2107.3
terrain-010007,6,6,1024,42.645,55.7177
terrain-010008,6,6,1024,43.019,80.2927
terrain-010009,6,6,1024,99.577,4212.91
terrain-010010,6,6,1024,103.504,3498.96
terrain-010011,6,6,1024,42.591,57.4428
terrain-010012,6,6,1024,99.642,4335.33
terrain-010013,6,6,1024,68.505,1433.79
terrain-010014,6,6,1024,42.59,55.4368
terrain-010015,6,6,1024,71.963,1571
terrain-010016,6,6,1024,100.272,4111.68
terrain-010017,6,6,1024,42.396,40.934
terrain-010018,6,6,1024,100.135,4222.85
terrain-010019,6,6,1024,61.998,984.655
terrain-010020,6,6,1024,42.398,38.4275
terrain-010021,6,6,1024,66.634,1171.13
terrain-010022,6,6,1024,42.457,38.5623
terrain-010023,6,6,1024,42.751,59.3094
terrain-010024,6,6,1024,101.374,4042.2
terrain-010025,6,6,1024,42.276,26.5943
terrain-010026,6,6,1024,60.04,711.856
terrain-010027,6,6,1024,42.334,27.2385
terrain-010028,6,6,1024,42.436,35.684
terrain-010029,6,6,1024,42.262,29.1178
terrain-010030,6,6,1024,88.947,24177.1
terrain-010031,6,6,1024,89.795,27057.3
terrain-010032,6,6,1024,42.19,171.039
terrain-010033,6,6,1024,42.238,176.538
terrain-010034,6,6,1024,42.292,179.419
terrain-010035,6,6,1024,90.159,23453
terrain-010036,6,6,1024,42.285,176.502
terrain-010037,6,6,1024,42.343,179.381
terrain-010038,6,6,1024,42.419,179.275
terrain-010039,6,6,1024,97.84,7164.03
terrain-010040,6,6,1024,42.338,66.9748
terrain-010041,6,6,1024,98.003,7529.42
terrain-010042,6,6,1024,60.71,1528.5
terrain-010043,6,6,1024,42.386,69.2233
terrain-010044,6,6,1024,62.804,1607.4
terrain-010045,6,6,1024,42.371,59.7012
terrain-010046,6,6,1024,42.551,82.2318
terrain-010047,6,6,1024,100.059,7301.19
terrain-010048,6,6,1024,42.276,48.9366
terrain-010049,6,6,1024,60.049,1212.03
terrain-010050,6,6,1024,42.33,49.1553
terrain-010051,6,6,1024,42.418,61.45
terrain-010052,6,6,1024,42.275,56.1085
terrain-010053,6,6,1024,42.284,39.1604
terrain-010054,6,6,1024,42.381,52.0459
terrain-010055,6,6,1024,42.174,37.1604
terrain-010056,6,6,1024,42.228,39.0214
terrain-010057,6,6,1024,84.335,31130.9
terrain-010058,6,6,1024,42.262,245.812
terrain-010059,6,6,1024,42.319,251.43
terrain-010060,6,6,1024,42.369,251.341
terrain-010061,6,6,1024,96.337,12092.6
terrain-010062,6,6,1024,42.269,85.8235
terrain-010063,6,6,1024,96.141,12664.7
terrain-010064,6,6,1024,59.566,1972.62
terrain-010065,6,6,1024,42.323,86.4987
terrain-010066,6,6,1024,42.389,101.922
terrain-010067,6,6,1024,42.22,86.0029
terrain-010068,6,6,1024,100.976,12225
terrain-010069,6,6,1024,42.288,69.6568
terrain-010070,6,6,1024,42.38,91.0128
terrain-010071,6,6,1024,42.166,65.1678
terrain-010072,6,6,1024,42.217,67.3571
terrain-010073,6,6,1024,42.195,63.4472
terrain-010074,6,6,1024,42.249,65.5802
terrain-010075,6,6,1024,42.306,65.9738
terrain-010076,6,6,1024,89.837,18153.8
terrain-010077,6,6,1024,42.359,150.116
terrain-010078,6,6,1024,42.466,192.141
terrain-010079,6,6,1024,42.257,144.979
terrain-010080,6,6,1024,42.307,149.939
terrain-010081,6,6,1024,42.326,249.549
terrain-010082,6,6,1024,42.377,258.036
terrain-010083,6,6,1024,42.429,258.562
terrain-010084,6,6,1024,99.931,2205.66
terrain-010085,6,6,1024,42.671,58.7034
terrain-010086,6,6,1024,43.068,85.3546
terrain-010087,6,6,1024,99.877,4407.61
terrain-010088,6,6,1024,109.94,4154.9
terrain-010089,6,6,1024,42.622,60.8846
terrain-010090,6,6,1024,69.682,1569.91
terrain-010091,6,6,1024,42.616,58.5434
terrain-010092,6,6,1024,73.054,1688.65
terrain-010093,6,6,1024,100.168,4264.32
terrain-010094,6,6,1024,42.41,42.6514
terrain-010095,6,6,1024,62.36,1046.38
terrain-010096,6,6,1024,42.41,39.8944
terrain-010097,6,6,1024,67.127,1234.41
terrain-010098,6,6,1024,42.468,39.9686
terrain-010099,6,6,1024,42.775,62.0243
terrain-010100,6,6,1024,42.28,27.288
terrain-010101,6,6,1024,42.339,27.932
terrain-010102,6,6,1024,42.268,29.9756
terrain-010103,6,6,1024,89.25,27126.1
terrain-010104,6,6,1024,90.659,30578.2
terrain-010105,6,6,1024,42.215,205.655
terrain-010106,6,6,1024,42.264,212.438
terrain-010107,6,6,1024,42.317,214.559
terrain-010108,6,6,1024,89.948,25445.6
terrain-010109,6,6,1024,42.322,212.368
terrain-010110,6,6,1024,42.38,214.488
terrain-010111,6,6,1024,98.225,7745.85
terrain-010112,6,6,1024,42.357,71.7006
terrain-010113,6,6,1024,98.416,7952.36
terrain-010114,6,6,1024,61.179,1684.17
terrain-010115,6,6,1024,42.406,74.1357
terrain-010116,6,6,1024,63.219,1730.78
terrain-010117,6,6,1024,42.383,63.1422
terrain-010118,6,6,1024,42.571,87.5492
terrain-010119,6,6,1024,99.968,7614.9
terrain-010120,6,6,1024,42.284,51.3406
terrain-010121,6,6,1024,60.191,1279.93
terrain-010122,6,6,1024,42.338,51.4636
terrain-010123,6,6,1024,42.426,64.3692
terrain-010124,6,6,1024,42.287,59.3863
terrain-010125,6,6,1024,42.289,40.61
terrain-010126,6,6,1024,42.178,38.569
terrain-010127,6,6,1024,42.232,40.5333
terrain-010128,6,6,1024,84.521,35886.1
terrain-010129,6,6,1024,84.236,36815.2
terrain-010130,6,6,1024,42.308,321.449
terrain-010131,6,6,1024,42.365,326.325
terrain-010132,6,6,1024,84.196,30401.1
terrain-010133,6,6,1024,42.432,326.136
terrain-010134,6,6,1024,96.866,13221.9
terrain-010135,6,6,1024,42.283,93.5052
terrain-010136,6,6,1024,96.711,13585.5
terrain-010137,6,6,1024,59.774,2161.73
terrain-010138,6,6,1024,42.337,93.914
terrain-010139,6,6,1024,42.401,110.219
terrain-010140,6,6,1024,42.234,93.955
terrain-010141,6,6,1024,100.966,12873.2
terrain-010142,6,6,1024,42.297,74.3846
terrain-010143,6,6,1024,42.39,97.5664
terrain-010144,6,6,1024,42.174,69.6316
terrain-010145,6,6,1024,42.224,71.9974
terrain-010146,6,6,1024,42.204,67.6667
terrain-010147,6,6,1024,42.259,69.9661
terrain-010148,6,6,1024,42.316,70.1951
terrain-010149,6,6,1024,81.726,42827.5
terrain-010150,6,6,1024,42.4,441.244
terrain-010151,6,6,1024,96.415,21193
terrain-010152,6,6,1024,42.297,134.144
terrain-010153,6,6,1024,96.282,21657.9
terrain-010154,6,6,1024,42.394,171.158
terrain-010155,6,6,1024,42.195,128.985
terrain-010156,6,6,1024,42.244,133.311
terrain-010157,6,6,1024,94.275,18054.8
terrain-010158,6,6,1024,42.219,122.44
terrain-010159,6,6,1024,42.27,126.553
terrain-010160,6,6,1024,42.324,127.303
terrain-010161,6,6,1024,42.336,126.488
terrain-010162,6,6,1024,42.392,127.238
terrain-010163,6,6,1024,98.308,8016.3
terrain-010164,6,6,1024,42.37,74.3212
terrain-010165,6,6,1024,98.511,8124.37
terrain-010166,6,6,1024,61.481,1772.75
terrain-010167,6,6,1024,42.419,76.8613
terrain-010168,6,6,1024,63.485,1798.01
terrain-010169,6,6,1024,42.392,65.0148
terrain-010170,6,6,1024,42.585,90.4698
terrain-010171,6,6,1024,97.945,7486.3
terrain-010172,6,6,1024,42.29,52.6307
terrain-010173,6,6,1024,60.221,1314.29
terrain-010174,6,6,1024,42.345,52.6984
terrain-010175,6,6,1024,42.432,65.929
terrain-010176,6,6,1024,42.296,61.1698
terrain-010177,6,6,1024,85.053,38013.9
terrain-010178,6,6,1024,84.735,38986.2
terrain-010179,6,6,1024,42.357,379.854
terrain-010180,6,6,1024,42.414,383.394
terrain-010181,6,6,1024,81.065,29111.3
terrain-010182,6,6,1024,42.495,383.008
terrain-010183,6,6,1024,96.97,13704.4
terrain-010184,6,6,1024,42.295,97.8831
terrain-010185,6,6,1024,96.835,13929.3
terrain-010186,6,6,1024,59.942,2267.64
terrain-010187,6,6,1024,42.348,98.1171
terrain-010188,6,6,1024,42.411,114.888
terrain-010189,6,6,1024,42.246,98.5063
terrain-010190,6,6,1024,98.172,12510
terrain-010191,6,6,1024,42.304,76.992
terrain-010192,6,6,1024,42.398,101.195
terrain-010193,6,6,1024,42.18,72.0963
terrain-010194,6,6,1024,42.231,74.5604
terrain-010195,6,6,1024,82.14,45798.2
terrain-010196,6,6,1024,42.479,552.432
terrain-010197,6,6,1024,96.599,22042.8
terrain-010198,6,6,1024,42.311,142.887
terrain-010199,6,6,1024,96.485,22332.7
terrain-010200,6,6,1024,42.41,182.688
terrain-010201,6,6,1024,42.209,137.72
terrain-010202,6,6,1024,42.258,142.391
terrain-010203,6,6,1024,91.105,17350.9
terrain-010204,6,6,1024,42.233,130.271
terrain-010205,6,6,1024,42.285,134.691
terrain-010206,6,6,1024,42.339,135.136
terrain-010207,6,6,1024,73.161,39150.7
terrain-010208,6,6,1024,89.232,28193.4
terrain-010209,6,6,1024,91.406,32108
terrain-010210,6,6,1024,42.24,228.793
terrain-010211,6,6,1024,42.29,236.466
terrain-010212,6,6,1024,42.343,237.837
terrain-010213,6,6,1024,87.015,24512.4
terrain-010214,6,6,1024,42.355,236.331
terrain-010215,6,6,1024,42.413,237.701
terrain-010216,6,6,1024,94.569,13129
terrain-010217,6,6,1024,42.308,100.213
terrain-010218,6,6,1024,94.725,13336.7
terrain-010219,6,6,1024,60.03,2312.84
terrain-010220,6,6,1024,42.361,100.347
terrain-010221,6,6,1024,42.424,117.344
terrain-010222,6,6,1024,42.259,100.935
terrain-010223,6,6,1024,95.998,11924.8
terrain-010224,6,6,1024,42.315,78.3633
terrain-010225,6,6,1024,42.41,103.096
terrain-010226,6,6,1024,42.19,73.3928
terrain-010227,6,6,1024,42.242,75.9092
terrain-010228,6,6,1024,79.906,41349
terrain-010229,6,6,1024,42.579,631.42
terrain-010230,6,6,1024,93.378,20597.7
terrain-010231,6,6,1024,42.328,147.665
terrain-010232,6,6,1024,93.482,20851.3
terrain-010233,6,6,1024,42.43,188.977
terrain-010234,6,6,1024,42.226,142.514
terrain-010235,6,6,1024,42.276,147.375
terrain-010236,6,6,1024,88.795,16245.6
terrain-010237,6,6,1024,42.253,134.566
terrain-010238,6,6,1024,42.306,139.158
terrain-010239,6,6,1024,42.36,139.418
terrain-010240,6,6,1024,72.111,35932
terrain-010241,6,6,1024,86.145,25876.4
terrain-010242,6,6,1024,89.042,29789.9
terrain-010243,6,6,1024,42.272,242.336
terrain-010244,6,6,1024,42.322,250.536
terrain-010245,6,6,1024,42.375,251.375
terrain-010246,6,6,1024,86.005,23137.2
terrain-010247,6,6,1024,42.396,250.435
terrain-010248,6,6,1024,42.454,251.276
terrain-010249,6,6,1024,82.867,34812.6
terrain-010250,6,6,1024,82.564,35709.5
terrain-010251,6,6,1024,42.418,417.519
terrain-010252,6,6,1024,42.475,419.844
terrain-010253,6,6,1024,80.266,27233.4
terrain-010254,6,6,1024,42.572,419.528
terrain-010255,7,7,4,83.514,212.376
terrain-010256,7,7,4,42.334,1.23068
terrain-010257,7,7,4,42.571,1.06643
terrain-010258,7,7,4,42.636,1.09356
terrain-010259,7,7,4,90.589,144.909
terrain-010260,7,7,4,42.43,1.19672
terrain-010261,7,7,4,42.49,1.23099
terrain-010262,7,7,4,42.445,1.09355
terrain-010263,7,7,4,86.004,178.734
terrain-010264,7,7,4,86.653,184.809
terrain-010265,7,7,4,42.333,1.19644
terrain-010266,7,7,4,42.389,1.2307
terrain-010267,7,7,4,87.624,191.36
terrain-010268,7,7,4,42.383,1.23098
terrain-010269,7,7,4,72.095,362.995
terrain-010270,7,7,4,71.85,351.728
terrain-010271,7,7,4,42.375,3.15237
terrain-010272,7,7,4,71.76,347.984
terrain-010273,7,7,4,66.897,410.63
terrain-010274,7,7,4,94.518,128.218
terrain-010275,7,7,4,43.018,2.40018
terrain-010276,7,7,4,43.075,2.37629
terrain-010277,7,7,4,71.054,442.389
terrain-010278,7,7,4,88.276,203.251
terrain-010279,7,7,4,88.257,210.117
terrain-010280,7,7,4,42.538,2.50762
terrain-010281,7,7,4,42.602,2.52424
terrain-010282,7,7,4,88.523,208.801
terrain-010283,7,7,4,42.659,2.37623
terrain-010284,7,7,4,81.951,293.804
terrain-010285,7,7,4,82.97,304.663
terrain-010286,7,7,4,42.392,2.65922
terrain-010287,7,7,4,42.451,2.67308
terrain-010288,7,7,4,82.509,302.94
terrain-010289,7,7,4,42.381,2.5242
terrain-010290,7,7,4,81.194,289.889
terrain-010291,7,7,4,76.2,387.566
terrain-010292,7,7,4,75.703,374.775
terrain-010293,7,7,4,42.332,2.67298
terrain-010294,7,7,4,75.184,372.162
terrain-010295,7,7,4,77.625,313.478
terrain-010296,7,7,4,89.962,172.58
terrain-010297,7,7,4,42.496,1.69355
terrain-010298,7,7,4,42.556,1.72836
terrain-010299,7,7,4,42.485,1.469
terrain-010300,7,7,4,84.636,227.453
terrain-010301,7,7,4,85.447,235.476
terrain-010302,7,7,4,42.355,1.69325
terrain-010303,7,7,4,42.411,1.72806
terrain-010304,7,7,4,85.992,240.931
terrain-010305,7,7,4,42.405,1.72835
terrain-010306,7,7,4,81.027,282.127
terrain-010307,7,7,4,42.334,1.72802
terrain-010308,7,7,4,95.483,116.456
terrain-010309,7,7,4,42.676,1.4438
terrain-010310,7,7,4,42.743,1.46902
terrain-010311,7,7,4,67.987,409.457
terrain-010312,7,7,4,87.065,201.241
terrain-010313,7,7,4,87.045,208.05
terrain-010314,7,7,4,42.761,3.1949
terrain-010315,7,7,4,42.819,3.1615
terrain-010316,7,7,4,88.821,213.148
terrain-010317,7,7,4,42.626,2.37105
terrain-010318,7,7,4,80.404,290.623
terrain-010319,7,7,4,81.405,301.38
terrain-010320,7,7,4,42.341,2.64249
terrain-010321,7,7,4,81.6,303.578
terrain-010322,7,7,4,42.401,2.65426
terrain-010323,7,7,4,80.849,298.662
terrain-010324,7,7,4,81.048,300.864
terrain-010325,7,7,4,42.543,3.16145
terrain-010326,7,7,4,81.395,297.947
terrain-010327,7,7,4,74.305,382.268
terrain-010328,7,7,4,73.915,369.556
terrain-010329,7,7,4,42.283,2.65417
terrain-010330,7,7,4,73.316,365.495
terrain-010331,7,7,4,69.023,435.135
terrain-010332,7,7,4,83.748,264.177
terrain-010333,7,7,4,84.678,273.735
terrain-010334,7,7,4,42.374,2.13698
terrain-010335,7,7,4,42.43,2.16573
terrain-010336,7,7,4,84.848,277.063
terrain-010337,7,7,4,42.424,2.16593
terrain-010338,7,7,4,79.174,338.866
terrain-010339,7,7,4,78.52,330.572
terrain-010340,7,7,4,42.334,2.16566
terrain-010341,7,7,4,78.616,335.314
terrain-010342,7,7,4,95.553,124.283
terrain-010343,7,7,4,42.762,1.7542
terrain-010344,7,7,4,42.829,1.77353
terrain-010345,7,7,4,74.949,382.084
terrain-010346,7,7,4,89.581,190.943
terrain-010347,7,7,4,89.571,197.333
terrain-010348,7,7,4,42.552,2.1372
terrain-010349,7,7,4,42.613,2.16596
terrain-010350,7,7,4,90.42,198.825
terrain-010351,7,7,4,42.519,1.77349
terrain-010352,7,7,4,78.438,279.962
terrain-010353,7,7,4,79.393,290.287
terrain-010354,7,7,4,42.477,3.2019
terrain-010355,7,7,4,79.604,292.413
terrain-010356,7,7,4,42.537,3.1728
terrain-010357,7,7,4,80.588,299.31
terrain-010358,7,7,4,80.8,301.451
terrain-010359,7,7,4,42.513,3.14511
terrain-010360,7,7,4,79.872,287.478
terrain-010361,7,7,4,72.106,364.596
terrain-010362,7,7,4,71.844,353.141
terrain-010363,7,7,4,42.395,3.17266
terrain-010364,7,7,4,73.002,366.362
terrain-010365,7,7,4,66.857,412.555
terrain-010366,7,7,4,77.595,373.209
terrain-010367,7,7,4,77.01,361.792
terrain-010368,7,7,4,42.333,2.47953
terrain-010369,7,7,4,76.966,364.882
terrain-010370,7,7,4,95.015,127.249
terrain-010371,7,7,4,42.725,1.84576
terrain-010372,7,7,4,42.793,1.86129
terrain-010373,7,7,4,72.777,424.412
terrain-010374,7,7,4,89.174,200.884
terrain-010375,7,7,4,89.159,207.655
terrain-010376,7,7,4,42.592,2.45926
terrain-010377,7,7,4,42.654,2.4798
terrain-010378,7,7,4,89.378,206.311
terrain-010379,7,7,4,42.467,1.86125
terrain-010380,7,7,4,82.879,285.239
terrain-010381,7,7,4,83.875,295.72
terrain-010382,7,7,4,42.386,2.45908
terrain-010383,7,7,4,42.443,2.47962
terrain-010384,7,7,4,83.9,297.849
terrain-010385,7,7,4,42.437,2.47976
terrain-010386,7,7,1024,105.193,610.537
terrain-010387,7,7,1024,43.548,65.6085
terrain-010388,7,7,1024,95.51,1734.99
terrain-010389,7,7,1024,105.185,1220.93
terrain-010390,7,7,1024,107.341,1149.44
terrain-010391,7,7,1024,43.61,66.0022
terrain-010392,7,7,1024,44.32,88.6745
terrain-010393,7,7,1024,105.169,2441.29
terrain-010394,7,7,1024,106.598,2175.83
terrain-010395,7,7,1024,43.5,63.4745
terrain-010396,7,7,1024,91.657,1643.42
terrain-010397,7,7,1024,105.333,1195.58
terrain-010398,7,7,1024,42.996,38.5646
terrain-010399,7,7,1024,43.405,52.0606
terrain-010400,7,7,1024,105.302,2390.06
terrain-010401,7,7,1024,110.883,2256.27
terrain-010402,7,7,1024,42.888,37.167
terrain-010403,7,7,1024,74.759,1000.47
terrain-010404,7,7,1024,42.939,38.4298
terrain-010405,7,7,1024,77.749,1033.68
terrain-010406,7,7,1024,105.825,2309.94
terrain-010407,7,7,1024,42.521,21.5906
terrain-010408,7,7,1024,62.838,595.381
terrain-010409,7,7,1024,42.576,22.3288
terrain-010410,7,7,1024,66.312,606.991
terrain-010411,7,7,1024,42.634,22.3742
terrain-010412,7,7,1024,42.847,30.2903
terrain-010413,7,7,1024,84.237,38358.7
terrain-010414,7,7,1024,42.444,314.775
terrain-010415,7,7,1024,96.133,19113
terrain-010416,7,7,1024,42.394,119.545
terrain-010417,7,7,1024,95.809,19775
terrain-010418,7,7,1024,42.49,152.009
terrain-010419,7,7,1024,42.29,114.489
terrain-010420,7,7,1024,42.339,118.259
terrain-010421,7,7,1024,92.247,16217.3
terrain-010422,7,7,1024,42.312,109.297
terrain-010423,7,7,1024,42.363,112.904
terrain-010424,7,7,1024,42.419,114.075
terrain-010425,7,7,1024,42.421,112.869
terrain-010426,7,7,1024,42.479,114.04
terrain-010427,7,7,1024,104.31,2229.67
terrain-010428,7,7,1024,42.771,55.7253
terrain-010429,7,7,1024,43.151,80.3095
terrain-010430,7,7,1024,104.281,4457.43
terrain-010431,7,7,1024,107.441,3645.37
terrain-010432,7,7,1024,42.715,57.4512
terrain-010433,7,7,1024,104.371,4586.68
terrain-010434,7,7,1024,69.219,1439.15
terrain-010435,7,7,1024,42.715,55.4443
terrain-010436,7,7,1024,72.735,1577.43
terrain-010437,7,7,1024,104.651,4315.5
terrain-010438,7,7,1024,42.517,40.9367
terrain-010439,7,7,1024,104.605,4436.67
terrain-010440,7,7,1024,62.552,986.283
terrain-010441,7,7,1024,42.521,38.4298
terrain-010442,7,7,1024,67.265,1173.43
terrain-010443,7,7,1024,42.58,38.5646
terrain-010444,7,7,1024,42.88,59.3153
terrain-010445,7,7,1024,104.874,4178.97
terrain-010446,7,7,1024,42.393,26.5957
terrain-010447,7,7,1024,60.534,712.925
terrain-010448,7,7,1024,42.454,27.2399
terrain-010449,7,7,1024,42.56,35.6867
terrain-010450,7,7,1024,42.38,29.1195
terrain-010451,7,7,1024,89.774,24657.7
terrain-010452,7,7,1024,91.898,28122.4
terrain-010453,7,7,1024,42.301,171.114
terrain-010454,7,7,1024,42.35,176.616
terrain-010455,7,7,1024,42.404,179.498
terrain-010456,7,7,1024,90.183,23280.7
terrain-010457,7,7,1024,42.398,176.551
terrain-010458,7,7,1024,42.456,179.431
terrain-010459,7,7,1024,42.535,179.335
terrain-010460,7,7,1024,103.075,7658.14
terrain-010461,7,7,1024,42.456,66.9862
terrain-010462,7,7,1024,103.123,8026.68
terrain-010463,7,7,1024,61.252,1534.58
terrain-010464,7,7,1024,42.505,69.235
terrain-010465,7,7,1024,103.053,8258.89
terrain-010466,7,7,1024,63.396,1614.13
terrain-010467,7,7,1024,42.492,59.7099
terrain-010468,7,7,1024,42.676,82.2494
terrain-010469,7,7,1024,102.901,7488.29
terrain-010470,7,7,1024,42.391,48.9403
terrain-010471,7,7,1024,102.674,7696.32
terrain-010472,7,7,1024,60.532,1214.49
terrain-010473,7,7,1024,42.447,49.1591
terrain-010474,7,7,1024,42.54,61.4563
terrain-010475,7,7,1024,42.393,56.1136
terrain-010476,7,7,1024,99.487,6470.46
terrain-010477,7,7,1024,42.398,39.1634
terrain-010478,7,7,1024,42.493,52.0516
terrain-010479,7,7,1024,42.285,37.1632
terrain-010480,7,7,1024,42.341,39.0244
terrain-010481,7,7,1024,86.638,32756.9
terrain-010482,7,7,1024,86.382,33614.3
terrain-010483,7,7,1024,42.372,245.961
terrain-010484,7,7,1024,42.43,251.583
terrain-010485,7,7,1024,84.722,27241.4
terrain-010486,7,7,1024,42.486,251.439
terrain-010487,7,7,1024,100.66,12788.2
terrain-010488,7,7,1024,42.382,85.8416
terrain-010489,7,7,1024,100.432,13388
terrain-010490,7,7,1024,60.065,1982.77
terrain-010491,7,7,1024,42.437,86.5169
terrain-010492,7,7,1024,100.309,13709.4
terrain-010493,7,7,1024,42.509,101.949
terrain-010494,7,7,1024,42.335,86.0217
terrain-010495,7,7,1024,98.187,11566.3
terrain-010496,7,7,1024,42.4,69.6643
terrain-010497,7,7,1024,97.912,11812.8
terrain-010498,7,7,1024,42.494,91.0267
terrain-010499,7,7,1024,42.279,65.1747
terrain-010500,7,7,1024,42.33,67.3643
terrain-010501,7,7,1024,95.074,9750.53
terrain-010502,7,7,1024,42.306,63.4553
terrain-010503,7,7,1024,42.361,65.5886
terrain-010504,7,7,1024,42.417,65.9823
terrain-010505,7,7,1024,90.304,18268.3
terrain-010506,7,7,1024,42.47,150.165
terrain-010507,7,7,1024,42.578,192.226
terrain-010508,7,7,1024,42.366,145.026
terrain-010509,7,7,1024,42.417,149.988
terrain-010510,7,7,1024,83.766,22654.9
terrain-010511,7,7,1024,42.436,249.692
terrain-010512,7,7,1024,42.487,258.184
terrain-010513,7,7,1024,42.541,258.709
terrain-010514,7,7,1024,83.728,31377.4
terrain-010515,7,7,1024,42.625,439.195
terrain-010516,7,7,1024,42.682,440.705
terrain-010517,7,7,1024,81.045,36532.5
terrain-010518,7,7,1024,42.848,679.748
terrain-010519,7,7,1024,104.4,2323.93
terrain-010520,7,7,1024,42.797,58.7093
terrain-010521,7,7,1024,43.201,85.3681
terrain-010522,7,7,1024,104.339,4643.73
terrain-010523,7,7,1024,114.585,4346.7
terrain-010524,7,7,1024,42.747,60.8913
terrain-010525,7,7,1024,104.395,4710.45
terrain-010526,7,7,1024,70.405,1574.46
terrain-010527,7,7,1024,42.742,58.5493
terrain-010528,7,7,1024,73.822,1693.91
terrain-010529,7,7,1024,104.716,4487.71
terrain-010530,7,7,1024,42.532,42.6538
terrain-010531,7,7,1024,104.627,4550.15
terrain-010532,7,7,1024,62.922,1047.84
terrain-010533,7,7,1024,42.532,39.8964
terrain-010534,7,7,1024,67.762,1236.46
terrain-010535,7,7,1024,42.591,39.9706
terrain-010536,7,7,1024,42.904,62.0295
terrain-010537,7,7,1024,103.512,4183.66
terrain-010538,7,7,1024,42.398,27.2898
terrain-010539,7,7,1024,60.558,735.486
terrain-010540,7,7,1024,42.459,27.9339
terrain-010541,7,7,1024,42.564,36.6511
terrain-010542,7,7,1024,42.386,29.9779
terrain-010543,7,7,1024,76.404,40173.7
terrain-010544,7,7,1024,88.493,26828
terrain-010545,7,7,1024,91.082,30769.8
terrain-010546,7,7,1024,42.326,205.731
terrain-010547,7,7,1024,42.375,212.517
terrain-010548,7,7,1024,42.429,214.64
terrain-010549,7,7,1024,89.636,25115.3
terrain-010550,7,7,1024,42.435,212.424
terrain-010551,7,7,1024,42.493,214.546
terrain-010552,7,7,1024,42.588,214.401
terrain-010553,7,7,1024,103.091,8225.12
terrain-010554,7,7,1024,42.476,71.7098
terrain-010555,7,7,1024,103.107,8413.61
terrain-010556,7,7,1024,61.721,1689.41
terrain-010557,7,7,1024,42.525,74.1452
terrain-010558,7,7,1024,103.016,8547.88
terrain-010559,7,7,1024,63.804,1736.31
terrain-010560,7,7,1024,42.504,63.1491
terrain-010561,7,7,1024,42.696,87.5634
terrain-010562,7,7,1024,102.865,7817.4
terrain-010563,7,7,1024,42.4,51.3439
terrain-010564,7,7,1024,102.615,7939.94
terrain-010565,7,7,1024,60.673,1282.14
terrain-010566,7,7,1024,42.455,51.4669
terrain-010567,7,7,1024,42.548,64.3748
terrain-010568,7,7,1024,42.406,59.3909
terrain-010569,7,7,1024,97.853,6463.94
terrain-010570,7,7,1024,42.403,40.6141
terrain-010571,7,7,1024,42.498,54.1289
terrain-010572,7,7,1024,42.29,38.5727
terrain-010573,7,7,1024,42.346,40.5374
terrain-010574,7,7,1024,85.11,36408.3
terrain-010575,7,7,1024,84.823,37351.1
terrain-010576,7,7,1024,42.418,321.627
terrain-010577,7,7,1024,42.476,326.507
terrain-010578,7,7,1024,83.603,29708.7
terrain-010579,7,7,1024,42.55,326.268
terrain-010580,7,7,1024,100.441,13799.6
terrain-010581,7,7,1024,42.397,93.5203
terrain-010582,7,7,1024,100.221,14164.6
terrain-010583,7,7,1024,60.26,2170.36
terrain-010584,7,7,1024,42.451,93.9291
terrain-010585,7,7,1024,100.106,14354.3
terrain-010586,7,7,1024,42.521,110.241
terrain-010587,7,7,1024,42.35,93.9707
terrain-010588,7,7,1024,97.884,12125.5
terrain-010589,7,7,1024,42.409,74.3915
terrain-010590,7,7,1024,97.631,12272.4
terrain-010591,7,7,1024,42.504,97.5792
terrain-010592,7,7,1024,42.286,69.6379
terrain-010593,7,7,1024,42.337,72.0039
terrain-010594,7,7,1024,92.998,9715.69
terrain-010595,7,7,1024,42.314,67.6783
terrain-010596,7,7,1024,42.37,69.9782
terrain-010597,7,7,1024,42.427,70.2071
terrain-010598,7,7,1024,82.171,43306.6
terrain-010599,7,7,1024,42.511,441.547
terrain-010600,7,7,1024,95.467,20736.8
terrain-010601,7,7,1024,42.408,134.175
terrain-010602,7,7,1024,95.205,21146.1
terrain-010603,7,7,1024,42.506,171.212
terrain-010604,7,7,1024,92.956,21282.2
terrain-010605,7,7,1024,42.305,129.014
terrain-010606,7,7,1024,42.354,133.342
terrain-010607,7,7,1024,91.555,17096.5
terrain-010608,7,7,1024,92.578,18327.8
terrain-010609,7,7,1024,42.329,122.459
terrain-010610,7,7,1024,42.381,126.573
terrain-010611,7,7,1024,42.436,127.323
terrain-010612,7,7,1024,92.846,15883.4
terrain-010613,7,7,1024,42.446,126.527
terrain-010614,7,7,1024,42.503,127.277
terrain-010615,7,7,1024,103.094,8501.36
terrain-010616,7,7,1024,42.489,74.3291
terrain-010617,7,7,1024,103.093,8580.96
terrain-010618,7,7,1024,62.022,1777.4
terrain-010619,7,7,1024,42.539,76.8694
terrain-010620,7,7,1024,102.992,8659.02
terrain-010621,7,7,1024,64.065,1802.8
terrain-010622,7,7,1024,42.513,65.0206
terrain-010623,7,7,1024,42.71,90.4819
terrain-010624,7,7,1024,101.445,7773.2
terrain-010625,7,7,1024,42.406,52.6355
terrain-010626,7,7,1024,101.462,7881.19
terrain-010627,7,7,1024,60.719,1317.5
terrain-010628,7,7,1024,42.462,52.7032
terrain-010629,7,7,1024,42.554,65.9371
terrain-010630,7,7,1024,42.415,61.1765
terrain-010631,7,7,1024,96.622,6378.77
terrain-010632,7,7,1024,42.407,41.381
terrain-010633,7,7,1024,42.502,55.2284
terrain-010634,7,7,1024,42.294,39.3188
terrain-010635,7,7,1024,42.35,41.3392
terrain-010636,7,7,1024,85.116,38178.7
terrain-010637,7,7,1024,84.802,39157.5
terrain-010638,7,7,1024,42.467,380.053
terrain-010639,7,7,1024,42.524,383.595
terrain-010640,7,7,1024,81.849,29408.9
terrain-010641,7,7,1024,42.613,383.261
terrain-010642,7,7,1024,100.333,14256
terrain-010643,7,7,1024,42.408,97.8963
terrain-010644,7,7,1024,100.123,14472.8
terrain-010645,7,7,1024,60.42,2275.27
terrain-010646,7,7,1024,42.462,98.1303
terrain-010647,7,7,1024,100.015,14583.6
terrain-010648,7,7,1024,42.532,114.908
terrain-010649,7,7,1024,42.362,98.5201
terrain-010650,7,7,1024,96.19,11989.2
terrain-010651,7,7,1024,42.416,77.0023
terrain-010652,7,7,1024,96.147,12117.2
terrain-010653,7,7,1024,42.511,101.214
terrain-010654,7,7,1024,42.292,72.1057
terrain-010655,7,7,1024,42.344,74.5702
terrain-010656,7,7,1024,91.491,9524.69
terrain-010657,7,7,1024,42.323,70.0091
terrain-010658,7,7,1024,42.379,72.4025
terrain-010659,7,7,1024,42.436,72.5309
terrain-010660,7,7,1024,82.008,45759.7
terrain-010661,7,7,1024,82.525,46609.1
terrain-010662,7,7,1024,42.59,552.803
terrain-010663,7,7,1024,78.77,32766.9
terrain-010664,7,7,1024,95.178,21405.4
terrain-010665,7,7,1024,42.422,142.915
terrain-010666,7,7,1024,94.963,21648.7
terrain-010667,7,7,1024,42.522,182.737
terrain-010668,7,7,1024,93.164,21872
terrain-010669,7,7,1024,42.318,137.747
terrain-010670,7,7,1024,42.368,142.419
terrain-010671,7,7,1024,89.615,16797.2
terrain-010672,7,7,1024,91.399,18211.5
terrain-010673,7,7,1024,42.344,130.301
terrain-010674,7,7,1024,42.396,134.723
terrain-010675,7,7,1024,42.451,135.167
terrain-010676,7,7,1024,91.902,15740.6
terrain-010677,7,7,1024,42.467,134.681
terrain-010678,7,7,1024,42.525,135.126
terrain-010679,7,7,1024,76.057,42176.7
terrain-010680,7,7,1024,87.995,27643.9
terrain-010681,7,7,1024,91.314,32022.2
terrain-010682,7,7,1024,42.351,228.869
terrain-010683,7,7,1024,42.4,236.545
terrain-010684,7,7,1024,42.454,237.916
terrain-010685,7,7,1024,88.06,24898.5
terrain-010686,7,7,1024,42.468,236.427
terrain-010687,7,7,1024,42.526,237.799
terrain-010688,7,7,1024,42.635,237.653
terrain-010689,7,7,1024,98.412,13802
terrain-010690,7,7,1024,42.421,100.232
terrain-010691,7,7,1024,98.58,14020.3
terrain-010692,7,7,1024,60.536,2323.67
terrain-010693,7,7,1024,42.475,100.366
terrain-010694,7,7,1024,42.544,117.372
terrain-010695,7,7,1024,42.375,100.955
terrain-010696,7,7,1024,94.446,11515.2
terrain-010697,7,7,1024,42.427,78.375
terrain-010698,7,7,1024,42.523,103.118
terrain-010699,7,7,1024,42.302,73.4035
terrain-010700,7,7,1024,42.354,75.9203
terrain-010701,7,7,1024,81.452,43050.3
terrain-010702,7,7,1024,42.69,632.109
terrain-010703,7,7,1024,93.174,20431.8
terrain-010704,7,7,1024,42.44,147.706
terrain-010705,7,7,1024,93.236,20670
terrain-010706,7,7,1024,42.542,189.049
terrain-010707,7,7,1024,42.336,142.554
terrain-010708,7,7,1024,42.386,147.416
terrain-010709,7,7,1024,87.898,15927.6
terrain-010710,7,7,1024,42.363,134.602
terrain-010711,7,7,1024,42.416,139.195
terrain-010712,7,7,1024,42.471,139.455
terrain-010713,7,7,1024,75.996,39947.8
terrain-010714,7,7,1024,86.241,26069.8
terrain-010715,7,7,1024,90.491,30634
terrain-010716,7,7,1024,42.382,242.452
terrain-010717,7,7,1024,42.433,250.657
terrain-010718,7,7,1024,42.487,251.495
terrain-010719,7,7,1024,87.712,23907.6
terrain-010720,7,7,1024,42.508,250.555
terrain-010721,7,7,1024,42.566,251.396
terrain-010722,7,7,1024,84.487,36226
terrain-010723,7,7,1024,84.167,37152.2
terrain-010724,7,7,1024,42.527,417.85
terrain-010725,7,7,1024,42.585,420.175
terrain-010726,7,7,1024,81.706,28059.9
terrain-010727,7,7,1024,42.689,419.862
terrain-010728,7,7,4,86.582,227.676
terrain-010729,7,7,4,42.334,1.23075
terrain-010730,7,7,4,42.572,1.06648
terrain-010731,7,7,4,42.638,1.09362
terrain-010732,7,7,4,94.952,157.487
terrain-010733,7,7,4,42.431,1.19678
terrain-010734,7,7,4,42.491,1.23106
terrain-010735,7,7,4,42.446,1.0936
terrain-010736,7,7,4,89.503,192.623
terrain-010737,7,7,4,90.216,198.973
terrain-010738,7,7,4,42.333,1.19651
terrain-010739,7,7,4,42.389,1.23077
terrain-010740,7,7,4,91.416,206.583
terrain-010741,7,7,4,42.383,1.23105
terrain-010742,7,7,4,73.824,382.226
terrain-010743,7,7,4,73.678,370.726
terrain-010744,7,7,4,42.376,3.15254
terrain-010745,7,7,4,73.579,366.733
terrain-010746,7,7,4,68.162,429.607
terrain-010747,7,7,4,99.676,140.309
terrain-010748,7,7,4,43.02,2.40034
terrain-010749,7,7,4,43.077,2.37645
terrain-010750,7,7,4,72.919,468.818
terrain-010751,7,7,4,92.438,220.663
terrain-010752,7,7,4,92.416,228.111
terrain-010753,7,7,4,42.54,2.5078
terrain-010754,7,7,4,42.603,2.52442
terrain-010755,7,7,4,92.67,226.201
terrain-010756,7,7,4,42.661,2.37639
terrain-010757,7,7,4,85.148,316.267
terrain-010758,7,7,4,86.271,327.404
terrain-010759,7,7,4,42.394,2.65943
terrain-010760,7,7,4,42.452,2.67329
terrain-010761,7,7,4,85.74,325.274
terrain-010762,7,7,4,42.383,2.52439
terrain-010763,7,7,4,84.354,310.934
terrain-010764,7,7,4,78.599,413.055
terrain-010765,7,7,4,78.169,399.566
terrain-010766,7,7,4,42.333,2.67319
terrain-010767,7,7,4,77.581,396.392
terrain-010768,7,7,4,80.045,333.96
terrain-010769,7,7,4,94.297,187.563
terrain-010770,7,7,4,42.497,1.69365
terrain-010771,7,7,4,42.558,1.72847
terrain-010772,7,7,4,42.487,1.46907
terrain-010773,7,7,4,88.034,245.01
terrain-010774,7,7,4,88.925,253.326
terrain-010775,7,7,4,42.356,1.69335
terrain-010776,7,7,4,42.412,1.72817
terrain-010777,7,7,4,89.61,259.649
terrain-010778,7,7,4,42.406,1.72845
terrain-010779,7,7,4,83.849,301.749
terrain-010780,7,7,4,42.335,1.72813
terrain-010781,7,7,4,100.773,127.558
terrain-010782,7,7,4,42.677,1.44387
terrain-010783,7,7,4,42.744,1.4691
terrain-010784,7,7,4,69.344,429.027
terrain-010785,7,7,4,90.981,217.862
terrain-010786,7,7,4,90.957,225.227
terrain-010787,7,7,4,42.763,3.19517
terrain-010788,7,7,4,42.821,3.16177
terrain-010789,7,7,4,92.842,230.22
terrain-010790,7,7,4,42.628,2.37113
terrain-010791,7,7,4,83.325,311.68
terrain-010792,7,7,4,84.427,322.673
terrain-010793,7,7,4,42.343,2.64269
terrain-010794,7,7,4,84.65,325.12
terrain-010795,7,7,4,42.403,2.65446
terrain-010796,7,7,4,83.79,319.441
terrain-010797,7,7,4,84.017,321.89
terrain-010798,7,7,4,42.545,3.16172
terrain-010799,7,7,4,84.39,318.2
terrain-010800,7,7,4,76.418,405.554
terrain-010801,7,7,4,76.11,392.307
terrain-010802,7,7,4,42.284,2.65436
terrain-010803,7,7,4,75.437,387.561
terrain-010804,7,7,4,70.621,458.855
terrain-010805,7,7,4,87.104,284.61
terrain-010806,7,7,4,88.127,294.464
terrain-010807,7,7,4,42.375,2.13712
terrain-010808,7,7,4,42.432,2.16587
terrain-010809,7,7,4,88.361,298.318
terrain-010810,7,7,4,42.425,2.16607
terrain-010811,7,7,4,81.84,361.976
terrain-010812,7,7,4,81.223,353.155
terrain-010813,7,7,4,42.335,2.16581
terrain-010814,7,7,4,81.374,358.571
terrain-010815,7,7,4,100.891,136.202
terrain-010816,7,7,4,42.763,1.7543
terrain-010817,7,7,4,42.831,1.77362
terrain-010818,7,7,4,77.141,406.19
terrain-010819,7,7,4,93.913,207.573
terrain-010820,7,7,4,93.901,214.517
terrain-010821,7,7,4,42.553,2.13734
terrain-010822,7,7,4,42.615,2.1661
terrain-010823,7,7,4,94.86,215.982
terrain-010824,7,7,4,42.52,1.77359
terrain-010825,7,7,4,81.092,299.323
terrain-010826,7,7,4,82.143,309.856
terrain-010827,7,7,4,42.479,3.20219
terrain-010828,7,7,4,82.383,312.227
terrain-010829,7,7,4,42.539,3.17307
terrain-010830,7,7,4,83.355,318.958
terrain-010831,7,7,4,83.597,321.354
terrain-010832,7,7,4,42.515,3.14527
terrain-010833,7,7,4,82.691,306.547
terrain-010834,7,7,4,73.971,385.511
terrain-010835,7,7,4,73.8,373.686
terrain-010836,7,7,4,42.397,3.17294
terrain-010837,7,7,4,74.956,386.784
terrain-010838,7,7,4,68.242,433.584
terrain-010839,7,7,4,80.125,398.189
terrain-010840,7,7,4,79.594,386.107
terrain-010841,7,7,4,42.334,2.47971
terrain-010842,7,7,4,79.564,389.53
terrain-010843,7,7,4,100.26,139.346
terrain-010844,7,7,4,42.727,1.84586
terrain-010845,7,7,4,42.795,1.86138
terrain-010846,7,7,4,74.788,450.398
terrain-010847,7,7,4,93.471,218.342
terrain-010848,7,7,4,93.454,225.697
terrain-010849,7,7,4,42.593,2.45943
terrain-010850,7,7,4,42.656,2.47997
terrain-010851,7,7,4,93.657,223.773
terrain-010852,7,7,4,42.469,1.86134
terrain-010853,7,7,4,86.17,307.223
terrain-010854,7,7,4,87.267,317.992
terrain-010855,7,7,4,42.387,2.45925
terrain-010856,7,7,4,42.445,2.4798
terrain-010857,7,7,4,87.314,320.388
terrain-010858,7,7,4,42.439,2.47994
terrain-010859,7,7,1024,112.266,676.995
terrain-010860,7,7,1024,43.551,65.6085
terrain-010861,7,7,1024,95.592,1735
terrain-010862,7,7,1024,112.256,1353.82
terrain-010863,7,7,1024,113.745,1258.97
terrain-010864,7,7,1024,43.612,66.0022
terrain-010865,7,7,1024,44.324,88.6745
terrain-010866,7,7,1024,112.236,2706.93
terrain-010867,7,7,1024,112.561,2371.04
terrain-010868,7,7,1024,43.503,63.4745
terrain-010869,7,7,1024,91.735,1643.42
terrain-010870,7,7,1024,112.52,1325.61
terrain-010871,7,7,1024,42.999,38.5646
terrain-010872,7,7,1024,43.41,52.0606
terrain-010873,7,7,1024,112.481,2649.89
terrain-010874,7,7,1024,117.638,2468.6
terrain-010875,7,7,1024,42.891,37.167
terrain-010876,7,7,1024,74.847,1000.48
terrain-010877,7,7,1024,42.942,38.4298
terrain-010878,7,7,1024,77.84,1033.69
terrain-010879,7,7,1024,113.053,2554.49
terrain-010880,7,7,1024,42.524,21.5907
terrain-010881,7,7,1024,62.934,595.403
terrain-010882,7,7,1024,42.579,22.3288
terrain-010883,7,7,1024,66.41,607.009
terrain-010884,7,7,1024,42.637,22.3743
terrain-010885,7,7,1024,42.851,30.2903
terrain-010886,7,7,1024,88.758,42282.3
terrain-010887,7,7,1024,42.446,314.775
terrain-010888,7,7,1024,107.678,22683.1
terrain-010889,7,7,1024,42.4,119.544
terrain-010890,7,7,1024,107.479,23519.4
terrain-010891,7,7,1024,42.5,152.009
terrain-010892,7,7,1024,42.296,114.489
terrain-010893,7,7,1024,42.345,118.259
terrain-010894,7,7,1024,103.691,19539
terrain-010895,7,7,1024,42.318,109.297
terrain-010896,7,7,1024,42.369,112.904
terrain-010897,7,7,1024,42.425,114.075
terrain-010898,7,7,1024,42.427,112.869
terrain-010899,7,7,1024,42.485,114.04
terrain-010900,7,7,1024,111.171,2464.33
terrain-010901,7,7,1024,42.774,55.7253
terrain-010902,7,7,1024,43.156,80.3095
terrain-010903,7,7,1024,111.136,4926.35
terrain-010904,7,7,1024,111.551,3861.7
terrain-010905,7,7,1024,42.718,57.4512
terrain-010906,7,7,1024,111.247,5067.3
terrain-010907,7,7,1024,69.301,1439.14
terrain-010908,7,7,1024,42.718,55.4443
terrain-010909,7,7,1024,72.831,1577.42
terrain-010910,7,7,1024,111.754,4774.27
terrain-010911,7,7,1024,42.521,40.9367
terrain-010912,7,7,1024,111.662,4901.49
terrain-010913,7,7,1024,62.642,986.287
terrain-010914,7,7,1024,42.524,38.4298
terrain-010915,7,7,1024,67.368,1173.44
terrain-010916,7,7,1024,42.583,38.5646
terrain-010917,7,7,1024,42.885,59.3153
terrain-010918,7,7,1024,112.997,4665.68
terrain-010919,7,7,1024,42.398,26.5957
terrain-010920,7,7,1024,60.647,712.949
terrain-010921,7,7,1024,42.458,27.24
terrain-010922,7,7,1024,42.565,35.6868
terrain-010923,7,7,1024,42.385,29.1196
terrain-010924,7,7,1024,98.689,28855.9
terrain-010925,7,7,1024,100.756,32620.7
terrain-010926,7,7,1024,42.306,171.113
terrain-010927,7,7,1024,42.354,176.616
terrain-010928,7,7,1024,42.409,179.498
terrain-010929,7,7,1024,98.757,27075.9
terrain-010930,7,7,1024,42.403,176.551
terrain-010931,7,7,1024,42.461,179.431
terrain-010932,7,7,1024,42.54,179.336
terrain-010933,7,7,1024,109.694,8436.81
terrain-010934,7,7,1024,42.46,66.9862
terrain-010935,7,7,1024,109.74,8829.25
terrain-010936,7,7,1024,61.333,1534.57
terrain-010937,7,7,1024,42.509,69.235
terrain-010938,7,7,1024,109.645,9080.53
terrain-010939,7,7,1024,63.481,1614.12
terrain-010940,7,7,1024,42.495,59.7098
terrain-010941,7,7,1024,42.68,82.2493
terrain-010942,7,7,1024,111.511,8439.1
terrain-010943,7,7,1024,42.397,48.9403
terrain-010944,7,7,1024,111.246,8669.8
terrain-010945,7,7,1024,60.651,1214.49
terrain-010946,7,7,1024,42.453,49.1591
terrain-010947,7,7,1024,42.546,61.4563
terrain-010948,7,7,1024,42.397,56.1136
terrain-010949,7,7,1024,115.556,8052.92
terrain-010950,7,7,1024,42.406,39.1635
terrain-010951,7,7,1024,42.506,52.0518
terrain-010952,7,7,1024,42.294,37.1632
terrain-010953,7,7,1024,42.349,39.0245
terrain-010954,7,7,1024,92.765,36945.4
terrain-010955,7,7,1024,92.43,37879.9
terrain-010956,7,7,1024,42.375,245.96
terrain-010957,7,7,1024,42.433,251.583
terrain-010958,7,7,1024,90.496,30686.7
terrain-010959,7,7,1024,42.489,251.439
terrain-010960,7,7,1024,108.265,14273.9
terrain-010961,7,7,1024,42.389,85.8415
terrain-010962,7,7,1024,108.04,14942.5
terrain-010963,7,7,1024,60.172,1982.75
terrain-010964,7,7,1024,42.444,86.5168
terrain-010965,7,7,1024,107.918,15300.6
terrain-010966,7,7,1024,42.515,101.949
terrain-010967,7,7,1024,42.339,86.0217
terrain-010968,7,7,1024,112.426,14126.8
terrain-010969,7,7,1024,42.407,69.6643
terrain-010970,7,7,1024,112.226,14448.6
terrain-010971,7,7,1024,42.505,91.0268
terrain-010972,7,7,1024,42.286,65.1747
terrain-010973,7,7,1024,42.337,67.3643
terrain-010974,7,7,1024,108.599,11957.9
terrain-010975,7,7,1024,42.313,63.4555
terrain-010976,7,7,1024,42.368,65.5888
terrain-010977,7,7,1024,42.425,65.9824
terrain-010978,7,7,1024,99.467,21240.7
terrain-010979,7,7,1024,42.478,150.174
terrain-010980,7,7,1024,42.591,192.243
terrain-010981,7,7,1024,42.374,145.036
terrain-010982,7,7,1024,42.424,149.997
terrain-010983,7,7,1024,90.405,25885
terrain-010984,7,7,1024,42.443,249.72
terrain-010985,7,7,1024,42.495,258.213
terrain-010986,7,7,1024,42.548,258.737
terrain-010987,7,7,1024,88.7,34828.1
terrain-010988,7,7,1024,42.63,439.278
terrain-010989,7,7,1024,42.688,440.787
terrain-010990,7,7,1024,84.528,39597.3
terrain-010991,7,7,1024,42.852,679.943
terrain-010992,7,7,1024,111.321,2570.04
terrain-010993,7,7,1024,42.8,58.7093
terrain-010994,7,7,1024,43.206,85.368
terrain-010995,7,7,1024,111.247,5135.03
terrain-010996,7,7,1024,120.07,4659
terrain-010997,7,7,1024,42.751,60.8912
terrain-010998,7,7,1024,111.307,5206.06
terrain-010999,7,7,1024,70.493,1574.45
terrain-011000,7,7,1024,42.745,58.5493
terrain-011001,7,7,1024,73.925,1693.9
terrain-011002,7,7,1024,111.661,4952.18
terrain-011003,7,7,1024,42.535,42.6538
terrain-011004,7,7,1024,111.573,5018.05
terrain-011005,7,7,1024,63.017,1047.87
terrain-011006,7,7,1024,42.535,39.8964
terrain-011007,7,7,1024,67.871,1236.49
terrain-011008,7,7,1024,42.595,39.9707
terrain-011009,7,7,1024,42.909,62.0295
terrain-011010,7,7,1024,110.963,4636.65
terrain-011011,7,7,1024,42.403,27.2898
terrain-011012,7,7,1024,60.675,735.498
terrain-011013,7,7,1024,42.463,27.9339
terrain-011014,7,7,1024,42.57,36.6511
terrain-011015,7,7,1024,42.391,29.9779
terrain-011016,7,7,1024,77.136,41033.5
terrain-011017,7,7,1024,97.625,31615.5
terrain-011018,7,7,1024,100.285,35950.2
terrain-011019,7,7,1024,42.332,205.731
terrain-011020,7,7,1024,42.381,212.517
terrain-011021,7,7,1024,42.435,214.639
terrain-011022,7,7,1024,98.131,29194.7
terrain-011023,7,7,1024,42.441,212.424
terrain-011024,7,7,1024,42.498,214.546
terrain-011025,7,7,1024,42.594,214.402
terrain-011026,7,7,1024,109.784,9068.01
terrain-011027,7,7,1024,42.48,71.7098
terrain-011028,7,7,1024,109.774,9259.33
terrain-011029,7,7,1024,61.81,1689.39
terrain-011030,7,7,1024,42.529,74.1451
terrain-011031,7,7,1024,109.645,9402.04
terrain-011032,7,7,1024,63.896,1736.29
terrain-011033,7,7,1024,42.507,63.149
terrain-011034,7,7,1024,42.7,87.5633
terrain-011035,7,7,1024,111.349,8790.73
terrain-011036,7,7,1024,42.406,51.3439
terrain-011037,7,7,1024,111.084,8928.88
terrain-011038,7,7,1024,60.799,1282.17
terrain-011039,7,7,1024,42.461,51.4669
terrain-011040,7,7,1024,42.555,64.3749
terrain-011041,7,7,1024,42.411,59.391
terrain-011042,7,7,1024,112.824,7967.05
terrain-011043,7,7,1024,42.411,40.6141
terrain-011044,7,7,1024,42.51,54.129
terrain-011045,7,7,1024,42.298,38.5728
terrain-011046,7,7,1024,42.354,40.5374
terrain-011047,7,7,1024,91.323,41278.3
terrain-011048,7,7,1024,90.948,42305.3
terrain-011049,7,7,1024,42.422,321.626
terrain-011050,7,7,1024,42.48,326.507
terrain-011051,7,7,1024,89.094,33351.4
terrain-011052,7,7,1024,42.554,326.27
terrain-011053,7,7,1024,108.203,15433.2
terrain-011054,7,7,1024,42.403,93.5202
terrain-011055,7,7,1024,107.946,15833.8
terrain-011056,7,7,1024,60.377,2170.33
terrain-011057,7,7,1024,42.458,93.929
terrain-011058,7,7,1024,107.812,16041.9
terrain-011059,7,7,1024,42.527,110.241
terrain-011060,7,7,1024,42.354,93.9706
terrain-011061,7,7,1024,112.216,14828.2
terrain-011062,7,7,1024,42.416,74.3916
terrain-011063,7,7,1024,112.004,15024.2
terrain-011064,7,7,1024,42.516,97.5794
terrain-011065,7,7,1024,42.294,69.638
terrain-011066,7,7,1024,42.345,72.004
terrain-011067,7,7,1024,105.261,11769.8
terrain-011068,7,7,1024,42.322,67.6784
terrain-011069,7,7,1024,42.378,69.9783
terrain-011070,7,7,1024,42.435,70.2072
terrain-011071,7,7,1024,86.622,47877
terrain-011072,7,7,1024,42.514,441.546
terrain-011073,7,7,1024,107.499,24804.5
terrain-011074,7,7,1024,42.415,134.175
terrain-011075,7,7,1024,107.279,25319.4
terrain-011076,7,7,1024,42.517,171.212
terrain-011077,7,7,1024,104.787,25669.8
terrain-011078,7,7,1024,42.311,129.014
terrain-011079,7,7,1024,42.361,133.342
terrain-011080,7,7,1024,102.932,20607.2
terrain-011081,7,7,1024,104.253,22118.7
terrain-011082,7,7,1024,42.336,122.46
terrain-011083,7,7,1024,42.388,126.573
terrain-011084,7,7,1024,42.443,127.324
terrain-011085,7,7,1024,102.94,18695.1
terrain-011086,7,7,1024,42.452,126.527
terrain-011087,7,7,1024,42.51,127.278
terrain-011088,7,7,1024,109.598,9345.4
terrain-011089,7,7,1024,42.494,74.3291
terrain-011090,7,7,1024,109.62,9423.43
terrain-011091,7,7,1024,62.116,1777.43
terrain-011092,7,7,1024,42.543,76.8694
terrain-011093,7,7,1024,109.504,9507.93
terrain-011094,7,7,1024,64.161,1802.83
terrain-011095,7,7,1024,42.516,65.0206
terrain-011096,7,7,1024,42.715,90.482
terrain-011097,7,7,1024,109.205,8671.71
terrain-011098,7,7,1024,42.413,52.6356
terrain-011099,7,7,1024,109.344,8806.33
terrain-011100,7,7,1024,60.848,1317.52
terrain-011101,7,7,1024,42.468,52.7032
terrain-011102,7,7,1024,42.561,65.9371
terrain-011103,7,7,1024,42.42,61.1766
terrain-011104,7,7,1024,111.025,7832.8
terrain-011105,7,7,1024,42.416,41.3811
terrain-011106,7,7,1024,42.515,55.2285
terrain-011107,7,7,1024,42.303,39.3189
terrain-011108,7,7,1024,42.359,41.3392
terrain-011109,7,7,1024,91.168,43144.6
terrain-011110,7,7,1024,90.761,44204.4
terrain-011111,7,7,1024,42.471,380.054
terrain-011112,7,7,1024,42.529,383.596
terrain-011113,7,7,1024,86.41,32495.5
terrain-011114,7,7,1024,42.619,383.263
terrain-011115,7,7,1024,107.899,15895.1
terrain-011116,7,7,1024,42.415,97.8964
terrain-011117,7,7,1024,107.678,16137.1
terrain-011118,7,7,1024,60.543,2275.3
terrain-011119,7,7,1024,42.469,98.1304
terrain-011120,7,7,1024,107.564,16260.7
terrain-011121,7,7,1024,42.538,114.908
terrain-011122,7,7,1024,42.367,98.5202
terrain-011123,7,7,1024,109.335,14493.5
terrain-011124,7,7,1024,42.424,77.0024
terrain-011125,7,7,1024,109.452,14681
terrain-011126,7,7,1024,42.524,101.214
terrain-011127,7,7,1024,42.301,72.1058
terrain-011128,7,7,1024,42.353,74.5702
terrain-011129,7,7,1024,103.096,11479.4
terrain-011130,7,7,1024,42.33,70.0093
terrain-011131,7,7,1024,42.387,72.4026
terrain-011132,7,7,1024,42.444,72.531
terrain-011133,7,7,1024,86.21,50330.1
terrain-011134,7,7,1024,86.644,51094.5
terrain-011135,7,7,1024,42.593,552.805
terrain-011136,7,7,1024,78.923,32903.7
terrain-011137,7,7,1024,107.065,25559.1
terrain-011138,7,7,1024,42.429,142.915
terrain-011139,7,7,1024,106.877,25870.9
terrain-011140,7,7,1024,42.534,182.737
terrain-011141,7,7,1024,105.033,26374.8
terrain-011142,7,7,1024,42.325,137.747
terrain-011143,7,7,1024,42.375,142.419
terrain-011144,7,7,1024,99.761,19967.5
terrain-011145,7,7,1024,102.128,21730.8
terrain-011146,7,7,1024,42.351,130.302
terrain-011147,7,7,1024,42.403,134.723
terrain-011148,7,7,1024,42.458,135.167
terrain-011149,7,7,1024,101.633,18468.4
terrain-011150,7,7,1024,42.474,134.681
terrain-011151,7,7,1024,42.532,135.126
terrain-011152,7,7,1024,76.504,42736.9
terrain-011153,7,7,1024,96.883,32482.7
terrain-011154,7,7,1024,100.47,37354.2
terrain-011155,7,7,1024,42.357,228.87
terrain-011156,7,7,1024,42.407,236.545
terrain-011157,7,7,1024,42.461,237.916
terrain-011158,7,7,1024,95.503,28523.9
terrain-011159,7,7,1024,42.474,236.428
terrain-011160,7,7,1024,42.532,237.799
terrain-011161,7,7,1024,42.641,237.655
terrain-011162,7,7,1024,105.188,15256.8
terrain-011163,7,7,1024,42.429,100.233
terrain-011164,7,7,1024,105.491,15524.1
terrain-011165,7,7,1024,60.668,2324.39
terrain-011166,7,7,1024,42.483,100.367
terrain-011167,7,7,1024,42.55,117.374
terrain-011168,7,7,1024,42.38,100.956
terrain-011169,7,7,1024,106.695,13819.9
terrain-011170,7,7,1024,42.435,78.3758
terrain-011171,7,7,1024,42.536,103.119
terrain-011172,7,7,1024,42.311,73.4042
terrain-011173,7,7,1024,42.363,75.9211
terrain-011174,7,7,1024,85.08,46773.8
terrain-011175,7,7,1024,42.694,632.161
terrain-011176,7,7,1024,103.736,24057
terrain-011177,7,7,1024,42.447,147.709
terrain-011178,7,7,1024,103.952,24388
terrain-011179,7,7,1024,42.554,189.054
terrain-011180,7,7,1024,42.343,142.557
terrain-011181,7,7,1024,42.393,147.419
terrain-011182,7,7,1024,97.21,18775.2
terrain-011183,7,7,1024,42.371,134.604
terrain-011184,7,7,1024,42.424,139.198
terrain-011185,7,7,1024,42.479,139.457
terrain-011186,7,7,1024,76.266,40242.2
terrain-011187,7,7,1024,94.006,30180.9
terrain-011188,7,7,1024,98.79,35307.5
terrain-011189,7,7,1024,42.389,242.46
terrain-011190,7,7,1024,42.44,250.665
terrain-011191,7,7,1024,42.494,251.504
terrain-011192,7,7,1024,94.885,27282.5
terrain-011193,7,7,1024,42.515,250.563
terrain-011194,7,7,1024,42.573,251.404
terrain-011195,7,7,1024,89.863,40440.9
terrain-011196,7,7,1024,89.458,41433.8
terrain-011197,7,7,1024,42.533,417.873
terrain-011198,7,7,1024,42.59,420.198
terrain-011199,7,7,1024,86.13,30920.2
terrain-011200,7,7,1024,42.695,419.884
terrain-011201,7,7,4,83.514,212.376
terrain-011202,7,7,4,42.334,1.23068
terrain-011203,7,7,4,42.571,1.06643
terrain-011204,7,7,4,42.636,1.09356
terrain-011205,7,7,4,90.589,144.909
terrain-011206,7,7,4,42.43,1.19672
terrain-011207,7,7,4,42.49,1.23099
terrain-011208,7,7,4,42.445,1.09355
terrain-011209,7,7,4,86.004,178.734
terrain-011210,7,7,4,86.653,184.809
terrain-011211,7,7,4,42.333,1.19644
terrain-011212,7,7,4,42.389,1.2307
terrain-011213,7,7,4,87.624,191.36
terrain-011214,7,7,4,42.383,1.23098
terrain-011215,7,7,4,72.095,362.995
terrain-011216,7,7,4,71.85,351.728
terrain-011217,7,7,4,42.375,3.15237
terrain-011218,7,7,4,71.76,347.984
terrain-011219,7,7,4,66.897,410.63
terrain-011220,7,7,4,94.518,128.218
terrain-011221,7,7,4,43.018,2.40018
terrain-011222,7,7,4,43.075,2.37629
terrain-011223,7,7,4,71.054,442.389
terrain-011224,7,7,4,88.276,203.251
terrain-011225,7,7,4,88.257,210.117
terrain-011226,7,7,4,42.538,2.50762
terrain-011227,7,7,4,42.602,2.52424
terrain-011228,7,7,4,88.523,208.801
terrain-011229,7,7,4,42.659,2.37623
terrain-011230,7,7,4,81.951,293.804
terrain-011231,7,7,4,82.97,304.663
terrain-011232,7,7,4,42.392,2.65922
terrain-011233,7,7,4,42.451,2.67308
terrain-011234,7,7,4,82.509,302.94
terrain-011235,7,7,4,42.381,2.5242
terrain-011236,7,7,4,81.194,289.889
terrain-011237,7,7,4,76.2,387.566
terrain-011238,7,7,4,75.703,374.775
terrain-011239,7,7,4,42.332,2.67298
terrain-011240,7,7,4,75.184,372.162
terrain-011241,7,7,4,77.625,313.478
terrain-011242,7,7,4,89.962,172.58
terrain-011243,7,7,4,42.496,1.69355
terrain-011244,7,7,4,42.556,1.72836
terrain-011245,7,7,4,42.485,1.469
terrain-011246,7,7,4,84.636,227.453
terrain-011247,7,7,4,85.447,235.476
terrain-011248,7,7,4,42.355,1.69325
terrain-011249,7,7,4,42.411,1.72806
terrain-011250,7,7,4,85.992,240.931
terrain-011251,7,7,4,42.405,1.72835
terrain-011252,7,7,4,81.027,282.127
terrain-011253,7,7,4,42.334,1.72802
terrain-011254,7,7,4,95.483,116.456
terrain-011255,7,7,4,42.676,1.4438
terrain-011256,7,7,4,42.743,1.46902
terrain-011257,7,7,4,67.987,409.457
terrain-011258,7,7,4,87.065,201.241
terrain-011259,7,7,4,87.045,208.05
terrain-011260,7,7,4,42.761,3.1949
terrain-011261,7,7,4,42.819,3.1615
terrain-011262,7,7,4,88.821,213.148
terrain-011263,7,7,4,42.626,2.37105
terrain-011264,7,7,4,80.404,290.623
terrain-011265,7,7,4,81.405,301.38
terrain-011266,7,7,4,42.341,2.64249
terrain-011267,7,7,4,81.6,303.578
terrain-011268,7,7,4,42.401,2.65426
terrain-011269,7,7,4,80.849,298.662
terrain-011270,7,7,4,81.048,300.864
terrain-011271,7,7,4,42.543,3.16145
terrain-011272,7,7,4,81.395,297.947
terrain-011273,7,7,4,74.305,382.268
terrain-011274,7,7,4,73.915,369.556
terrain-011275,7,7,4,42.283,2.65417
terrain-011276,7,7,4,73.316,365.495
terrain-011277,7,7,4,69.023,435.135
terrain-011278,7,7,4,83.748,264.177
terrain-011279,7,7,4,84.678,273.735
terrain-011280,7,7,4,42.374,2.13698
terrain-011281,7,7,4,42.43,2.16573
terrain-011282,7,7,4,84.848,277.063
terrain-011283,7,7,4,42.424,2.16593
terrain-011284,7,7,4,79.174,338.866
terrain-011285,7,7,4,78.52,330.572
terrain-011286,7,7,4,42.334,2.16566
terrain-011287,7,7,4,78.616,335.314
terrain-011288,7,7,4,95.553,124.283
terrain-011289,7,7,4,42.762,1.7542
terrain-011290,7,7,4,42.829,1.77353
terrain-011291,7,7,4,74.949,382.084
terrain-011292,7,7,4,89.581,190.943
terrain-011293,7,7,4,89.571,197.333
terrain-011294,7,7,4,42.552,2.1372
terrain-011295,7,7,4,42.613,2.16596
terrain-011296,7,7,4,90.42,198.825
terrain-011297,7,7,4,42.519,1.77349
terrain-011298,7,7,4,78.438,279.962
terrain-011299,7,7,4,79.393,290.287
terrain-011300,7,7,4,42.477,3.2019
terrain-011301,7,7,4,79.604,292.413
terrain-011302,7,7,4,42.537,3.1728
terrain-011303,7,7,4,80.588,299.31
terrain-011304,7,7,4,80.8,301.451
terrain-011305,7,7,4,42.513,3.14511
terrain-011306,7,7,4,79.872,287.478
terrain-011307,7,7,4,72.106,364.596
terrain-011308,7,7,4,71.844,353.141
terrain-011309,7,7,4,42.395,3.17266
terrain-011310,7,7,4,73.002,366.362
terrain-011311,7,7,4,66.857,412.555
terrain-011312,7,7,4,77.595,373.209
terrain-011313,7,7,4,77.01,361.792
terrain-011314,7,7,4,42.333,2.47953
terrain-011315,7,7,4,76.966,364.882
terrain-011316,7,7,4,95.015,127.249
terrain-011317,7,7,4,42.725,1.84576
terrain-011318,7,7,4,42.793,1.86129
terrain-011319,7,7,4,72.777,424.412
terrain-011320,7,7,4,89.174,200.884
terrain-011321,7,7,4,89.159,207.655
terrain-011322,7,7,4,42.592,2.45926
terrain-011323,7,7,4,42.654,2.4798
terrain-011324,7,7,4,89.378,206.311
terrain-011325,7,7,4,42.467,1.86125
terrain-011326,7,7,4,82.879,285.239
terrain-011327,7,7,4,83.875,295.72
terrain-011328,7,7,4,42.386,2.45908
terrain-011329,7,7,4,42.443,2.47962
terrain-011330,7,7,4,83.9,297.849
terrain-011331,7,7,4,42.437,2.47976
terrain-011332,7,7,1024,105.193,610.537
terrain-011333,7,7,1024,43.548,65.6085
terrain-011334,7,7,1024,95.51,1734.99
terrain-011335,7,7,1024,105.185,1220.93
terrain-011336,7,7,1024,107.341,1149.44
terrain-011337,7,7,1024,43.61,66.0022
terrain-011338,7,7,1024,44.32,88.6745
terrain-011339,7,7,1024,105.169,2441.29
terrain-011340,7,7,1024,106.598,2175.83
terrain-011341,7,7,1024,43.5,63.4745
terrain-011342,7,7,1024,91.657,1643.42
terrain-011343,7,7,1024,105.333,1195.58
terrain-011344,7,7,1024,42.996,38.5646
terrain-011345,7,7,1024,43.405,52.0606
terrain-011346,7,7,1024,105.302,2390.06
terrain-011347,7,7,1024,110.883,2256.27
terrain-011348,7,7,1024,42.888,37.167
terrain-011349,7,7,1024,74.759,1000.47
terrain-011350,7,7,1024,42.939,38.4298
terrain-011351,7,7,1024,77.749,1033.68
terrain-011352,7,7,1024,105.825,2309.94
terrain-011353,7,7,1024,42.521,21.5906
terrain-011354,7,7,1024,62.838,595.381
terrain-011355,7,7,1024,42.576,22.3288
terrain-011356,7,7,1024,66.312,606.991
terrain-011357,7,7,1024,42.634,22.3742
terrain-011358,7,7,1024,42.847,30.2903
terrain-011359,7,7,1024,84.237,38358.7
terrain-011360,7,7,1024,42.444,314.775
terrain-011361,7,7,1024,96.133,19113
terrain-011362,7,7,1024,42.394,119.545
terrain-011363,7,7,1024,95.809,19775
terrain-011364,7,7,1024,42.49,152.009
terrain-011365,7,7,1024,42.29,114.489
terrain-011366,7,7,1024,42.339,118.259
terrain-011367,7,7,1024,92.247,16217.3
terrain-011368,7,7,1024,42.312,109.297
terrain-011369,7,7,1024,42.363,112.904
terrain-011370,7,7,1024,42.419,114.075
terrain-011371,7,7,1024,42.421,112.869
terrain-011372,7,7,1024,42.479,114.04
terrain-011373,7,7,1024,104.31,2229.67
terrain-011374,7,7,1024,42.771,55.7253
terrain-011375,7,7,1024,43.151,80.3095
terrain-011376,7,7,1024,104.281,4457.43
terrain-011377,7,7,1024,107.441,3645.37
terrain-011378,7,7,1024,42.715,57.4512
terrain-011379,7,7,1024,104.371,4586.68
terrain-011380,7,7,1024,69.219,1439.15
terrain-011381,7,7,1024,42.715,55.4443
terrain-011382,7,7,1024,72.735,1577.43
terrain-011383,7,7,1024,104.651,4315.5
terrain-011384,7,7,1024,42.517,40.9367
terrain-011385,7,7,1024,104.605,4436.67
terrain-011386,7,7,1024,62.552,986.283
terrain-011387,7,7,1024,42.521,38.4298
terrain-011388,7,7,1024,67.265,1173.43
terrain-011389,7,7,1024,42.58,38.5646
terrain-011390,7,7,1024,42.88,59.3153
terrain-011391,7,7,1024,104.874,4178.97
terrain-011392,7,7,1024,42.393,26.5957
terrain-011393,7,7,1024,60.534,712.925
terrain-011394,7,7,1024,42.454,27.2399
terrain-011395,7,7,1024,42.56,35.6867
terrain-011396,7,7,1024,42.38,29.1195
terrain-011397,7,7,1024,89.774,24657.7
terrain-011398,7,7,1024,91.898,28122.4
terrain-011399,7,7,1024,42.301,171.114
terrain-011400,7,7,1024,42.35,176.616
terrain-011401,7,7,1024,42.404,179.498
terrain-011402,7,7,1024,90.183,23280.7
terrain-011403,7,7,1024,42.398,176.551
terrain-011404,7,7,1024,42.456,179.431
terrain-011405,7,7,1024,42.535,179.335
terrain-011406,7,7,1024,103.075,7658.14
terrain-011407,7,7,1024,42.456,66.9862
terrain-011408,7,7,1024,103.123,8026.68
terrain-011409,7,7,1024,61.252,1534.58
terrain-011410,7,7,1024,42.505,69.235
terrain-011411,7,7,1024,103.053,8258.89
terrain-011412,7,7,1024,63.396,1614.13
terrain-011413,7,7,1024,42.492,59.7099
terrain-011414,7,7,1024,42.676,82.2494
terrain-011415,7,7,1024,102.901,7488.29
terrain-011416,7,7,1024,42.391,48.9403
terrain-011417,7,7,1024,102.674,7696.32
terrain-011418,7,7,1024,60.532,1214.49
terrain-011419,7,7,1024,42.447,49.1591
terrain-011420,7,7,1024,42.54,61.4563
terrain-011421,7,7,1024,42.393,56.1136
terrain-011422,7,7,1024,99.487,6470.46
terrain-011423,7,7,1024,42.398,39.1634
terrain-011424,7,7,1024,42.493,52.0516
terrain-011425,7,7,1024,42.285,37.1632
terrain-011426,7,7,1024,42.341,39.0244
terrain-011427,7,7,1024,86.638,32756.9
terrain-011428,7,7,1024,86.382,33614.3
terrain-011429,7,7,1024,42.372,245.961
terrain-011430,7,7,1024,42.43,251.583
terrain-011431,7,7,1024,84.722,27241.4
terrain-011432,7,7,1024,42.486,251.439
terrain-011433,7,7,1024,100.66,12788.2
terrain-011434,7,7,1024,42.382,85.8416
terrain-011435,7,7,1024,100.432,13388
terrain-011436,7,7,1024,60.065,1982.77
terrain-011437,7,7,1024,42.437,86.5169
terrain-011438,7,7,1024,100.309,13709.4
terrain-011439,7,7,1024,42.509,101.949
terrain-011440,7,7,1024,42.335,86.0217
terrain-011441,7,7,1024,98.187,11566.3
terrain-011442,7,7,1024,42.4,69.6643
terrain-011443,7,7,1024,97.912,11812.8
terrain-011444,7,7,1024,42.494,91.0267
terrain-011445,7,7,1024,42.279,65.1747
terrain-011446,7,7,1024,42.33,67.3643
terrain-011447,7,7,1024,95.074,9750.53
terrain-011448,7,7,1024,42.306,63.4553
terrain-011449,7,7,1024,42.361,65.5886
terrain-011450,7,7,1024,42.417,65.9823
terrain-011451,7,7,1024,90.304,18268.3
terrain-011452,7,7,1024,42.47,150.165
terrain-011453,7,7,1024,42.578,192.226
terrain-011454,7,7,1024,42.366,145.026
terrain-011455,7,7,1024,42.417,149.988
terrain-011456,7,7,1024,83.766,22654.9
terrain-011457,7,7,1024,42.436,249.692
terrain-011458,7,7,1024,42.487,258.184
terrain-011459,7,7,1024,42.541,258.709
terrain-011460,7,7,1024,83.728,31377.4
terrain-011461,7,7,1024,42.625,439.195
terrain-011462,7,7,1024,42.682,440.705
terrain-011463,7,7,1024,81.045,36532.5
terrain-011464,7,7,1024,42.848,679.748
terrain-011465,7,7,1024,104.4,2323.93
terrain-011466,7,7,1024,42.797,58.7093
terrain-011467,7,7,1024,43.201,85.3681
terrain-011468,7,7,1024,104.339,4643.73
terrain-011469,7,7,1024,114.585,4346.7
terrain-011470,7,7,1024,42.747,60.8913
terrain-011471,7,7,1024,104.395,4710.45
terrain-011472,7,7,1024,70.405,1574.46
terrain-011473,7,7,1024,42.742,58.5493
terrain-011474,7,7,1024,73.822,1693.91
terrain-011475,7,7,1024,104.716,4487.71
terrain-011476,7,7,1024,42.532,42.6538
terrain-011477,7,7,1024,104.627,4550.15
terrain-011478,7,7,1024,62.922,1047.84
terrain-011479,7,7,1024,42.532,39.8964
terrain-011480,7,7,1024,67.762,1236.46
terrain-011481,7,7,1024,42.591,39.9706
terrain-011482,7,7,1024,42.904,62.0295
terrain-011483,7,7,1024,103.512,4183.66
terrain-011484,7,7,1024,42.398,27.2898
terrain-011485,7,7,1024,60.558,735.486
terrain-011486,7,7,1024,42.459,27.9339
terrain-011487,7,7,1024,42.564,36.6511
terrain-011488,7,7,1024,42.386,29.9779
terrain-011489,7,7,1024,76.403,40173.7
terrain-011490,7,7,1024,88.493,26828
terrain-011491,7,7,1024,91.082,30769.8
terrain-011492,7,7,1024,42.326,205.731
terrain-011493,7,7,1024,42.375,212.517
terrain-011494,7,7,1024,42.429,214.64
terrain-011495,7,7,1024,89.636,25115.3
terrain-011496,7,7,1024,42.435,212.424
terrain-011497,7,7,1024,42.493,214.546
terrain-011498,7,7,1024,42.588,214.401
terrain-011499,7,7,1024,103.091,8225.12
terrain-011500,7,7,1024,42.476,71.7098
terrain-011501,7,7,1024,103.107,8413.61
terrain-011502,7,7,1024,61.721,1689.41
terrain-011503,7,7,1024,42.525,74.1452
terrain-011504,7,7,1024,103.016,8547.88
terrain-011505,7,7,1024,63.804,1736.31
terrain-011506,7,7,1024,42.504,63.1491
terrain-011507,7,7,1024,42.696,87.5634
terrain-011508,7,7,1024,102.865,7817.4
terrain-011509,7,7,1024,42.4,51.3439
terrain-011510,7,7,1024,102.615,7939.94
terrain-011511,7,7,1024,60.673,1282.14
terrain-011512,7,7,1024,42.455,51.4669
terrain-011513,7,7,1024,42.548,64.3748
terrain-011514,7,7,1024,42.406,59.3909
terrain-011515,7,7,1024,97.853,6463.94
terrain-011516,7,7,1024,42.403,40.6141
terrain-011517,7,7,1024,42.498,54.1289
terrain-011518,7,7,1024,42.29,38.5727
terrain-011519,7,7,1024,42.346,40.5374
terrain-011520,7,7,1024,85.11,36408.3
terrain-011521,7,7,1024,84.823,37351.1
terrain-011522,7,7,1024,42.418,321.627
terrain-011523,7,7,1024,42.476,326.507
terrain-011524,7,7,1024,83.603,29708.7
terrain-011525,7,7,1024,42.55,326.268
terrain-011526,7,7,1024,100.441,13799.6
terrain-011527,7,7,1024,42.397,93.5203
terrain-011528,7,7,1024,100.221,14164.6
terrain-011529,7,7,1024,60.26,2170.36
terrain-011530,7,7,1024,42.451,93.9291
terrain-011531,7,7,1024,100.106,14354.3
terrain-011532,7,7,1024,42.521,110.241
terrain-011533,7,7,1024,42.35,93.9707
terrain-011534,7,7,1024,97.884,12125.5
terrain-011535,7,7,1024,42.409,74.3915
terrain-011536,7,7,1024,97.631,12272.4
terrain-011537,7,7,1024,42.504,97.5792
terrain-011538,7,7,1024,42.286,69.6379
terrain-011539,7,7,1024,42.337,72.0039
terrain-011540,7,7,1024,92.998,9715.69
terrain-011541,7,7,1024,42.314,67.6783
terrain-011542,7,7,1024,42.37,69.9782
terrain-011543,7,7,1024,42.427,70.2071
terrain-011544,7,7,1024,82.171,43306.6
terrain-011545,7,7,1024,42.511,441.547
terrain-011546,7,7,1024,95.467,20736.8
terrain-011547,7,7,1024,42.408,134.175
terrain-011548,7,7,1024,95.205,21146.1
terrain-011549,7,7,1024,42.506,171.212
terrain-011550,7,7,1024,92.956,21282.2
terrain-011551,7,7,1024,42.305,129.014
terrain-011552,7,7,1024,42.354,133.342
terrain-011553,7,7,1024,91.555,17096.5
terrain-011554,7,7,1024,92.578,18327.8
terrain-011555,7,7,1024,42.329,122.459
terrain-011556,7,7,1024,42.381,126.573
terrain-011557,7,7,1024,42.436,127.323
terrain-011558,7,7,1024,92.846,15883.4
terrain-011559,7,7,1024,42.446,126.527
terrain-011560,7,7,1024,42.503,127.277
terrain-011561,7,7,1024,103.094,8501.36
terrain-011562,7,7,1024,42.489,74.3291
terrain-011563,7,7,1024,103.093,8580.96
terrain-011564,7,7,1024,62.022,1777.4
terrain-011565,7,7,1024,42.539,76.8694
terrain-011566,7,7,1024,102.992,8659.02
terrain-011567,7,7,1024,64.065,1802.8
terrain-011568,7,7,1024,42.513,65.0206
terrain-011569,7,7,1024,42.71,90.4819
terrain-011570,7,7,1024,101.445,7773.2
terrain-011571,7,7,1024,42.406,52.6355
terrain-011572,7,7,1024,101.462,7881.19
terrain-011573,7,7,1024,60.719,1317.5
terrain-011574,7,7,1024,42.462,52.7032
terrain-011575,7,7,1024,42.554,65.9371
terrain-011576,7,7,1024,42.415,61.1765
terrain-011577,7,7,1024,96.622,6378.77
terrain-011578,7,7,1024,42.407,41.381
terrain-011579,7,7,1024,42.502,55.2284
terrain-011580,7,7,1024,42.294,39.3188
terrain-011581,7,7,1024,42.35,41.3392
terrain-011582,7,7,1024,85.116,38178.7
terrain-011583,7,7,1024,84.802,39157.5
terrain-011584,7,7,1024,42.467,380.053
terrain-011585,7,7,1024,42.524,383.595
terrain-011586,7,7,1024,81.849,29408.9
terrain-011587,7,7,1024,42.613,383.261
terrain-011588,7,7,1024,100.333,14256
terrain-011589,7,7,1024,42.408,97.8963
terrain-011590,7,7,1024,100.123,14472.8
terrain-011591,7,7,1024,60.42,2275.27
terrain-011592,7,7,1024,42.462,98.1303
terrain-011593,7,7,1024,100.015,14583.6
terrain-011594,7,7,1024,42.532,114.908
terrain-011595,7,7,1024,42.362,98.5201
terrain-011596,7,7,1024,96.19,11989.2
terrain-011597,7,7,1024,42.416,77.0023
terrain-011598,7,7,1024,96.147,12117.2
terrain-011599,7,7,1024,42.511,101.214
terrain-011600,7,7,1024,42.292,72.1057
terrain-011601,7,7,1024,42.344,74.5702
terrain-011602,7,7,1024,91.491,9524.69
terrain-011603,7,7,1024,42.323,70.0091
terrain-011604,7,7,1024,42.379,72.4025
terrain-011605,7,7,1024,42.436,72.5309
terrain-011606,7,7,1024,82.008,45759.7
terrain-011607,7,7,1024,82.525,46609.1
terrain-011608,7,7,1024,42.59,552.803
terrain-011609,7,7,1024,78.77,32766.9
terrain-011610,7,7,1024,95.178,21405.4
terrain-011611,7,7,1024,42.422,142.915
terrain-011612,7,7,1024,94.963,21648.7
terrain-011613,7,7,1024,42.522,182.737
terrain-011614,7,7,1024,93.164,21872
terrain-011615,7,7,1024,42.318,137.747
terrain-011616,7,7,1024,42.368,142.419
terrain-011617,7,7,1024,89.615,16797.2
terrain-011618,7,7,1024,91.399,18211.5
terrain-011619,7,7,1024,42.344,130.301
terrain-011620,7,7,1024,42.396,134.723
terrain-011621,7,7,1024,42.451,135.167
terrain-011622,7,7,1024,91.902,15740.6
terrain-011623,7,7,1024,42.467,134.681
terrain-011624,7,7,1024,42.525,135.126
terrain-011625,7,7,1024,76.056,42176.7
terrain-011626,7,7,1024,87.995,27643.9
terrain-011627,7,7,1024,91.314,32022.2
terrain-011628,7,7,1024,42.351,228.869
terrain-011629,7,7,1024,42.4,236.545
terrain-011630,7,7,1024,42.454,237.916
terrain-011631,7,7,1024,88.06,24898.5
terrain-011632,7,7,1024,42.468,236.427
terrain-011633,7,7,1024,42.526,237.799
terrain-011634,7,7,1024,42.635,237.653
terrain-011635,7,7,1024,98.412,13802
terrain-011636,7,7,1024,42.421,100.232
terrain-011637,7,7,1024,98.58,14020.3
terrain-011638,7,7,1024,60.536,2323.67
terrain-011639,7,7,1024,42.475,100.366
terrain-011640,7,7,1024,42.544,117.372
terrain-011641,7,7,1024,42.375,100.955
terrain-011642,7,7,1024,94.446,11515.2
terrain-011643,7,7,1024,42.427,78.375
terrain-011644,7,7,1024,42.523,103.118
terrain-011645,7,7,1024,42.302,73.4035
terrain-011646,7,7,1024,42.354,75.9203
terrain-011647,7,7,1024,81.452,43050.3
terrain-011648,7,7,1024,42.69,632.109
terrain-011649,7,7,1024,93.174,20431.8
terrain-011650,7,7,1024,42.44,147.706
terrain-011651,7,7,1024,93.236,20670
terrain-011652,7,7,1024,42.542,189.049
terrain-011653,7,7,1024,42.336,142.554
terrain-011654,7,7,1024,42.386,147.416
terrain-011655,7,7,1024,87.898,15927.6
terrain-011656,7,7,1024,42.363,134.602
terrain-011657,7,7,1024,42.416,139.195
terrain-011658,7,7,1024,42.471,139.455
terrain-011659,7,7,1024,75.996,39947.8
terrain-011660,7,7,1024,86.241,26069.8
terrain-011661,7,7,1024,90.491,30634
terrain-011662,7,7,1024,42.382,242.452
terrain-011663,7,7,1024,42.433,250.657
terrain-011664,7,7,1024,42.487,251.495
terrain-011665,7,7,1024,87.713,23907.6
terrain-011666,7,7,1024,42.508,250.555
terrain-011667,7,7,1024,42.566,251.396
terrain-011668,7,7,1024,84.487,36226
terrain-011669,7,7,1024,84.167,37152.2
terrain-011670,7,7,1024,42.527,417.85
terrain-011671,7,7,1024,42.585,420.175
terrain-011672,7,7,1024,81.706,28059.9
terrain-011673,7,7,1024,42.689,419.862
terrain-011674,7,7,4,85.397,218.857
terrain-011675,7,7,4,42.338,1.23076
terrain-011676,7,7,4,42.575,1.0665
terrain-011677,7,7,4,42.64,1.09363
terrain-011678,7,7,4,95.797,158.604
terrain-011679,7,7,4,42.435,1.1968
terrain-011680,7,7,4,42.495,1.23107
terrain-011681,7,7,4,42.449,1.09361
terrain-011682,7,7,4,90.002,192.288
terrain-011683,7,7,4,89.792,195.136
terrain-011684,7,7,4,42.337,1.19653
terrain-011685,7,7,4,42.393,1.23079
terrain-011686,7,7,4,90.945,202.426
terrain-011687,7,7,4,42.387,1.23106
terrain-011688,7,7,4,70.279,334.154
terrain-011689,7,7,4,70.901,332.424
terrain-011690,7,7,4,42.381,3.15032
terrain-011691,7,7,4,70.625,327.094
terrain-011692,7,7,4,65.954,382.335
terrain-011693,7,7,4,97.673,135.143
terrain-011694,7,7,4,43.022,2.39954
terrain-011695,7,7,4,43.079,2.37566
terrain-011696,7,7,4,70.984,427.533
terrain-011697,7,7,4,92.028,217.011
terrain-011698,7,7,4,92.009,224.35
terrain-011699,7,7,4,42.544,2.50693
terrain-011700,7,7,4,42.608,2.52353
terrain-011701,7,7,4,91.101,217.673
terrain-011702,7,7,4,42.665,2.37559
terrain-011703,7,7,4,84.085,303.925
terrain-011704,7,7,4,83.864,305.965
terrain-011705,7,7,4,42.398,2.65847
terrain-011706,7,7,4,42.457,2.6723
terrain-011707,7,7,4,83.348,303.899
terrain-011708,7,7,4,42.387,2.52349
terrain-011709,7,7,4,82.742,295.106
terrain-011710,7,7,4,75.193,368.579
terrain-011711,7,7,4,75.715,366.074
terrain-011712,7,7,4,42.337,2.6722
terrain-011713,7,7,4,75.16,363.109
terrain-011714,7,7,4,78.864,317.189
terrain-011715,7,7,4,94.487,186.628
terrain-011716,7,7,4,42.501,1.69345
terrain-011717,7,7,4,42.562,1.72825
terrain-011718,7,7,4,42.49,1.46892
terrain-011719,7,7,4,87.743,240.271
terrain-011720,7,7,4,87.512,242.989
terrain-011721,7,7,4,42.359,1.69315
terrain-011722,7,7,4,42.415,1.72795
terrain-011723,7,7,4,88.123,248.763
terrain-011724,7,7,4,42.41,1.72823
terrain-011725,7,7,4,81.499,280.891
terrain-011726,7,7,4,42.338,1.72791
terrain-011727,7,7,4,99.324,124.044
terrain-011728,7,7,4,42.679,1.44373
terrain-011729,7,7,4,42.746,1.46894
terrain-011730,7,7,4,66.668,377.311
terrain-011731,7,7,4,90.501,213.929
terrain-011732,7,7,4,90.481,221.176
terrain-011733,7,7,4,42.769,3.1937
terrain-011734,7,7,4,42.827,3.16031
terrain-011735,7,7,4,90.301,217.279
terrain-011736,7,7,4,42.631,2.36985
terrain-011737,7,7,4,82.229,298.958
terrain-011738,7,7,4,82.057,301.118
terrain-011739,7,7,4,42.347,2.64169
terrain-011740,7,7,4,82.227,303.065
terrain-011741,7,7,4,42.407,2.65344
terrain-011742,7,7,4,81.453,298.104
terrain-011743,7,7,4,81.627,300.058
terrain-011744,7,7,4,42.549,3.16025
terrain-011745,7,7,4,81.706,294.205
terrain-011746,7,7,4,73.186,361.568
terrain-011747,7,7,4,73.753,358.931
terrain-011748,7,7,4,42.288,2.65334
terrain-011749,7,7,4,73.132,354.669
terrain-011750,7,7,4,68.807,417.821
terrain-011751,7,7,4,86.169,274.869
terrain-011752,7,7,4,85.932,277.293
terrain-011753,7,7,4,42.379,2.13655
terrain-011754,7,7,4,42.435,2.16527
terrain-011755,7,7,4,86.114,280.66
terrain-011756,7,7,4,42.429,2.16547
terrain-011757,7,7,4,78.611,327.758
terrain-011758,7,7,4,78.91,327.156
terrain-011759,7,7,4,42.339,2.1652
terrain-011760,7,7,4,79.003,331.724
terrain-011761,7,7,4,98.973,131.439
terrain-011762,7,7,4,42.765,1.75392
terrain-011763,7,7,4,42.833,1.77322
terrain-011764,7,7,4,75.235,375.385
terrain-011765,7,7,4,93.598,204.57
terrain-011766,7,7,4,93.589,211.425
terrain-011767,7,7,4,42.557,2.13677
terrain-011768,7,7,4,42.619,2.1655
terrain-011769,7,7,4,93.383,208.461
terrain-011770,7,7,4,42.523,1.77318
terrain-011771,7,7,4,79.838,285.353
terrain-011772,7,7,4,79.725,287.714
terrain-011773,7,7,4,42.484,3.20048
terrain-011774,7,7,4,79.939,289.836
terrain-011775,7,7,4,42.543,3.1714
terrain-011776,7,7,4,80.128,290.636
terrain-011777,7,7,4,80.337,292.72
terrain-011778,7,7,4,42.519,3.14302
terrain-011779,7,7,4,80.088,283.298
terrain-011780,7,7,4,70.879,342.413
terrain-011781,7,7,4,71.498,340.523
terrain-011782,7,7,4,42.402,3.17124
terrain-011783,7,7,4,71.864,344.463
terrain-011784,7,7,4,66.497,393.086
terrain-011785,7,7,4,76.42,354.007
terrain-011786,7,7,4,76.85,352.112
terrain-011787,7,7,4,42.338,2.47875
terrain-011788,7,7,4,76.788,354.869
terrain-011789,7,7,4,98.107,133.898
terrain-011790,7,7,4,42.729,1.84534
terrain-011791,7,7,4,42.797,1.86085
terrain-011792,7,7,4,72.513,408.611
terrain-011793,7,7,4,92.833,213.831
terrain-011794,7,7,4,92.819,221.048
terrain-011795,7,7,4,42.598,2.45849
terrain-011796,7,7,4,42.66,2.47901
terrain-011797,7,7,4,91.873,214.551
terrain-011798,7,7,4,42.472,1.8608
terrain-011799,7,7,4,84.826,293.655
terrain-011800,7,7,4,84.6,295.855
terrain-011801,7,7,4,42.391,2.45832
terrain-011802,7,7,4,42.449,2.47884
terrain-011803,7,7,4,84.613,297.872
terrain-011804,7,7,4,42.443,2.47898
terrain-011805,7,7,1024,111.365,670.059
terrain-011806,7,7,1024,43.547,65.598
terrain-011807,7,7,1024,95.243,1727.27
terrain-011808,7,7,1024,111.356,1339.95
terrain-011809,7,7,1024,112.985,1248.58
terrain-011810,7,7,1024,43.609,65.9917
terrain-011811,7,7,1024,44.319,88.6542
terrain-011812,7,7,1024,111.336,2679.21
terrain-011813,7,7,1024,111.854,2352.6
terrain-011814,7,7,1024,43.499,63.4643
terrain-011815,7,7,1024,91.421,1636.49
terrain-011816,7,7,1024,111.983,1319.6
terrain-011817,7,7,1024,42.996,38.5623
terrain-011818,7,7,1024,43.406,52.0561
terrain-011819,7,7,1024,111.945,2637.86
terrain-011820,7,7,1024,117.205,2461.04
terrain-011821,7,7,1024,42.888,37.1648
terrain-011822,7,7,1024,74.713,998.815
terrain-011823,7,7,1024,42.939,38.4275
terrain-011824,7,7,1024,77.696,1031.92
terrain-011825,7,7,1024,111.648,2512.94
terrain-011826,7,7,1024,42.522,21.5897
terrain-011827,7,7,1024,62.85,594.645
terrain-011828,7,7,1024,42.577,22.3278
terrain-011829,7,7,1024,66.32,606.222
terrain-011830,7,7,1024,42.635,22.3733
terrain-011831,7,7,1024,42.848,30.2883
terrain-011832,7,7,1024,84.838,38294.1
terrain-011833,7,7,1024,42.45,314.552
terrain-011834,7,7,1024,103.572,21219.2
terrain-011835,7,7,1024,42.403,119.51
terrain-011836,7,7,1024,103.305,21970.5
terrain-011837,7,7,1024,42.502,151.949
terrain-011838,7,7,1024,42.3,114.456
terrain-011839,7,7,1024,42.349,118.225
terrain-011840,7,7,1024,102.439,19001.2
terrain-011841,7,7,1024,42.321,109.278
terrain-011842,7,7,1024,42.372,112.884
terrain-011843,7,7,1024,42.428,114.055
terrain-011844,7,7,1024,42.432,112.844
terrain-011845,7,7,1024,42.489,114.015
terrain-011846,7,7,1024,109.964,2427.27
terrain-011847,7,7,1024,42.772,55.7178
terrain-011848,7,7,1024,43.155,80.2928
terrain-011849,7,7,1024,109.929,4852.28
terrain-011850,7,7,1024,110.735,3823.68
terrain-011851,7,7,1024,42.717,57.4429
terrain-011852,7,7,1024,110.005,4989.59
terrain-011853,7,7,1024,69.158,1433.82
terrain-011854,7,7,1024,42.716,55.4368
terrain-011855,7,7,1024,72.678,1571.04
terrain-011856,7,7,1024,110.717,4720.83
terrain-011857,7,7,1024,42.519,40.934
terrain-011858,7,7,1024,110.559,4843.4
terrain-011859,7,7,1024,62.556,984.672
terrain-011860,7,7,1024,42.522,38.4275
terrain-011861,7,7,1024,67.27,1171.15
terrain-011862,7,7,1024,42.582,38.5623
terrain-011863,7,7,1024,42.883,59.3094
terrain-011864,7,7,1024,111.107,4559.66
terrain-011865,7,7,1024,42.398,26.5943
terrain-011866,7,7,1024,60.578,711.863
terrain-011867,7,7,1024,42.457,27.2385
terrain-011868,7,7,1024,42.563,35.6841
terrain-011869,7,7,1024,42.384,29.1178
terrain-011870,7,7,1024,95.343,26768.7
terrain-011871,7,7,1024,96.115,29842.5
terrain-011872,7,7,1024,42.309,171.039
terrain-011873,7,7,1024,42.358,176.539
terrain-011874,7,7,1024,42.413,179.419
terrain-011875,7,7,1024,96.186,25731.2
terrain-011876,7,7,1024,42.405,176.502
terrain-011877,7,7,1024,42.464,179.382
terrain-011878,7,7,1024,42.541,179.275
terrain-011879,7,7,1024,107.509,8187.21
terrain-011880,7,7,1024,42.46,66.9749
terrain-011881,7,7,1024,107.687,8586.42
terrain-011882,7,7,1024,61.235,1528.53
terrain-011883,7,7,1024,42.509,69.2233
terrain-011884,7,7,1024,107.586,8830.48
terrain-011885,7,7,1024,63.369,1607.44
terrain-011886,7,7,1024,42.494,59.7012
terrain-011887,7,7,1024,42.679,82.2319
terrain-011888,7,7,1024,110.043,8292.47
terrain-011889,7,7,1024,42.397,48.9366
terrain-011890,7,7,1024,109.793,8521.49
terrain-011891,7,7,1024,60.58,1212.05
terrain-011892,7,7,1024,42.453,49.1554
terrain-011893,7,7,1024,42.544,61.45
terrain-011894,7,7,1024,42.396,56.1085
terrain-011895,7,7,1024,113.208,7776.15
terrain-011896,7,7,1024,42.406,39.1605
terrain-011897,7,7,1024,42.507,52.0459
terrain-011898,7,7,1024,42.295,37.1604
terrain-011899,7,7,1024,42.349,39.0214
terrain-011900,7,7,1024,89.032,33802.7
terrain-011901,7,7,1024,88.748,34678.5
terrain-011902,7,7,1024,42.381,245.813
terrain-011903,7,7,1024,42.439,251.43
terrain-011904,7,7,1024,89.415,29851.3
terrain-011905,7,7,1024,42.488,251.342
terrain-011906,7,7,1024,105.208,13644.3
terrain-011907,7,7,1024,42.39,85.8236
terrain-011908,7,7,1024,104.933,14271.3
terrain-011909,7,7,1024,60.075,1972.67
terrain-011910,7,7,1024,42.445,86.4987
terrain-011911,7,7,1024,104.785,14606.6
terrain-011912,7,7,1024,42.514,101.922
terrain-011913,7,7,1024,42.34,86.003
terrain-011914,7,7,1024,110.446,13734.9
terrain-011915,7,7,1024,42.409,69.6568
terrain-011916,7,7,1024,110.25,14047.8
terrain-011917,7,7,1024,42.506,91.0129
terrain-011918,7,7,1024,42.286,65.1678
terrain-011919,7,7,1024,42.337,67.3572
terrain-011920,7,7,1024,106.452,11475.8
terrain-011921,7,7,1024,42.316,63.4472
terrain-011922,7,7,1024,42.371,65.5803
terrain-011923,7,7,1024,42.428,65.9739
terrain-011924,7,7,1024,95.662,19724.4
terrain-011925,7,7,1024,42.483,150.128
terrain-011926,7,7,1024,42.594,192.162
terrain-011927,7,7,1024,42.378,144.991
terrain-011928,7,7,1024,42.429,149.951
terrain-011929,7,7,1024,87.453,23848.9
terrain-011930,7,7,1024,42.448,249.585
terrain-011931,7,7,1024,42.5,258.073
terrain-011932,7,7,1024,42.553,258.599
terrain-011933,7,7,1024,84.906,31410.3
terrain-011934,7,7,1024,42.641,438.88
terrain-011935,7,7,1024,42.698,440.391
terrain-011936,7,7,1024,80.655,35324.7
terrain-011937,7,7,1024,42.863,679.074
terrain-011938,7,7,1024,110.34,2539.63
terrain-011939,7,7,1024,42.799,58.7035
terrain-011940,7,7,1024,43.204,85.3548
terrain-011941,7,7,1024,110.268,5074.34
terrain-011942,7,7,1024,119.308,4622.38
terrain-011943,7,7,1024,42.75,60.8847
terrain-011944,7,7,1024,110.334,5145.88
terrain-011945,7,7,1024,70.365,1569.95
terrain-011946,7,7,1024,42.744,58.5435
terrain-011947,7,7,1024,73.795,1688.69
terrain-011948,7,7,1024,109.965,4850.06
terrain-011949,7,7,1024,42.534,42.6514
terrain-011950,7,7,1024,110.074,4929.89
terrain-011951,7,7,1024,62.932,1046.39
terrain-011952,7,7,1024,42.534,39.8944
terrain-011953,7,7,1024,67.777,1234.43
terrain-011954,7,7,1024,42.593,39.9687
terrain-011955,7,7,1024,42.907,62.0243
terrain-011956,7,7,1024,108.761,4507.72
terrain-011957,7,7,1024,42.402,27.288
terrain-011958,7,7,1024,60.597,734.069
terrain-011959,7,7,1024,42.462,27.932
terrain-011960,7,7,1024,42.568,36.6475
terrain-011961,7,7,1024,42.39,29.9756
terrain-011962,7,7,1024,74.562,37894.7
terrain-011963,7,7,1024,95.449,29876.5
terrain-011964,7,7,1024,96.862,33553.4
terrain-011965,7,7,1024,42.335,205.655
terrain-011966,7,7,1024,42.384,212.438
terrain-011967,7,7,1024,42.439,214.56
terrain-011968,7,7,1024,94.784,27295.1
terrain-011969,7,7,1024,42.443,212.368
terrain-011970,7,7,1024,42.502,214.489
terrain-011971,7,7,1024,42.596,214.293
terrain-011972,7,7,1024,107.904,8839.9
terrain-011973,7,7,1024,42.48,71.7007
terrain-011974,7,7,1024,108.137,9059.88
terrain-011975,7,7,1024,61.723,1684.2
terrain-011976,7,7,1024,42.529,74.1357
terrain-011977,7,7,1024,108.054,9206.07
terrain-011978,7,7,1024,63.799,1730.82
terrain-011979,7,7,1024,42.506,63.1423
terrain-011980,7,7,1024,42.699,87.5493
terrain-011981,7,7,1024,109.188,8549.22
terrain-011982,7,7,1024,42.406,51.3406
terrain-011983,7,7,1024,109.17,8715.36
terrain-011984,7,7,1024,60.731,1279.95
terrain-011985,7,7,1024,42.461,51.4636
terrain-011986,7,7,1024,42.553,64.3693
terrain-011987,7,7,1024,42.409,59.3864
terrain-011988,7,7,1024,110.052,7637.7
terrain-011989,7,7,1024,42.411,40.6101
terrain-011990,7,7,1024,42.512,54.1212
terrain-011991,7,7,1024,42.299,38.569
terrain-011992,7,7,1024,42.354,40.5333
terrain-011993,7,7,1024,88.882,38644.8
terrain-011994,7,7,1024,88.547,39625.3
terrain-011995,7,7,1024,42.428,321.449
terrain-011996,7,7,1024,42.486,326.326
terrain-011997,7,7,1024,87.348,31909.2
terrain-011998,7,7,1024,42.552,326.138
terrain-011999,7,7,1024,105.719,14879.8
terrain-012000,7,7,1024,42.405,93.5053
terrain-012001,7,7,1024,105.518,15278.4
terrain-012002,7,7,1024,60.296,2161.78
terrain-012003,7,7,1024,42.459,93.9141
terrain-012004,7,7,1024,105.413,15485.7
terrain-012005,7,7,1024,42.527,110.219
terrain-012006,7,7,1024,42.355,93.955
terrain-012007,7,7,1024,109.456,14246.2
terrain-012008,7,7,1024,42.419,74.3846
terrain-012009,7,7,1024,109.445,14475.9
terrain-012010,7,7,1024,42.516,97.5664
terrain-012011,7,7,1024,42.294,69.6317
terrain-012012,7,7,1024,42.345,71.9974
terrain-012013,7,7,1024,102.626,11186.4
terrain-012014,7,7,1024,42.325,67.6667
terrain-012015,7,7,1024,42.381,69.9662
terrain-012016,7,7,1024,42.438,70.1951
terrain-012017,7,7,1024,83.999,44419.1
terrain-012018,7,7,1024,42.519,441.248
terrain-012019,7,7,1024,104.322,23526.1
terrain-012020,7,7,1024,42.419,134.144
terrain-012021,7,7,1024,104.133,24019.9
terrain-012022,7,7,1024,42.52,171.158
terrain-012023,7,7,1024,102.577,24533.9
terrain-012024,7,7,1024,42.315,128.985
terrain-012025,7,7,1024,42.364,133.311
terrain-012026,7,7,1024,101.021,19793.2
terrain-012027,7,7,1024,102.565,21328.5
terrain-012028,7,7,1024,42.339,122.44
terrain-012029,7,7,1024,42.391,126.553
terrain-012030,7,7,1024,42.446,127.303
terrain-012031,7,7,1024,98.57,17281.7
terrain-012032,7,7,1024,42.458,126.488
terrain-012033,7,7,1024,42.515,127.238
terrain-012034,7,7,1024,107.364,9058.61
terrain-012035,7,7,1024,42.494,74.3213
terrain-012036,7,7,1024,107.797,9191.59
terrain-012037,7,7,1024,62.037,1772.78
terrain-012038,7,7,1024,42.543,76.8613
terrain-012039,7,7,1024,107.812,9292.19
terrain-012040,7,7,1024,64.075,1798.04
terrain-012041,7,7,1024,42.515,65.0148
terrain-012042,7,7,1024,42.713,90.4699
terrain-012043,7,7,1024,106.699,8383.99
terrain-012044,7,7,1024,42.413,52.6307
terrain-012045,7,7,1024,107.055,8543.9
terrain-012046,7,7,1024,60.765,1314.3
terrain-012047,7,7,1024,42.468,52.6984
terrain-012048,7,7,1024,42.559,65.9291
terrain-012049,7,7,1024,42.418,61.1698
terrain-012050,7,7,1024,108.014,7468.63
terrain-012051,7,7,1024,42.416,41.3766
terrain-012052,7,7,1024,42.517,55.2199
terrain-012053,7,7,1024,42.304,39.3147
terrain-012054,7,7,1024,42.359,41.3347
terrain-012055,7,7,1024,88.545,40123.4
terrain-012056,7,7,1024,88.182,41130
terrain-012057,7,7,1024,42.479,379.855
terrain-012058,7,7,1024,42.536,383.395
terrain-012059,7,7,1024,83.843,30446.7
terrain-012060,7,7,1024,42.616,383.011
terrain-012061,7,7,1024,105.101,15238.6
terrain-012062,7,7,1024,42.417,97.8832
terrain-012063,7,7,1024,105.077,15517.4
terrain-012064,7,7,1024,60.473,2267.68
terrain-012065,7,7,1024,42.471,98.1172
terrain-012066,7,7,1024,105.063,15660.3
terrain-012067,7,7,1024,42.537,114.888
terrain-012068,7,7,1024,42.367,98.5064
terrain-012069,7,7,1024,106.044,13794.2
terrain-012070,7,7,1024,42.427,76.9921
terrain-012071,7,7,1024,106.325,14010.2
terrain-012072,7,7,1024,42.524,101.195
terrain-012073,7,7,1024,42.301,72.0963
terrain-012074,7,7,1024,42.353,74.5605
terrain-012075,7,7,1024,100.182,10828.4
terrain-012076,7,7,1024,42.334,69.9959
terrain-012077,7,7,1024,42.391,72.3888
terrain-012078,7,7,1024,42.448,72.5172
terrain-012079,7,7,1024,83.4,46320.9
terrain-012080,7,7,1024,82.395,45577.8
terrain-012081,7,7,1024,42.6,552.437
terrain-012082,7,7,1024,74.953,29542.1
terrain-012083,7,7,1024,103.61,24095.6
terrain-012084,7,7,1024,42.433,142.887
terrain-012085,7,7,1024,103.571,24444.2
terrain-012086,7,7,1024,42.536,182.688
terrain-012087,7,7,1024,102.679,25119.8
terrain-012088,7,7,1024,42.329,137.72
terrain-012089,7,7,1024,42.379,142.391
terrain-012090,7,7,1024,97.199,18932.6
terrain-012091,7,7,1024,99.597,20646.7
terrain-012092,7,7,1024,42.354,130.271
terrain-012093,7,7,1024,42.407,134.691
terrain-012094,7,7,1024,42.462,135.136
terrain-012095,7,7,1024,96.761,16855.6
terrain-012096,7,7,1024,42.481,134.633
terrain-012097,7,7,1024,42.538,135.078
terrain-012098,7,7,1024,73.828,39214.2
terrain-012099,7,7,1024,94.567,30535.2
terrain-012100,7,7,1024,96.82,34661.1
terrain-012101,7,7,1024,42.361,228.794
terrain-012102,7,7,1024,42.411,236.466
terrain-012103,7,7,1024,42.465,237.837
terrain-012104,7,7,1024,91.371,26190.4
terrain-012105,7,7,1024,42.477,236.331
terrain-012106,7,7,1024,42.536,237.701
terrain-012107,7,7,1024,42.645,237.511
terrain-012108,7,7,1024,102.036,14525.5
terrain-012109,7,7,1024,42.43,100.213
terrain-012110,7,7,1024,102.323,14780
terrain-012111,7,7,1024,60.565,2312.88
terrain-012112,7,7,1024,42.484,100.347
terrain-012113,7,7,1024,42.55,117.344
terrain-012114,7,7,1024,42.381,100.935
terrain-012115,7,7,1024,103.243,13080.1
terrain-012116,7,7,1024,42.438,78.3633
terrain-012117,7,7,1024,42.537,103.096
terrain-012118,7,7,1024,42.311,73.3928
terrain-012119,7,7,1024,42.363,75.9093
terrain-012120,7,7,1024,81.015,41732.6
terrain-012121,7,7,1024,42.702,631.427
terrain-012122,7,7,1024,99.583,22368.6
terrain-012123,7,7,1024,42.451,147.665
terrain-012124,7,7,1024,99.767,22667.9
terrain-012125,7,7,1024,42.556,188.977
terrain-012126,7,7,1024,42.347,142.514
terrain-012127,7,7,1024,42.397,147.375
terrain-012128,7,7,1024,94.268,17614.9
terrain-012129,7,7,1024,42.375,134.566
terrain-012130,7,7,1024,42.428,139.158
terrain-012131,7,7,1024,42.483,139.418
terrain-012132,7,7,1024,72.728,35954.6
terrain-012133,7,7,1024,90.752,27817.5
terrain-012134,7,7,1024,93.839,31951.5
terrain-012135,7,7,1024,42.393,242.336
terrain-012136,7,7,1024,42.444,250.536
terrain-012137,7,7,1024,42.498,251.375
terrain-012138,7,7,1024,90.035,24608.2
terrain-012139,7,7,1024,42.519,250.436
terrain-012140,7,7,1024,42.578,251.276
terrain-012141,7,7,1024,85.925,36541.8
terrain-012142,7,7,1024,85.586,37467.5
terrain-012143,7,7,1024,42.541,417.52
terrain-012144,7,7,1024,42.598,419.845
terrain-012145,7,7,1024,82.829,28375.2
terrain-012146,7,7,1024,42.694,419.531
terrain-012147,7,7,4,78.227,183.483
terrain-012148,7,7,4,42.336,1.23074
terrain-012149,7,7,4,42.572,1.06648
terrain-012150,7,7,4,42.637,1.09361
terrain-012151,7,7,4,85.257,128.439
terrain-012152,7,7,4,42.433,1.19677
terrain-012153,7,7,4,42.493,1.23105
terrain-012154,7,7,4,42.446,1.09359
terrain-012155,7,7,4,81.613,159.39
terrain-012156,7,7,4,81.358,161.865
terrain-012157,7,7,4,42.335,1.1965
terrain-012158,7,7,4,42.391,1.23076
terrain-012159,7,7,4,82.017,166.856
terrain-012160,7,7,4,42.385,1.23104
terrain-012161,7,7,4,66.616,293.823
terrain-012162,7,7,4,67.022,292.578
terrain-012163,7,7,4,42.377,3.15022
terrain-012164,7,7,4,66.791,287.971
terrain-012165,7,7,4,63.313,343.903
terrain-012166,7,7,4,85.811,107.318
terrain-012167,7,7,4,43.017,2.39942
terrain-012168,7,7,4,43.074,2.37555
terrain-012169,7,7,4,67.106,374.167
terrain-012170,7,7,4,82.411,177.075
terrain-012171,7,7,4,82.398,183.072
terrain-012172,7,7,4,42.541,2.50679
terrain-012173,7,7,4,42.604,2.52339
terrain-012174,7,7,4,81.667,178.213
terrain-012175,7,7,4,42.659,2.37548
terrain-012176,7,7,4,76.98,254.782
terrain-012177,7,7,4,76.659,256.755
terrain-012178,7,7,4,42.394,2.65829
terrain-012179,7,7,4,42.453,2.67213
terrain-012180,7,7,4,76.29,255.49
terrain-012181,7,7,4,42.383,2.52335
terrain-012182,7,7,4,75.743,248.964
terrain-012183,7,7,4,70.16,315.747
terrain-012184,7,7,4,70.485,314.2
terrain-012185,7,7,4,42.334,2.67202
terrain-012186,7,7,4,70.069,312.295
terrain-012187,7,7,4,73.468,272.421
terrain-012188,7,7,4,84.255,151.516
terrain-012189,7,7,4,42.498,1.6934
terrain-012190,7,7,4,42.559,1.7282
terrain-012191,7,7,4,42.487,1.46888
terrain-012192,7,7,4,79.877,200.156
terrain-012193,7,7,4,79.58,202.595
terrain-012194,7,7,4,42.357,1.69311
terrain-012195,7,7,4,42.413,1.7279
terrain-012196,7,7,4,79.912,206.597
terrain-012197,7,7,4,42.407,1.72819
terrain-012198,7,7,4,75.209,237.632
terrain-012199,7,7,4,42.336,1.72786
terrain-012200,7,7,4,87.003,98.1925
terrain-012201,7,7,4,42.676,1.44369
terrain-012202,7,7,4,42.743,1.46891
terrain-012203,7,7,4,63.87,338.085
terrain-012204,7,7,4,81.448,175.783
terrain-012205,7,7,4,81.435,181.749
terrain-012206,7,7,4,42.764,3.19351
terrain-012207,7,7,4,42.822,3.16012
terrain-012208,7,7,4,81.318,179.259
terrain-012209,7,7,4,42.626,2.36983
terrain-012210,7,7,4,75.733,252.874
terrain-012211,7,7,4,75.444,254.908
terrain-012212,7,7,4,42.343,2.64154
terrain-012213,7,7,4,75.567,256.419
terrain-012214,7,7,4,42.403,2.65329
terrain-012215,7,7,4,75.01,252.922
terrain-012216,7,7,4,75.136,254.44
terrain-012217,7,7,4,42.545,3.16006
terrain-012218,7,7,4,75.22,250.786
terrain-012219,7,7,4,68.724,312.958
terrain-012220,7,7,4,69.082,311.145
terrain-012221,7,7,4,42.285,2.65318
terrain-012222,7,7,4,68.612,308.196
terrain-012223,7,7,4,65.476,369.843
terrain-012224,7,7,4,78.615,229.519
terrain-012225,7,7,4,78.297,231.77
terrain-012226,7,7,4,42.376,2.13645
terrain-012227,7,7,4,42.432,2.16517
terrain-012228,7,7,4,78.36,234.118
terrain-012229,7,7,4,42.426,2.16537
terrain-012230,7,7,4,72.899,278.79
terrain-012231,7,7,4,73.064,278.885
terrain-012232,7,7,4,42.336,2.16511
terrain-012233,7,7,4,73.063,282.2
terrain-012234,7,7,4,86.689,104
terrain-012235,7,7,4,42.761,1.75385
terrain-012236,7,7,4,42.829,1.77316
terrain-012237,7,7,4,70.558,325.141
terrain-012238,7,7,4,83.547,166.257
terrain-012239,7,7,4,83.54,171.832
terrain-012240,7,7,4,42.554,2.13668
terrain-012241,7,7,4,42.616,2.1654
terrain-012242,7,7,4,83.259,169.476
terrain-012243,7,7,4,42.519,1.77312
terrain-012244,7,7,4,73.976,243.286
terrain-012245,7,7,4,73.734,245.447
terrain-012246,7,7,4,42.479,3.20025
terrain-012247,7,7,4,73.894,247.103
terrain-012248,7,7,4,42.539,3.17118
terrain-012249,7,7,4,74.174,248.699
terrain-012250,7,7,4,74.327,250.308
terrain-012251,7,7,4,42.515,3.14298
terrain-012252,7,7,4,73.999,242.514
terrain-012253,7,7,4,66.946,298.817
terrain-012254,7,7,4,67.35,297.534
terrain-012255,7,7,4,42.398,3.17103
terrain-012256,7,7,4,67.768,302.155
terrain-012257,7,7,4,63.62,350.769
terrain-012258,7,7,4,71.153,302.551
terrain-012259,7,7,4,71.409,301.525
terrain-012260,7,7,4,42.335,2.47862
terrain-012261,7,7,4,71.321,303.606
terrain-012262,7,7,4,86.097,106.184
terrain-012263,7,7,4,42.724,1.84527
terrain-012264,7,7,4,42.792,1.86078
terrain-012265,7,7,4,68.36,356.33
terrain-012266,7,7,4,82.972,174.052
terrain-012267,7,7,4,82.963,179.932
terrain-012268,7,7,4,42.594,2.45837
terrain-012269,7,7,4,42.656,2.47889
terrain-012270,7,7,4,82.197,175.194
terrain-012271,7,7,4,42.468,1.86073
terrain-012272,7,7,4,77.569,245.868
terrain-012273,7,7,4,77.249,247.96
terrain-012274,7,7,4,42.388,2.45819
terrain-012275,7,7,4,42.445,2.47871
terrain-012276,7,7,4,77.218,249.417
terrain-012277,7,7,4,42.439,2.47885
terrain-012278,7,7,1024,94.573,511.461
terrain-012279,7,7,1024,43.54,65.5979
terrain-012280,7,7,1024,95.044,1727.18
terrain-012281,7,7,1024,94.568,1022.82
terrain-012282,7,7,1024,97.448,981.483
terrain-012283,7,7,1024,43.602,65.9916
terrain-012284,7,7,1024,44.309,88.654
terrain-012285,7,7,1024,94.556,2045.24
terrain-012286,7,7,1024,97.263,1872.52
terrain-012287,7,7,1024,43.492,63.4642
terrain-012288,7,7,1024,91.233,1636.41
terrain-012289,7,7,1024,94.972,1009.53
terrain-012290,7,7,1024,42.989,38.5622
terrain-012291,7,7,1024,43.395,52.0559
terrain-012292,7,7,1024,94.949,2018.29
terrain-012293,7,7,1024,100.775,1940.94
terrain-012294,7,7,1024,42.881,37.1647
terrain-012295,7,7,1024,74.501,998.767
terrain-012296,7,7,1024,42.932,38.4274
terrain-012297,7,7,1024,77.478,1031.87
terrain-012298,7,7,1024,95.388,1958.02
terrain-012299,7,7,1024,42.515,21.5897
terrain-012300,7,7,1024,62.623,594.61
terrain-012301,7,7,1024,42.57,22.3278
terrain-012302,7,7,1024,66.088,606.19
terrain-012303,7,7,1024,42.627,22.3732
terrain-012304,7,7,1024,42.837,30.2883
terrain-012305,7,7,1024,78.696,32949.2
terrain-012306,7,7,1024,42.449,314.549
terrain-012307,7,7,1024,86.86,15956.6
terrain-012308,7,7,1024,42.394,119.51
terrain-012309,7,7,1024,86.617,16522.2
terrain-012310,7,7,1024,42.488,151.949
terrain-012311,7,7,1024,42.29,114.456
terrain-012312,7,7,1024,42.339,118.225
terrain-012313,7,7,1024,84.766,13842.7
terrain-012314,7,7,1024,42.312,109.278
terrain-012315,7,7,1024,42.363,112.883
terrain-012316,7,7,1024,42.418,114.054
terrain-012317,7,7,1024,42.422,112.843
terrain-012318,7,7,1024,42.48,114.014
terrain-012319,7,7,1024,93.826,1871.23
terrain-012320,7,7,1024,42.765,55.7177
terrain-012321,7,7,1024,43.144,80.2927
terrain-012322,7,7,1024,93.805,3741.13
terrain-012323,7,7,1024,99.068,3201.01
terrain-012324,7,7,1024,42.71,57.4428
terrain-012325,7,7,1024,93.876,3852.89
terrain-012326,7,7,1024,68.964,1433.78
terrain-012327,7,7,1024,42.709,55.4368
terrain-012328,7,7,1024,72.465,1570.98
terrain-012329,7,7,1024,94.266,3647.22
terrain-012330,7,7,1024,42.512,40.9339
terrain-012331,7,7,1024,94.193,3752.43
terrain-012332,7,7,1024,62.344,984.637
terrain-012333,7,7,1024,42.515,38.4275
terrain-012334,7,7,1024,67.044,1171.1
terrain-012335,7,7,1024,42.574,38.5623
terrain-012336,7,7,1024,42.871,59.3093
terrain-012337,7,7,1024,94.767,3569.56
terrain-012338,7,7,1024,42.388,26.5942
terrain-012339,7,7,1024,60.334,711.824
terrain-012340,7,7,1024,42.449,27.2384
terrain-012341,7,7,1024,42.551,35.684
terrain-012342,7,7,1024,42.375,29.1178
terrain-012343,7,7,1024,81.825,20404.9
terrain-012344,7,7,1024,82.891,23049.5
terrain-012345,7,7,1024,42.302,171.038
terrain-012346,7,7,1024,42.35,176.538
terrain-012347,7,7,1024,42.405,179.419
terrain-012348,7,7,1024,82.805,19749.6
terrain-012349,7,7,1024,42.398,176.502
terrain-012350,7,7,1024,42.457,179.381
terrain-012351,7,7,1024,42.534,179.273
terrain-012352,7,7,1024,92.401,6391.57
terrain-012353,7,7,1024,42.453,66.9748
terrain-012354,7,7,1024,92.588,6732.54
terrain-012355,7,7,1024,61.044,1528.49
terrain-012356,7,7,1024,42.501,69.2232
terrain-012357,7,7,1024,92.552,6932.77
terrain-012358,7,7,1024,63.168,1607.39
terrain-012359,7,7,1024,42.487,59.7012
terrain-012360,7,7,1024,42.669,82.2318
terrain-012361,7,7,1024,93.015,6380.91
terrain-012362,7,7,1024,42.388,48.9365
terrain-012363,7,7,1024,92.86,6566.16
terrain-012364,7,7,1024,60.342,1212
terrain-012365,7,7,1024,42.443,49.1553
terrain-012366,7,7,1024,42.532,61.4499
terrain-012367,7,7,1024,42.388,56.1084
terrain-012368,7,7,1024,90.53,5525.74
terrain-012369,7,7,1024,42.394,39.1604
terrain-012370,7,7,1024,42.489,52.0458
terrain-012371,7,7,1024,42.282,37.1603
terrain-012372,7,7,1024,42.337,39.0214
terrain-012373,7,7,1024,79.544,27309.7
terrain-012374,7,7,1024,79.413,28088.8
terrain-012375,7,7,1024,42.376,245.812
terrain-012376,7,7,1024,42.434,251.429
terrain-012377,7,7,1024,80.018,24225.9
terrain-012378,7,7,1024,42.485,251.339
terrain-012379,7,7,1024,90.382,10698
terrain-012380,7,7,1024,42.381,85.8235
terrain-012381,7,7,1024,90.22,11212.7
terrain-012382,7,7,1024,59.863,1972.61
terrain-012383,7,7,1024,42.436,86.4987
terrain-012384,7,7,1024,90.131,11488.9
terrain-012385,7,7,1024,42.504,101.922
terrain-012386,7,7,1024,42.333,86.0029
terrain-012387,7,7,1024,89.563,9914.39
terrain-012388,7,7,1024,42.398,69.6567
terrain-012389,7,7,1024,89.367,10136.5
terrain-012390,7,7,1024,42.489,91.0127
terrain-012391,7,7,1024,42.275,65.1677
terrain-012392,7,7,1024,42.326,67.3571
terrain-012393,7,7,1024,87.158,8331.49
terrain-012394,7,7,1024,42.305,63.447
terrain-012395,7,7,1024,42.36,65.58
terrain-012396,7,7,1024,42.417,65.9736
terrain-012397,7,7,1024,82.79,15516.2
terrain-012398,7,7,1024,42.471,150.102
terrain-012399,7,7,1024,42.576,192.117
terrain-012400,7,7,1024,42.366,144.965
terrain-012401,7,7,1024,42.417,149.925
terrain-012402,7,7,1024,77.601,19114
terrain-012403,7,7,1024,42.437,249.51
terrain-012404,7,7,1024,42.489,257.995
terrain-012405,7,7,1024,42.542,258.522
terrain-012406,7,7,1024,77.562,26410.3
terrain-012407,7,7,1024,42.632,438.655
terrain-012408,7,7,1024,42.688,440.168
terrain-012409,7,7,1024,76.386,31696.5
terrain-012410,7,7,1024,42.858,678.54
terrain-012411,7,7,1024,94.051,1956.27
terrain-012412,7,7,1024,42.791,58.7034
terrain-012413,7,7,1024,43.193,85.3546
terrain-012414,7,7,1024,94.007,3909.62
terrain-012415,7,7,1024,104.032,3741.76
terrain-012416,7,7,1024,42.742,60.8846
terrain-012417,7,7,1024,94.069,3970.31
terrain-012418,7,7,1024,70.152,1569.89
terrain-012419,7,7,1024,42.736,58.5434
terrain-012420,7,7,1024,73.566,1688.62
terrain-012421,7,7,1024,94.367,3797.34
terrain-012422,7,7,1024,42.526,42.6514
terrain-012423,7,7,1024,94.274,3853.77
terrain-012424,7,7,1024,62.707,1046.34
terrain-012425,7,7,1024,42.526,39.8944
terrain-012426,7,7,1024,67.539,1234.36
terrain-012427,7,7,1024,42.585,39.9686
terrain-012428,7,7,1024,42.895,62.0242
terrain-012429,7,7,1024,93.452,3563.47
terrain-012430,7,7,1024,42.393,27.2879
terrain-012431,7,7,1024,60.346,734.047
terrain-012432,7,7,1024,42.453,27.932
terrain-012433,7,7,1024,42.555,36.6475
terrain-012434,7,7,1024,42.381,29.9756
terrain-012435,7,7,1024,73.041,36115.2
terrain-012436,7,7,1024,81.537,22615.7
terrain-012437,7,7,1024,83.037,25714.7
terrain-012438,7,7,1024,42.326,205.654
terrain-012439,7,7,1024,42.376,212.437
terrain-012440,7,7,1024,42.43,214.559
terrain-012441,7,7,1024,82.645,21457.6
terrain-012442,7,7,1024,42.435,212.367
terrain-012443,7,7,1024,42.493,214.487
terrain-012444,7,7,1024,42.587,214.291
terrain-012445,7,7,1024,92.646,6899.57
terrain-012446,7,7,1024,42.472,71.7006
terrain-012447,7,7,1024,92.86,7099.39
terrain-012448,7,7,1024,61.512,1684.15
terrain-012449,7,7,1024,42.521,74.1356
terrain-012450,7,7,1024,92.831,7220.76
terrain-012451,7,7,1024,63.583,1730.76
terrain-012452,7,7,1024,42.499,63.1422
terrain-012453,7,7,1024,42.688,87.5492
terrain-012454,7,7,1024,93.099,6679.63
terrain-012455,7,7,1024,42.396,51.3405
terrain-012456,7,7,1024,92.939,6793.33
terrain-012457,7,7,1024,60.479,1279.89
terrain-012458,7,7,1024,42.451,51.4635
terrain-012459,7,7,1024,42.54,64.3691
terrain-012460,7,7,1024,42.401,59.3862
terrain-012461,7,7,1024,88.96,5500.67
terrain-012462,7,7,1024,42.399,40.61
terrain-012463,7,7,1024,42.493,54.1211
terrain-012464,7,7,1024,42.286,38.5689
terrain-012465,7,7,1024,42.342,40.5333
terrain-012466,7,7,1024,79.255,31133.7
terrain-012467,7,7,1024,79.096,32018.5
terrain-012468,7,7,1024,42.422,321.448
terrain-012469,7,7,1024,42.48,326.325
terrain-012470,7,7,1024,79.527,26764.7
terrain-012471,7,7,1024,42.548,326.133
terrain-012472,7,7,1024,90.631,11655
terrain-012473,7,7,1024,42.395,93.5051
terrain-012474,7,7,1024,90.519,11985.8
terrain-012475,7,7,1024,60.064,2161.71
terrain-012476,7,7,1024,42.449,93.9139
terrain-012477,7,7,1024,90.461,12158.2
terrain-012478,7,7,1024,42.515,110.219
terrain-012479,7,7,1024,42.347,93.9549
terrain-012480,7,7,1024,89.508,10441.6
terrain-012481,7,7,1024,42.407,74.3844
terrain-012482,7,7,1024,89.336,10580
terrain-012483,7,7,1024,42.499,97.5661
terrain-012484,7,7,1024,42.282,69.6315
terrain-012485,7,7,1024,42.334,71.9973
terrain-012486,7,7,1024,85.173,8262.88
terrain-012487,7,7,1024,42.313,67.6665
terrain-012488,7,7,1024,42.369,69.966
terrain-012489,7,7,1024,42.426,70.1949
terrain-012490,7,7,1024,78.2,38492.8
terrain-012491,7,7,1024,42.517,441.242
terrain-012492,7,7,1024,86.96,17569.2
terrain-012493,7,7,1024,42.408,134.144
terrain-012494,7,7,1024,86.799,17942.4
terrain-012495,7,7,1024,42.504,171.158
terrain-012496,7,7,1024,84.856,17928.1
terrain-012497,7,7,1024,42.305,128.985
terrain-012498,7,7,1024,42.354,133.311
terrain-012499,7,7,1024,84.447,14683.2
terrain-012500,7,7,1024,85.505,15799.4
terrain-012501,7,7,1024,42.329,122.44
terrain-012502,7,7,1024,42.38,126.552
terrain-012503,7,7,1024,42.435,127.303
terrain-012504,7,7,1024,84.79,13442.5
terrain-012505,7,7,1024,42.447,126.487
terrain-012506,7,7,1024,42.505,127.237
terrain-012507,7,7,1024,92.929,7170.73
terrain-012508,7,7,1024,42.485,74.3211
terrain-012509,7,7,1024,93.088,7273.84
terrain-012510,7,7,1024,61.814,1772.7
terrain-012511,7,7,1024,42.535,76.8612
terrain-012512,7,7,1024,93.026,7344.16
terrain-012513,7,7,1024,63.85,1797.97
terrain-012514,7,7,1024,42.508,65.0148
terrain-012515,7,7,1024,42.702,90.4697
terrain-012516,7,7,1024,91.766,6626.87
terrain-012517,7,7,1024,42.402,52.6306
terrain-012518,7,7,1024,91.824,6726.38
terrain-012519,7,7,1024,60.507,1314.27
terrain-012520,7,7,1024,42.457,52.6983
terrain-012521,7,7,1024,42.546,65.929
terrain-012522,7,7,1024,42.409,61.1697
terrain-012523,7,7,1024,87.851,5416.31
terrain-012524,7,7,1024,42.404,41.3765
terrain-012525,7,7,1024,42.498,55.2197
terrain-012526,7,7,1024,42.291,39.3146
terrain-012527,7,7,1024,42.347,41.3346
terrain-012528,7,7,1024,79.864,33109.9
terrain-012529,7,7,1024,79.684,34046.6
terrain-012530,7,7,1024,42.472,379.853
terrain-012531,7,7,1024,42.529,383.392
terrain-012532,7,7,1024,77.438,26140.9
terrain-012533,7,7,1024,42.611,383.005
terrain-012534,7,7,1024,90.919,12132.8
terrain-012535,7,7,1024,42.406,97.883
terrain-012536,7,7,1024,90.78,12329.8
terrain-012537,7,7,1024,60.229,2267.58
terrain-012538,7,7,1024,42.46,98.117
terrain-012539,7,7,1024,90.708,12430.5
terrain-012540,7,7,1024,42.525,114.888
terrain-012541,7,7,1024,42.359,98.5062
terrain-012542,7,7,1024,87.862,10284.5
terrain-012543,7,7,1024,42.415,76.9919
terrain-012544,7,7,1024,87.861,10403.9
terrain-012545,7,7,1024,42.506,101.195
terrain-012546,7,7,1024,42.289,72.0962
terrain-012547,7,7,1024,42.341,74.5604
terrain-012548,7,7,1024,83.807,8074.08
terrain-012549,7,7,1024,42.322,69.9957
terrain-012550,7,7,1024,42.379,72.3885
terrain-012551,7,7,1024,42.436,72.517
terrain-012552,7,7,1024,78.842,41465.9
terrain-012553,7,7,1024,78.131,40964.2
terrain-012554,7,7,1024,42.597,552.428
terrain-012555,7,7,1024,74.874,29472.8
terrain-012556,7,7,1024,87.197,18318.8
terrain-012557,7,7,1024,42.422,142.887
terrain-012558,7,7,1024,87.045,18542.3
terrain-012559,7,7,1024,42.519,182.687
terrain-012560,7,7,1024,85.396,18564.9
terrain-012561,7,7,1024,42.318,137.72
terrain-012562,7,7,1024,42.368,142.391
terrain-012563,7,7,1024,82.54,14346.8
terrain-012564,7,7,1024,84.127,15573.5
terrain-012565,7,7,1024,42.343,130.271
terrain-012566,7,7,1024,42.396,134.691
terrain-012567,7,7,1024,42.451,135.135
terrain-012568,7,7,1024,83.705,13205.2
terrain-012569,7,7,1024,42.47,134.633
terrain-012570,7,7,1024,42.527,135.078
terrain-012571,7,7,1024,73.335,38601.9
terrain-012572,7,7,1024,81.63,23577.8
terrain-012573,7,7,1024,83.726,27046.9
terrain-012574,7,7,1024,42.351,228.793
terrain-012575,7,7,1024,42.401,236.465
terrain-012576,7,7,1024,42.455,237.836
terrain-012577,7,7,1024,80.853,21044.5
terrain-012578,7,7,1024,42.468,236.33
terrain-012579,7,7,1024,42.527,237.7
terrain-012580,7,7,1024,42.635,237.509
terrain-012581,7,7,1024,89.266,11742.1
terrain-012582,7,7,1024,42.419,100.211
terrain-012583,7,7,1024,89.319,11907.8
terrain-012584,7,7,1024,60.31,2312.02
terrain-012585,7,7,1024,42.473,100.345
terrain-012586,7,7,1024,42.537,117.342
terrain-012587,7,7,1024,42.372,100.933
terrain-012588,7,7,1024,86.418,9875.47
terrain-012589,7,7,1024,42.426,78.3624
terrain-012590,7,7,1024,42.518,103.094
terrain-012591,7,7,1024,42.299,73.392
terrain-012592,7,7,1024,42.351,75.9084
terrain-012593,7,7,1024,77.392,38088.8
terrain-012594,7,7,1024,42.698,631.361
terrain-012595,7,7,1024,85.26,17404.6
terrain-012596,7,7,1024,42.439,147.662
terrain-012597,7,7,1024,85.257,17585.9
terrain-012598,7,7,1024,42.539,188.972
terrain-012599,7,7,1024,42.335,142.511
terrain-012600,7,7,1024,42.386,147.372
terrain-012601,7,7,1024,81.02,13564.1
terrain-012602,7,7,1024,42.363,134.563
terrain-012603,7,7,1024,42.416,139.155
terrain-012604,7,7,1024,42.471,139.415
terrain-012605,7,7,1024,72.512,35724.5
terrain-012606,7,7,1024,79.767,22055.3
terrain-012607,7,7,1024,82.43,25521.4
terrain-012608,7,7,1024,42.383,242.327
terrain-012609,7,7,1024,42.433,250.526
terrain-012610,7,7,1024,42.487,251.365
terrain-012611,7,7,1024,80.217,19982.4
terrain-012612,7,7,1024,42.509,250.426
terrain-012613,7,7,1024,42.568,251.267
terrain-012614,7,7,1024,78.589,30857.9
terrain-012615,7,7,1024,78.406,31730.1
terrain-012616,7,7,1024,42.533,417.493
terrain-012617,7,7,1024,42.59,419.818
terrain-012618,7,7,1024,76.864,24558.1
terrain-012619,7,7,1024,42.688,419.501
terrain-012620,7,7,4,85.397,218.857
terrain-012621,7,7,4,42.338,1.23076
terrain-012622,7,7,4,42.575,1.0665
terrain-012623,7,7,4,42.64,1.09363
terrain-012624,7,7,4,95.797,158.604
terrain-012625,7,7,4,42.435,1.1968
terrain-012626,7,7,4,42.495,1.23107
terrain-012627,7,7,4,42.449,1.09361
terrain-012628,7,7,4,90.002,192.288
terrain-012629,7,7,4,89.792,195.136
terrain-012630,7,7,4,42.337,1.19653
terrain-012631,7,7,4,42.393,1.23079
terrain-012632,7,7,4,90.945,202.426
terrain-012633,7,7,4,42.387,1.23106
terrain-012634,7,7,4,70.279,334.154
terrain-012635,7,7,4,70.901,332.424
terrain-012636,7,7,4,42.381,3.15032
terrain-012637,7,7,4,70.625,327.094
terrain-012638,7,7,4,65.954,382.335
terrain-012639,7,7,4,97.673,135.143
terrain-012640,7,7,4,43.022,2.39954
terrain-012641,7,7,4,43.079,2.37566
terrain-012642,7,7,4,70.984,427.533
terrain-012643,7,7,4,92.028,217.011
terrain-012644,7,7,4,92.009,224.35
terrain-012645,7,7,4,42.544,2.50693
terrain-012646,7,7,4,42.608,2.52353
terrain-012647,7,7,4,91.101,217.673
terrain-012648,7,7,4,42.665,2.37559
terrain-012649,7,7,4,84.085,303.925
terrain-012650,7,7,4,83.864,305.965
terrain-012651,7,7,4,42.398,2.65847
terrain-012652,7,7,4,42.457,2.6723
terrain-012653,7,7,4,83.348,303.899
terrain-012654,7,7,4,42.387,2.52349
terrain-012655,7,7,4,82.742,295.106
terrain-012656,7,7,4,75.193,368.579
terrain-012657,7,7,4,75.715,366.074
terrain-012658,7,7,4,42.337,2.6722
terrain-012659,7,7,4,75.16,363.109
terrain-012660,7,7,4,78.864,317.189
terrain-012661,7,7,4,94.487,186.628
terrain-012662,7,7,4,42.501,1.69345
terrain-012663,7,7,4,42.562,1.72825
terrain-012664,7,7,4,42.49,1.46892
terrain-012665,7,7,4,87.743,240.271
terrain-012666,7,7,4,87.512,242.989
terrain-012667,7,7,4,42.359,1.69315
terrain-012668,7,7,4,42.415,1.72795
terrain-012669,7,7,4,88.123,248.763
terrain-012670,7,7,4,42.41,1.72823
terrain-012671,7,7,4,81.499,280.891
terrain-012672,7,7,4,42.338,1.72791
terrain-012673,7,7,4,99.324,124.044
terrain-012674,7,7,4,42.679,1.44373
terrain-012675,7,7,4,42.746,1.46894
terrain-012676,7,7,4,66.668,377.311
terrain-012677,7,7,4,90.501,213.929
terrain-012678,7,7,4,90.481,221.176
terrain-012679,7,7,4,42.769,3.1937
terrain-012680,7,7,4,42.827,3.16031
terrain-012681,7,7,4,90.301,217.279
terrain-012682,7,7,4,42.631,2.36985
terrain-012683,7,7,4,82.229,298.958
terrain-012684,7,7,4,82.057,301.118
terrain-012685,7,7,4,42.347,2.64169
terrain-012686,7,7,4,82.227,303.065
terrain-012687,7,7,4,42.407,2.65344
terrain-012688,7,7,4,81.453,298.104
terrain-012689,7,7,4,81.627,300.058
terrain-012690,7,7,4,42.549,3.16025
terrain-012691,7,7,4,81.706,294.205
terrain-012692,7,7,4,73.186,361.568
terrain-012693,7,7,4,73.753,358.931
terrain-012694,7,7,4,42.288,2.65334
terrain-012695,7,7,4,73.132,354.669
terrain-012696,7,7,4,68.807,417.821
terrain-012697,7,7,4,86.169,274.869
terrain-012698,7,7,4,85.932,277.293
terrain-012699,7,7,4,42.379,2.13655
terrain-012700,7,7,4,42.435,2.16527
terrain-012701,7,7,4,86.114,280.66
terrain-012702,7,7,4,42.429,2.16547
terrain-012703,7,7,4,78.611,327.758
terrain-012704,7,7,4,78.91,327.156
terrain-012705,7,7,4,42.339,2.1652
terrain-012706,7,7,4,79.003,331.724
terrain-012707,7,7,4,98.973,131.439
terrain-012708,7,7,4,42.765,1.75392
terrain-012709,7,7,4,42.833,1.77322
terrain-012710,7,7,4,75.235,375.385
terrain-012711,7,7,4,93.598,204.57
terrain-012712,7,7,4,93.589,211.425
terrain-012713,7,7,4,42.557,2.13677
terrain-012714,7,7,4,42.619,2.1655
terrain-012715,7,7,4,93.383,208.461
terrain-012716,7,7,4,42.523,1.77318
terrain-012717,7,7,4,79.838,285.353
terrain-012718,7,7,4,79.725,287.714
terrain-012719,7,7,4,42.484,3.20048
terrain-012720,7,7,4,79.939,289.836
terrain-012721,7,7,4,42.543,3.1714
terrain-012722,7,7,4,80.128,290.636
terrain-012723,7,7,4,80.337,292.72
terrain-012724,7,7,4,42.519,3.14302
terrain-012725,7,7,4,80.088,283.298
terrain-012726,7,7,4,70.879,342.413
terrain-012727,7,7,4,71.498,340.523
terrain-012728,7,7,4,42.402,3.17124
terrain-012729,7,7,4,71.864,344.463
terrain-012730,7,7,4,66.497,393.086
terrain-012731,7,7,4,76.42,354.007
terrain-012732,7,7,4,76.85,352.112
terrain-012733,7,7,4,42.338,2.47875
terrain-012734,7,7,4,76.788,354.869
terrain-012735,7,7,4,98.107,133.898
terrain-012736,7,7,4,42.729,1.84534
terrain-012737,7,7,4,42.797,1.86085
terrain-012738,7,7,4,72.513,408.611
terrain-012739,7,7,4,92.833,213.831
terrain-012740,7,7,4,92.819,221.048
terrain-012741,7,7,4,42.598,2.45849
terrain-012742,7,7,4,42.66,2.47901
terrain-012743,7,7,4,91.873,214.551
terrain-012744,7,7,4,42.472,1.8608
terrain-012745,7,7,4,84.826,293.655
terrain-012746,7,7,4,84.6,295.855
terrain-012747,7,7,4,42.391,2.45832
terrain-012748,7,7,4,42.449,2.47884
terrain-012749,7,7,4,84.613,297.872
terrain-012750,7,7,4,42.443,2.47898
terrain-012751,7,7,1024,111.365,670.059
terrain-012752,7,7,1024,43.547,65.598
terrain-012753,7,7,1024,95.243,1727.27
terrain-012754,7,7,1024,111.356,1339.95
terrain-012755,7,7,1024,112.985,1248.58
terrain-012756,7,7,1024,43.609,65.9917
terrain-012757,7,7,1024,44.319,88.6542
terrain-012758,7,7,1024,111.336,2679.21
terrain-012759,7,7,1024,111.854,2352.6
terrain-012760,7,7,1024,43.499,63.4643
terrain-012761,7,7,1024,91.421,1636.49
terrain-012762,7,7,1024,111.983,1319.6
terrain-012763,7,7,1024,42.996,38.5623
terrain-012764,7,7,1024,43.406,52.0561
terrain-012765,7,7,1024,111.945,2637.86
terrain-012766,7,7,1024,117.205,2461.04
terrain-012767,7,7,1024,42.888,37.1648
terrain-012768,7,7,1024,74.713,998.815
terrain-012769,7,7,1024,42.939,38.4275
terrain-012770,7,7,1024,77.696,1031.92
terrain-012771,7,7,1024,111.648,2512.94
terrain-012772,7,7,1024,42.522,21.5897
terrain-012773,7,7,1024,62.85,594.645
terrain-012774,7,7,1024,42.577,22.3278
terrain-012775,7,7,1024,66.32,606.222
terrain-012776,7,7,1024,42.635,22.3733
terrain-012777,7,7,1024,42.848,30.2883
terrain-012778,7,7,1024,84.838,38294.1
terrain-012779,7,7,1024,42.45,314.552
terrain-012780,7,7,1024,103.571,21218.5
terrain-012781,7,7,1024,42.403,119.51
terrain-012782,7,7,1024,103.304,21970.4
terrain-012783,7,7,1024,42.502,151.949
terrain-012784,7,7,1024,42.3,114.456
terrain-012785,7,7,1024,42.349,118.225
terrain-012786,7,7,1024,102.441,19001.2
terrain-012787,7,7,1024,42.321,109.278
terrain-012788,7,7,1024,42.372,112.884
terrain-012789,7,7,1024,42.428,114.055
terrain-012790,7,7,1024,42.432,112.844
terrain-012791,7,7,1024,42.489,114.015
terrain-012792,7,7,1024,109.964,2427.27
terrain-012793,7,7,1024,42.772,55.7178
terrain-012794,7,7,1024,43.155,80.2928
terrain-012795,7,7,1024,109.929,4852.28
terrain-012796,7,7,1024,110.735,3823.68
terrain-012797,7,7,1024,42.717,57.4429
terrain-012798,7,7,1024,110.005,4989.59
terrain-012799,7,7,1024,69.158,1433.82
terrain-012800,7,7,1024,42.716,55.4368
terrain-012801,7,7,1024,72.678,1571.04
terrain-012802,7,7,1024,110.717,4720.83
terrain-012803,7,7,1024,42.519,40.934
terrain-012804,7,7,1024,110.559,4843.4
terrain-012805,7,7,1024,62.556,984.672
terrain-012806,7,7,1024,42.522,38.4275
terrain-012807,7,7,1024,67.27,1171.15
terrain-012808,7,7,1024,42.582,38.5623
terrain-012809,7,7,1024,42.883,59.3094
terrain-012810,7,7,1024,111.107,4559.67
terrain-012811,7,7,1024,42.398,26.5943
terrain-012812,7,7,1024,60.578,711.863
terrain-012813,7,7,1024,42.457,27.2385
terrain-012814,7,7,1024,42.563,35.6841
terrain-012815,7,7,1024,42.384,29.1178
terrain-012816,7,7,1024,95.343,26768.7
terrain-012817,7,7,1024,96.117,29842.5
terrain-012818,7,7,1024,42.309,171.039
terrain-012819,7,7,1024,42.358,176.539
terrain-012820,7,7,1024,42.413,179.419
terrain-012821,7,7,1024,96.188,25731.2
terrain-012822,7,7,1024,42.405,176.502
terrain-012823,7,7,1024,42.464,179.382
terrain-012824,7,7,1024,42.541,179.275
terrain-012825,7,7,1024,107.509,8187.21
terrain-012826,7,7,1024,42.46,66.9749
terrain-012827,7,7,1024,107.687,8586.42
terrain-012828,7,7,1024,61.235,1528.53
terrain-012829,7,7,1024,42.509,69.2233
terrain-012830,7,7,1024,107.586,8830.48
terrain-012831,7,7,1024,63.369,1607.44
terrain-012832,7,7,1024,42.494,59.7012
terrain-012833,7,7,1024,42.679,82.2319
terrain-012834,7,7,1024,110.044,8292.5
terrain-012835,7,7,1024,42.397,48.9366
terrain-012836,7,7,1024,109.794,8521.53
terrain-012837,7,7,1024,60.58,1212.05
terrain-012838,7,7,1024,42.453,49.1554
terrain-012839,7,7,1024,42.544,61.45
terrain-012840,7,7,1024,42.396,56.1085
terrain-012841,7,7,1024,113.21,7776.64
terrain-012842,7,7,1024,42.406,39.1605
terrain-012843,7,7,1024,42.507,52.0459
terrain-012844,7,7,1024,42.295,37.1604
terrain-012845,7,7,1024,42.349,39.0214
terrain-012846,7,7,1024,89.032,33802.7
terrain-012847,7,7,1024,88.748,34678.5
terrain-012848,7,7,1024,42.381,245.813
terrain-012849,7,7,1024,42.439,251.43
terrain-012850,7,7,1024,89.415,29851.3
terrain-012851,7,7,1024,42.488,251.342
terrain-012852,7,7,1024,105.208,13644.3
terrain-012853,7,7,1024,42.39,85.8236
terrain-012854,7,7,1024,104.933,14271.2
terrain-012855,7,7,1024,60.075,1972.67
terrain-012856,7,7,1024,42.445,86.4987
terrain-012857,7,7,1024,104.785,14606.7
terrain-012858,7,7,1024,42.514,101.922
terrain-012859,7,7,1024,42.34,86.003
terrain-012860,7,7,1024,110.447,13735.2
terrain-012861,7,7,1024,42.409,69.6568
terrain-012862,7,7,1024,110.25,14048
terrain-012863,7,7,1024,42.506,91.0129
terrain-012864,7,7,1024,42.286,65.1678
terrain-012865,7,7,1024,42.337,67.3572
terrain-012866,7,7,1024,106.452,11475.8
terrain-012867,7,7,1024,42.316,63.4472
terrain-012868,7,7,1024,42.371,65.5803
terrain-012869,7,7,1024,42.428,65.9739
terrain-012870,7,7,1024,95.662,19724.2
terrain-012871,7,7,1024,42.483,150.128
terrain-012872,7,7,1024,42.594,192.162
terrain-012873,7,7,1024,42.378,144.991
terrain-012874,7,7,1024,42.429,149.951
terrain-012875,7,7,1024,87.452,23848.9
terrain-012876,7,7,1024,42.448,249.585
terrain-012877,7,7,1024,42.5,258.073
terrain-012878,7,7,1024,42.553,258.599
terrain-012879,7,7,1024,84.907,31410.3
terrain-012880,7,7,1024,42.641,438.88
terrain-012881,7,7,1024,42.698,440.391
terrain-012882,7,7,1024,80.653,35324.7
terrain-012883,7,7,1024,42.863,679.074
terrain-012884,7,7,1024,110.34,2539.63
terrain-012885,7,7,1024,42.799,58.7035
terrain-012886,7,7,1024,43.204,85.3548
terrain-012887,7,7,1024,110.268,5074.34
terrain-012888,7,7,1024,119.308,4622.38
terrain-012889,7,7,1024,42.75,60.8847
terrain-012890,7,7,1024,110.334,5145.88
terrain-012891,7,7,1024,70.365,1569.95
terrain-012892,7,7,1024,42.744,58.5435
terrain-012893,7,7,1024,73.795,1688.69
terrain-012894,7,7,1024,109.965,4850.06
terrain-012895,7,7,1024,42.534,42.6514
terrain-012896,7,7,1024,110.074,4929.89
terrain-012897,7,7,1024,62.932,1046.39
terrain-012898,7,7,1024,42.534,39.8944
terrain-012899,7,7,1024,67.777,1234.43
terrain-012900,7,7,1024,42.593,39.9687
terrain-012901,7,7,1024,42.907,62.0243
terrain-012902,7,7,1024,108.761,4507.69
terrain-012903,7,7,1024,42.402,27.288
terrain-012904,7,7,1024,60.597,734.069
terrain-012905,7,7,1024,42.462,27.932
terrain-012906,7,7,1024,42.568,36.6475
terrain-012907,7,7,1024,42.39,29.9756
terrain-012908,7,7,1024,74.561,37894.7
terrain-012909,7,7,1024,95.447,29876.5
terrain-012910,7,7,1024,96.862,33553.4
terrain-012911,7,7,1024,42.335,205.655
terrain-012912,7,7,1024,42.384,212.438
terrain-012913,7,7,1024,42.439,214.56
terrain-012914,7,7,1024,94.784,27295.1
terrain-012915,7,7,1024,42.443,212.368
terrain-012916,7,7,1024,42.502,214.489
terrain-012917,7,7,1024,42.596,214.293
terrain-012918,7,7,1024,107.904,8839.9
terrain-012919,7,7,1024,42.48,71.7007
terrain-012920,7,7,1024,108.137,9059.88
terrain-012921,7,7,1024,61.723,1684.2
terrain-012922,7,7,1024,42.529,74.1357
terrain-012923,7,7,1024,108.054,9206.07
terrain-012924,7,7,1024,63.799,1730.82
terrain-012925,7,7,1024,42.506,63.1423
terrain-012926,7,7,1024,42.699,87.5493
terrain-012927,7,7,1024,109.188,8549.21
terrain-012928,7,7,1024,42.406,51.3406
terrain-012929,7,7,1024,109.171,8715.44
terrain-012930,7,7,1024,60.731,1279.95
terrain-012931,7,7,1024,42.461,51.4636
terrain-012932,7,7,1024,42.553,64.3693
terrain-012933,7,7,1024,42.409,59.3864
terrain-012934,7,7,1024,110.049,7637.16
terrain-012935,7,7,1024,42.411,40.6101
terrain-012936,7,7,1024,42.512,54.1212
terrain-012937,7,7,1024,42.299,38.569
terrain-012938,7,7,1024,42.354,40.5333
terrain-012939,7,7,1024,88.884,38644.8
terrain-012940,7,7,1024,88.547,39625.3
terrain-012941,7,7,1024,42.428,321.449
terrain-012942,7,7,1024,42.486,326.326
terrain-012943,7,7,1024,87.348,31909.2
terrain-012944,7,7,1024,42.552,326.138
terrain-012945,7,7,1024,105.719,14879.9
terrain-012946,7,7,1024,42.405,93.5053
terrain-012947,7,7,1024,105.518,15278.3
terrain-012948,7,7,1024,60.296,2161.78
terrain-012949,7,7,1024,42.459,93.9141
terrain-012950,7,7,1024,105.413,15485.6
terrain-012951,7,7,1024,42.527,110.219
terrain-012952,7,7,1024,42.355,93.955
terrain-012953,7,7,1024,109.457,14246.3
terrain-012954,7,7,1024,42.419,74.3846
terrain-012955,7,7,1024,109.447,14476.7
terrain-012956,7,7,1024,42.516,97.5664
terrain-012957,7,7,1024,42.294,69.6317
terrain-012958,7,7,1024,42.345,71.9974
terrain-012959,7,7,1024,102.625,11186.4
terrain-012960,7,7,1024,42.325,67.6667
terrain-012961,7,7,1024,42.381,69.9662
terrain-012962,7,7,1024,42.438,70.1951
terrain-012963,7,7,1024,83.997,44419.1
terrain-012964,7,7,1024,42.519,441.248
terrain-012965,7,7,1024,104.322,23526.1
terrain-012966,7,7,1024,42.419,134.144
terrain-012967,7,7,1024,104.133,24019.9
terrain-012968,7,7,1024,42.52,171.158
terrain-012969,7,7,1024,102.577,24533.9
terrain-012970,7,7,1024,42.315,128.985
terrain-012971,7,7,1024,42.364,133.311
terrain-012972,7,7,1024,101.021,19793.2
terrain-012973,7,7,1024,102.561,21328.5
terrain-012974,7,7,1024,42.339,122.44
terrain-012975,7,7,1024,42.391,126.553
terrain-012976,7,7,1024,42.446,127.303
terrain-012977,7,7,1024,98.57,17281.7
terrain-012978,7,7,1024,42.458,126.488
terrain-012979,7,7,1024,42.515,127.238
terrain-012980,7,7,1024,107.364,9058.61
terrain-012981,7,7,1024,42.494,74.3213
terrain-012982,7,7,1024,107.797,9191.59
terrain-012983,7,7,1024,62.037,1772.78
terrain-012984,7,7,1024,42.543,76.8613
terrain-012985,7,7,1024,107.812,9292.19
terrain-012986,7,7,1024,64.075,1798.04
terrain-012987,7,7,1024,42.515,65.0148
terrain-012988,7,7,1024,42.713,90.4699
terrain-012989,7,7,1024,106.699,8384.02
terrain-012990,7,7,1024,42.413,52.6307
terrain-012991,7,7,1024,107.054,8543.84
terrain-012992,7,7,1024,60.765,1314.3
terrain-012993,7,7,1024,42.468,52.6984
terrain-012994,7,7,1024,42.559,65.9291
terrain-012995,7,7,1024,42.418,61.1698
terrain-012996,7,7,1024,108.015,7468.92
terrain-012997,7,7,1024,42.416,41.3766
terrain-012998,7,7,1024,42.517,55.2199
terrain-012999,7,7,1024,42.304,39.3147
terrain-013000,7,7,1024,42.359,41.3347
terrain-013001,7,7,1024,88.545,40123.4
terrain-013002,7,7,1024,88.182,41130
terrain-013003,7,7,1024,42.479,379.855
terrain-013004,7,7,1024,42.536,383.395
terrain-013005,7,7,1024,83.843,30446.7
terrain-013006,7,7,1024,42.616,383.011
terrain-013007,7,7,1024,105.101,15238.7
terrain-013008,7,7,1024,42.417,97.8832
terrain-013009,7,7,1024,105.077,15517.2
terrain-013010,7,7,1024,60.472,2267.68
terrain-013011,7,7,1024,42.471,98.1172
terrain-013012,7,7,1024,105.064,15660.3
terrain-013013,7,7,1024,42.537,114.888
terrain-013014,7,7,1024,42.367,98.5064
terrain-013015,7,7,1024,106.045,13794.4
terrain-013016,7,7,1024,42.427,76.9921
terrain-013017,7,7,1024,106.324,14010
terrain-013018,7,7,1024,42.524,101.195
terrain-013019,7,7,1024,42.301,72.0963
terrain-013020,7,7,1024,42.353,74.5605
terrain-013021,7,7,1024,100.183,10828.4
terrain-013022,7,7,1024,42.334,69.9959
terrain-013023,7,7,1024,42.391,72.3888
terrain-013024,7,7,1024,42.448,72.5172
terrain-013025,7,7,1024,83.4,46320.9
terrain-013026,7,7,1024,82.395,45577.8
terrain-013027,7,7,1024,42.6,552.437
terrain-013028,7,7,1024,74.953,29542.1
terrain-013029,7,7,1024,103.611,24096.9
terrain-013030,7,7,1024,42.433,142.887
terrain-013031,7,7,1024,103.571,24444.4
terrain-013032,7,7,1024,42.536,182.688
terrain-013033,7,7,1024,102.68,25119.8
terrain-013034,7,7,1024,42.329,137.72
terrain-013035,7,7,1024,42.379,142.391
terrain-013036,7,7,1024,97.197,18932.6
terrain-013037,7,7,1024,99.596,20646.7
terrain-013038,7,7,1024,42.354,130.271
terrain-013039,7,7,1024,42.407,134.691
terrain-013040,7,7,1024,42.462,135.136
terrain-013041,7,7,1024,96.761,16855.6
terrain-013042,7,7,1024,42.481,134.633
terrain-013043,7,7,1024,42.538,135.078
terrain-013044,7,7,1024,73.828,39214.2
terrain-013045,7,7,1024,94.564,30535.2
terrain-013046,7,7,1024,96.819,34661.1
terrain-013047,7,7,1024,42.361,228.794
terrain-013048,7,7,1024,42.411,236.466
terrain-013049,7,7,1024,42.465,237.837
terrain-013050,7,7,1024,91.371,26190.4
terrain-013051,7,7,1024,42.477,236.331
terrain-013052,7,7,1024,42.536,237.701
terrain-013053,7,7,1024,42.645,237.511
terrain-013054,7,7,1024,102.036,14525.5
terrain-013055,7,7,1024,42.43,100.213
terrain-013056,7,7,1024,102.323,14779.9
terrain-013057,7,7,1024,60.565,2312.88
terrain-013058,7,7,1024,42.484,100.347
terrain-013059,7,7,1024,42.55,117.344
terrain-013060,7,7,1024,42.381,100.935
terrain-013061,7,7,1024,103.244,13080.4
terrain-013062,7,7,1024,42.438,78.3633
terrain-013063,7,7,1024,42.537,103.096
terrain-013064,7,7,1024,42.311,73.3928
terrain-013065,7,7,1024,42.363,75.9093
terrain-013066,7,7,1024,81.016,41732.6
terrain-013067,7,7,1024,42.702,631.427
terrain-013068,7,7,1024,99.583,22368
terrain-013069,7,7,1024,42.451,147.665
terrain-013070,7,7,1024,99.768,22668.9
terrain-013071,7,7,1024,42.556,188.977
terrain-013072,7,7,1024,42.347,142.514
terrain-013073,7,7,1024,42.397,147.375
terrain-013074,7,7,1024,94.266,17614.9
terrain-013075,7,7,1024,42.375,134.566
terrain-013076,7,7,1024,42.428,139.158
terrain-013077,7,7,1024,42.483,139.418
terrain-013078,7,7,1024,72.728,35954.6
terrain-013079,7,7,1024,90.751,27817.5
terrain-013080,7,7,1024,93.838,31951.5
terrain-013081,7,7,1024,42.393,242.336
terrain-013082,7,7,1024,42.444,250.536
terrain-013083,7,7,1024,42.498,251.375
terrain-013084,7,7,1024,90.031,24608.2
terrain-013085,7,7,1024,42.519,250.436
terrain-013086,7,7,1024,42.578,251.276
terrain-013087,7,7,1024,85.926,36541.8
terrain-013088,7,7,1024,85.586,37467.5
terrain-013089,7,7,1024,42.541,417.52
terrain-013090,7,7,1024,42.598,419.845
terrain-013091,7,7,1024,82.83,28375.2
terrain-013092,7,7,1024,42.694,419.531
terrain-013093,8,8,4,90.131,237.921
terrain-013094,8,8,4,42.455,1.23078
terrain-013095,8,8,4,108.192,124.754
terrain-013096,8,8,4,42.696,1.06651
terrain-013097,8,8,4,42.762,1.09364
terrain-013098,8,8,4,102.695,175.202
terrain-013099,8,8,4,42.554,1.19681
terrain-013100,8,8,4,42.615,1.23108
terrain-013101,8,8,4,42.569,1.09362
terrain-013102,8,8,4,95.501,210.094
terrain-013103,8,8,4,95.327,213.108
terrain-013104,8,8,4,42.454,1.19654
terrain-013105,8,8,4,42.511,1.2308
terrain-013106,8,8,4,96.823,221.826
terrain-013107,8,8,4,42.505,1.23108
terrain-013108,8,8,4,72.618,353.049
terrain-013109,8,8,4,73.383,351.057
terrain-013110,8,8,4,42.5,3.15039
terrain-013111,8,8,4,73.051,345.074
terrain-013112,8,8,4,67.697,399.855
terrain-013113,8,8,4,105.25,150.178
terrain-013114,8,8,4,43.153,2.3996
terrain-013115,8,8,4,43.211,2.37572
terrain-013116,8,8,4,73.471,453.041
terrain-013117,8,8,4,98.092,237.805
terrain-013118,8,8,4,98.07,245.843
terrain-013119,8,8,4,42.667,2.507
terrain-013120,8,8,4,42.731,2.5236
terrain-013121,8,8,4,97.061,238.117
terrain-013122,8,8,4,42.79,2.37565
terrain-013123,8,8,4,88.537,328.627
terrain-013124,8,8,4,88.398,330.656
terrain-013125,8,8,4,42.518,2.65855
terrain-013126,8,8,4,88.577,333.062
terrain-013127,8,8,4,42.577,2.67239
terrain-013128,8,8,4,87.791,328.136
terrain-013129,8,8,4,87.973,330.544
terrain-013130,8,8,4,42.506,2.52356
terrain-013131,8,8,4,87.161,318.082
terrain-013132,8,8,4,78.374,394.457
terrain-013133,8,8,4,79.031,391.399
terrain-013134,8,8,4,42.455,2.67228
terrain-013135,8,8,4,78.393,387.863
terrain-013136,8,8,4,82.392,340.191
terrain-013137,8,8,4,101.069,205.483
terrain-013138,8,8,4,101.064,212.282
terrain-013139,8,8,4,42.621,1.69347
terrain-013140,8,8,4,42.683,1.72827
terrain-013141,8,8,4,101.053,210.225
terrain-013142,8,8,4,42.611,1.46893
terrain-013143,8,8,4,92.798,261.308
terrain-013144,8,8,4,92.62,264.128
terrain-013145,8,8,4,42.477,1.69318
terrain-013146,8,8,4,42.535,1.72798
terrain-013147,8,8,4,93.42,270.962
terrain-013148,8,8,4,42.529,1.72826
terrain-013149,8,8,4,85.572,303.326
terrain-013150,8,8,4,85.755,304.207
terrain-013151,8,8,4,42.456,1.72793
terrain-013152,8,8,4,86.432,313.107
terrain-013153,8,8,4,107.299,138.283
terrain-013154,8,8,4,42.803,1.44374
terrain-013155,8,8,4,42.871,1.46896
terrain-013156,8,8,4,68.475,394.889
terrain-013157,8,8,4,96.179,233.527
terrain-013158,8,8,4,96.155,241.431
terrain-013159,8,8,4,42.895,3.19381
terrain-013160,8,8,4,42.954,3.16041
terrain-013161,8,8,4,95.941,236.685
terrain-013162,8,8,4,42.756,2.36987
terrain-013163,8,8,4,86.283,321.721
terrain-013164,8,8,4,86.202,323.911
terrain-013165,8,8,4,42.466,2.64177
terrain-013166,8,8,4,86.401,326.088
terrain-013167,8,8,4,42.527,2.65352
terrain-013168,8,8,4,85.493,320.323
terrain-013169,8,8,4,85.696,322.508
terrain-013170,8,8,4,42.672,3.16035
terrain-013171,8,8,4,85.784,315.393
terrain-013172,8,8,4,76.005,384.895
terrain-013173,8,8,4,76.715,381.804
terrain-013174,8,8,4,42.406,2.65341
terrain-013175,8,8,4,76.002,376.845
terrain-013176,8,8,4,70.957,440.234
terrain-013177,8,8,4,90.956,298.149
terrain-013178,8,8,4,90.784,300.614
terrain-013179,8,8,4,42.498,2.13659
terrain-013180,8,8,4,42.555,2.16532
terrain-013181,8,8,4,91.046,304.574
terrain-013182,8,8,4,42.549,2.16552
terrain-013183,8,8,4,82.259,352.445
terrain-013184,8,8,4,82.653,351.406
terrain-013185,8,8,4,42.456,2.16525
terrain-013186,8,8,4,82.807,356.68
terrain-013187,8,8,4,106.876,146.434
terrain-013188,8,8,4,42.891,1.75395
terrain-013189,8,8,4,42.96,1.77325
terrain-013190,8,8,4,78.254,400.312
terrain-013191,8,8,4,99.996,224.841
terrain-013192,8,8,4,99.984,232.374
terrain-013193,8,8,4,42.679,2.13682
terrain-013194,8,8,4,42.742,2.16554
terrain-013195,8,8,4,99.844,229.073
terrain-013196,8,8,4,42.645,1.77321
terrain-013197,8,8,4,83.512,305.974
terrain-013198,8,8,4,83.495,308.409
terrain-013199,8,8,4,42.606,3.2006
terrain-013200,8,8,4,83.742,310.772
terrain-013201,8,8,4,42.666,3.17152
terrain-013202,8,8,4,83.863,311.003
terrain-013203,8,8,4,84.105,313.335
terrain-013204,8,8,4,42.641,3.14307
terrain-013205,8,8,4,83.889,302.85
terrain-013206,8,8,4,73.39,363.202
terrain-013207,8,8,4,74.153,360.973
terrain-013208,8,8,4,42.521,3.17137
terrain-013209,8,8,4,74.48,364.381
terrain-013210,8,8,4,68.386,412.769
terrain-013211,8,8,4,79.755,379.436
terrain-013212,8,8,4,80.305,377.028
terrain-013213,8,8,4,42.456,2.47881
terrain-013214,8,8,4,80.266,380.191
terrain-013215,8,8,4,105.798,148.935
terrain-013216,8,8,4,42.854,1.84537
terrain-013217,8,8,4,42.923,1.86088
terrain-013218,8,8,4,75.177,433.899
terrain-013219,8,8,4,99.073,234.69
terrain-013220,8,8,4,99.056,242.606
terrain-013221,8,8,4,42.72,2.45856
terrain-013222,8,8,4,42.784,2.47908
terrain-013223,8,8,4,98.007,235.093
terrain-013224,8,8,4,42.593,1.86084
terrain-013225,8,8,4,89.386,317.826
terrain-013226,8,8,4,89.236,320.035
terrain-013227,8,8,4,42.511,2.45838
terrain-013228,8,8,4,89.362,322.598
terrain-013229,8,8,4,42.569,2.4789
terrain-013230,8,8,4,89.283,322.396
terrain-013231,8,8,4,89.41,324.955
terrain-013232,8,8,4,42.563,2.47904
terrain-013233,8,8,4,88.527,312.925
terrain-013234,8,8,1024,122.375,760.567
terrain-013235,8,8,1024,43.687,65.598
terrain-013236,8,8,1024,96.316,1727.32
terrain-013237,8,8,1024,122.362,1520.91
terrain-013238,8,8,1024,122.894,1394.34
terrain-013239,8,8,1024,43.749,65.9918
terrain-013240,8,8,1024,44.473,88.6543
terrain-013241,8,8,1024,122.337,3040.94
terrain-013242,8,8,1024,121.064,2609.59
terrain-013243,8,8,1024,43.638,63.4644
terrain-013244,8,8,1024,92.428,1636.53
terrain-013245,8,8,1024,123.072,1494.43
terrain-013246,8,8,1024,43.127,38.5623
terrain-013247,8,8,1024,43.546,52.0561
terrain-013248,8,8,1024,123.022,2987.16
terrain-013249,8,8,1024,127.672,2743.1
terrain-013250,8,8,1024,43.018,37.1648
terrain-013251,8,8,1024,75.468,998.831
terrain-013252,8,8,1024,43.069,38.4275
terrain-013253,8,8,1024,78.503,1031.94
terrain-013254,8,8,1024,121.899,2809.06
terrain-013255,8,8,1024,42.646,21.5897
terrain-013256,8,8,1024,63.426,594.65
terrain-013257,8,8,1024,42.702,22.3278
terrain-013258,8,8,1024,66.952,606.227
terrain-013259,8,8,1024,42.761,22.3733
terrain-013260,8,8,1024,42.98,30.2883
terrain-013261,8,8,1024,87.113,39623.1
terrain-013262,8,8,1024,42.569,314.552
terrain-013263,8,8,1024,111.355,23218.1
terrain-013264,8,8,1024,42.524,119.51
terrain-013265,8,8,1024,110.992,24008.1
terrain-013266,8,8,1024,42.627,151.949
terrain-013267,8,8,1024,108.995,24607.2
terrain-013268,8,8,1024,42.419,114.456
terrain-013269,8,8,1024,42.469,118.225
terrain-013270,8,8,1024,110.058,20812.6
terrain-013271,8,8,1024,111.016,22289.8
terrain-013272,8,8,1024,42.441,109.278
terrain-013273,8,8,1024,42.493,112.884
terrain-013274,8,8,1024,42.549,114.055
terrain-013275,8,8,1024,108.797,18902.4
terrain-013276,8,8,1024,42.553,112.844
terrain-013277,8,8,1024,42.611,114.015
terrain-013278,8,8,1024,120.471,2739.2
terrain-013279,8,8,1024,42.9,55.7178
terrain-013280,8,8,1024,43.29,80.2929
terrain-013281,8,8,1024,120.427,5475.54
terrain-013282,8,8,1024,112.213,3823.85
terrain-013283,8,8,1024,42.844,57.4429
terrain-013284,8,8,1024,120.514,5626.43
terrain-013285,8,8,1024,69.815,1433.85
terrain-013286,8,8,1024,42.843,55.4369
terrain-013287,8,8,1024,73.396,1571.06
terrain-013288,8,8,1024,121.304,5310.96
terrain-013289,8,8,1024,42.643,40.934
terrain-013290,8,8,1024,121.127,5443.34
terrain-013291,8,8,1024,63.117,984.685
terrain-013292,8,8,1024,42.646,38.4275
terrain-013293,8,8,1024,67.909,1171.17
terrain-013294,8,8,1024,42.706,38.5623
terrain-013295,8,8,1024,43.014,59.3095
terrain-013296,8,8,1024,120.786,5043.94
terrain-013297,8,8,1024,42.52,26.5943
terrain-013298,8,8,1024,61.12,711.868
terrain-013299,8,8,1024,42.58,27.2385
terrain-013300,8,8,1024,42.69,35.6841
terrain-013301,8,8,1024,42.505,29.1178
terrain-013302,8,8,1024,101.461,29109.8
terrain-013303,8,8,1024,102.144,32340.3
terrain-013304,8,8,1024,42.428,171.039
terrain-013305,8,8,1024,42.477,176.539
terrain-013306,8,8,1024,42.533,179.42
terrain-013307,8,8,1024,101.882,27753.5
terrain-013308,8,8,1024,42.525,176.503
terrain-013309,8,8,1024,42.585,179.382
terrain-013310,8,8,1024,42.661,179.276
terrain-013311,8,8,1024,117.225,9169.44
terrain-013312,8,8,1024,42.583,66.9749
terrain-013313,8,8,1024,117.421,9596.89
terrain-013314,8,8,1024,61.764,1528.55
terrain-013315,8,8,1024,42.632,69.2234
terrain-013316,8,8,1024,117.288,9864.97
terrain-013317,8,8,1024,63.937,1607.46
terrain-013318,8,8,1024,42.617,59.7013
terrain-013319,8,8,1024,42.807,82.2319
terrain-013320,8,8,1024,120.075,9232.82
terrain-013321,8,8,1024,42.519,48.9366
terrain-013322,8,8,1024,119.772,9482.24
terrain-013323,8,8,1024,61.114,1212.06
terrain-013324,8,8,1024,42.575,49.1554
terrain-013325,8,8,1024,42.67,61.4501
terrain-013326,8,8,1024,42.518,56.1086
terrain-013327,8,8,1024,122.379,8499.64
terrain-013328,8,8,1024,42.528,39.1605
terrain-013329,8,8,1024,42.633,52.046
terrain-013330,8,8,1024,42.415,37.1604
terrain-013331,8,8,1024,42.47,39.0215
terrain-013332,8,8,1024,93.388,36129.1
terrain-013333,8,8,1024,93.06,37050.9
terrain-013334,8,8,1024,42.5,245.813
terrain-013335,8,8,1024,42.559,251.431
terrain-013336,8,8,1024,92.113,30959
terrain-013337,8,8,1024,42.607,251.342
terrain-013338,8,8,1024,114.015,15097.3
terrain-013339,8,8,1024,42.512,85.8236
terrain-013340,8,8,1024,113.654,15771.9
terrain-013341,8,8,1024,60.586,1972.7
terrain-013342,8,8,1024,42.567,86.4988
terrain-013343,8,8,1024,113.46,16132.1
terrain-013344,8,8,1024,42.64,101.922
terrain-013345,8,8,1024,42.461,86.0031
terrain-013346,8,8,1024,119.827,15137.3
terrain-013347,8,8,1024,42.531,69.6569
terrain-013348,8,8,1024,119.575,15470.8
terrain-013349,8,8,1024,42.631,91.013
terrain-013350,8,8,1024,42.406,65.1678
terrain-013351,8,8,1024,42.458,67.3572
terrain-013352,8,8,1024,113.889,12423.9
terrain-013353,8,8,1024,42.436,63.4472
terrain-013354,8,8,1024,42.492,65.5803
terrain-013355,8,8,1024,42.55,65.9739
terrain-013356,8,8,1024,101.179,21092.2
terrain-013357,8,8,1024,42.606,150.137
terrain-013358,8,8,1024,101.473,21361.1
terrain-013359,8,8,1024,42.722,192.178
terrain-013360,8,8,1024,42.5,145
terrain-013361,8,8,1024,42.552,149.96
terrain-013362,8,8,1024,91.838,15065.4
terrain-013363,8,8,1024,42.519,135.006
terrain-013364,8,8,1024,42.573,139.62
terrain-013365,8,8,1024,42.629,139.828
terrain-013366,8,8,1024,74.709,31599.3
terrain-013367,8,8,1024,91.549,25313.9
terrain-013368,8,8,1024,96.45,29702
terrain-013369,8,8,1024,42.571,249.612
terrain-013370,8,8,1024,42.623,258.101
terrain-013371,8,8,1024,42.677,258.626
terrain-013372,8,8,1024,88.494,20437.8
terrain-013373,8,8,1024,42.684,251.935
terrain-013374,8,8,1024,42.743,252.614
terrain-013375,8,8,1024,88,32877.2
terrain-013376,8,8,1024,87.641,33707.3
terrain-013377,8,8,1024,42.766,438.96
terrain-013378,8,8,1024,42.823,440.47
terrain-013379,8,8,1024,80.433,22287.1
terrain-013380,8,8,1024,42.886,423.272
terrain-013381,8,8,1024,82.009,35830
terrain-013382,8,8,1024,42.988,679.262
terrain-013383,8,8,1024,120.894,2864.99
terrain-013384,8,8,1024,42.927,58.7035
terrain-013385,8,8,1024,43.341,85.3548
terrain-013386,8,8,1024,120.801,5723.72
terrain-013387,8,8,1024,120.988,4623.18
terrain-013388,8,8,1024,42.877,60.8847
terrain-013389,8,8,1024,120.887,5801.18
terrain-013390,8,8,1024,71.052,1569.98
terrain-013391,8,8,1024,42.871,58.5435
terrain-013392,8,8,1024,74.539,1688.72
terrain-013393,8,8,1024,119.75,5407.09
terrain-013394,8,8,1024,42.658,42.6515
terrain-013395,8,8,1024,120.1,5506.46
terrain-013396,8,8,1024,63.507,1046.4
terrain-013397,8,8,1024,42.658,39.8944
terrain-013398,8,8,1024,68.431,1234.44
terrain-013399,8,8,1024,42.718,39.9687
terrain-013400,8,8,1024,43.039,62.0244
terrain-013401,8,8,1024,118.01,4978.26
terrain-013402,8,8,1024,42.525,27.288
terrain-013403,8,8,1024,61.143,734.074
terrain-013404,8,8,1024,42.585,27.932
terrain-013405,8,8,1024,42.695,36.6475
terrain-013406,8,8,1024,42.512,29.9756
terrain-013407,8,8,1024,75.765,38558.5
terrain-013408,8,8,1024,101.357,32336.3
terrain-013409,8,8,1024,102.749,36195.7
terrain-013410,8,8,1024,42.455,205.655
terrain-013411,8,8,1024,102.681,37356.9
terrain-013412,8,8,1024,42.505,212.438
terrain-013413,8,8,1024,42.56,214.56
terrain-013414,8,8,1024,99.247,28869.1
terrain-013415,8,8,1024,98.806,29597.2
terrain-013416,8,8,1024,42.564,212.369
terrain-013417,8,8,1024,42.624,214.489
terrain-013418,8,8,1024,91.2,20635.4
terrain-013419,8,8,1024,42.716,214.294
terrain-013420,8,8,1024,117.619,9887.33
terrain-013421,8,8,1024,42.603,71.7008
terrain-013422,8,8,1024,117.9,10116.6
terrain-013423,8,8,1024,62.271,1684.23
terrain-013424,8,8,1024,42.653,74.1358
terrain-013425,8,8,1024,117.801,10277.7
terrain-013426,8,8,1024,64.383,1730.84
terrain-013427,8,8,1024,42.63,63.1423
terrain-013428,8,8,1024,42.828,87.5494
terrain-013429,8,8,1024,118.302,9415.75
terrain-013430,8,8,1024,42.528,51.3406
terrain-013431,8,8,1024,118.452,9617.75
terrain-013432,8,8,1024,61.274,1279.96
terrain-013433,8,8,1024,42.584,51.4636
terrain-013434,8,8,1024,42.68,64.3693
terrain-013435,8,8,1024,42.531,59.3864
terrain-013436,8,8,1024,118.662,8327.44
terrain-013437,8,8,1024,42.534,40.6101
terrain-013438,8,8,1024,42.638,54.1212
terrain-013439,8,8,1024,42.42,38.569
terrain-013440,8,8,1024,42.476,40.5333
terrain-013441,8,8,1024,92.9,41010.2
terrain-013442,8,8,1024,92.518,42032.6
terrain-013443,8,8,1024,42.549,321.45
terrain-013444,8,8,1024,42.608,326.327
terrain-013445,8,8,1024,88.814,32308.1
terrain-013446,8,8,1024,42.672,326.138
terrain-013447,8,8,1024,114.491,16424.6
terrain-013448,8,8,1024,42.527,93.5053
terrain-013449,8,8,1024,114.241,16853.6
terrain-013450,8,8,1024,60.822,2161.82
terrain-013451,8,8,1024,42.582,93.9141
terrain-013452,8,8,1024,114.11,17076.1
terrain-013453,8,8,1024,42.652,110.219
terrain-013454,8,8,1024,42.476,93.9551
terrain-013455,8,8,1024,117.711,15485.9
terrain-013456,8,8,1024,42.541,74.3846
terrain-013457,8,8,1024,117.821,15757.6
terrain-013458,8,8,1024,42.643,97.5665
terrain-013459,8,8,1024,42.415,69.6317
terrain-013460,8,8,1024,42.467,71.9975
terrain-013461,8,8,1024,109.449,12072.7
terrain-013462,8,8,1024,42.446,67.6667
terrain-013463,8,8,1024,42.503,69.9662
terrain-013464,8,8,1024,42.561,70.1952
terrain-013465,8,8,1024,85.675,45375.3
terrain-013466,8,8,1024,84.514,44692.8
terrain-013467,8,8,1024,42.639,441.249
terrain-013468,8,8,1024,78.485,30925
terrain-013469,8,8,1024,112.003,25640.6
terrain-013470,8,8,1024,42.54,134.144
terrain-013471,8,8,1024,111.76,26160.9
terrain-013472,8,8,1024,42.645,171.159
terrain-013473,8,8,1024,110.048,26777.1
terrain-013474,8,8,1024,42.435,128.985
terrain-013475,8,8,1024,42.485,133.312
terrain-013476,8,8,1024,107.452,21333.9
terrain-013477,8,8,1024,109.197,23003.6
terrain-013478,8,8,1024,42.46,122.44
terrain-013479,8,8,1024,42.512,126.553
terrain-013480,8,8,1024,42.568,127.303
terrain-013481,8,8,1024,103.796,18365
terrain-013482,8,8,1024,42.58,126.488
terrain-013483,8,8,1024,42.638,127.238
terrain-013484,8,8,1024,116.318,10037.5
terrain-013485,8,8,1024,42.617,74.3213
terrain-013486,8,8,1024,117.027,10196.2
terrain-013487,8,8,1024,62.596,1772.8
terrain-013488,8,8,1024,42.667,76.8613
terrain-013489,8,8,1024,117.141,10320.1
terrain-013490,8,8,1024,64.668,1798.06
terrain-013491,8,8,1024,42.639,65.0149
terrain-013492,8,8,1024,42.842,90.4699
terrain-013493,8,8,1024,115.317,9211.77
terrain-013494,8,8,1024,42.535,52.6307
terrain-013495,8,8,1024,115.872,9405.36
terrain-013496,8,8,1024,61.312,1314.32
terrain-013497,8,8,1024,42.591,52.6984
terrain-013498,8,8,1024,42.686,65.9291
terrain-013499,8,8,1024,42.541,61.1698
terrain-013500,8,8,1024,116.216,8125.45
terrain-013501,8,8,1024,42.539,41.3766
terrain-013502,8,8,1024,42.644,55.2199
terrain-013503,8,8,1024,42.425,39.3147
terrain-013504,8,8,1024,42.481,41.3347
terrain-013505,8,8,1024,91.712,41866.4
terrain-013506,8,8,1024,91.307,42899.9
terrain-013507,8,8,1024,42.6,379.856
terrain-013508,8,8,1024,42.659,383.395
terrain-013509,8,8,1024,85.124,30768.7
terrain-013510,8,8,1024,42.737,383.011
terrain-013511,8,8,1024,113.029,16635.7
terrain-013512,8,8,1024,42.539,97.8832
terrain-013513,8,8,1024,113.138,16968.4
terrain-013514,8,8,1024,61.007,2267.7
terrain-013515,8,8,1024,42.594,98.1172
terrain-013516,8,8,1024,113.192,17139.3
terrain-013517,8,8,1024,42.664,114.888
terrain-013518,8,8,1024,42.489,98.5064
terrain-013519,8,8,1024,113.656,14943.3
terrain-013520,8,8,1024,42.55,76.9921
terrain-013521,8,8,1024,114.073,15196.7
terrain-013522,8,8,1024,42.651,101.195
terrain-013523,8,8,1024,42.422,72.0964
terrain-013524,8,8,1024,42.474,74.5605
terrain-013525,8,8,1024,106.561,11652.5
terrain-013526,8,8,1024,42.455,69.996
terrain-013527,8,8,1024,42.513,72.3888
terrain-013528,8,8,1024,42.571,72.5173
terrain-013529,8,8,1024,84.228,46388.8
terrain-013530,8,8,1024,83.204,45642.5
terrain-013531,8,8,1024,42.72,552.438
terrain-013532,8,8,1024,75.605,29557
terrain-013533,8,8,1024,110.307,25907.9
terrain-013534,8,8,1024,42.555,142.887
terrain-013535,8,8,1024,110.348,26310.3
terrain-013536,8,8,1024,42.663,182.688
terrain-013537,8,8,1024,109.489,27138
terrain-013538,8,8,1024,42.45,137.72
terrain-013539,8,8,1024,42.5,142.391
terrain-013540,8,8,1024,102.969,20319.3
terrain-013541,8,8,1024,105.696,22190.8
terrain-013542,8,8,1024,42.475,130.271
terrain-013543,8,8,1024,42.529,134.691
terrain-013544,8,8,1024,42.585,135.136
terrain-013545,8,8,1024,101.704,17874.6
terrain-013546,8,8,1024,42.604,134.633
terrain-013547,8,8,1024,42.662,135.079
terrain-013548,8,8,1024,74.483,39262
terrain-013549,8,8,1024,99.549,32564.3
terrain-013550,8,8,1024,101.872,36860.1
terrain-013551,8,8,1024,42.482,228.794
terrain-013552,8,8,1024,101.78,38039.5
terrain-013553,8,8,1024,42.532,236.467
terrain-013554,8,8,1024,42.587,237.837
terrain-013555,8,8,1024,95.37,27602.6
terrain-013556,8,8,1024,94.945,28299.2
terrain-013557,8,8,1024,42.599,236.331
terrain-013558,8,8,1024,42.659,237.701
terrain-013559,8,8,1024,89.263,20029
terrain-013560,8,8,1024,42.766,237.513
terrain-013561,8,8,1024,109.263,15784
terrain-013562,8,8,1024,42.553,100.213
terrain-013563,8,8,1024,109.696,16085.1
terrain-013564,8,8,1024,61.104,2312.9
terrain-013565,8,8,1024,42.608,100.347
terrain-013566,8,8,1024,109.917,16239.6
terrain-013567,8,8,1024,42.677,117.344
terrain-013568,8,8,1024,42.503,100.935
terrain-013569,8,8,1024,110.21,14105.5
terrain-013570,8,8,1024,42.561,78.3634
terrain-013571,8,8,1024,110.725,14332.7
terrain-013572,8,8,1024,42.664,103.096
terrain-013573,8,8,1024,42.432,73.3929
terrain-013574,8,8,1024,42.485,75.9093
terrain-013575,8,8,1024,97.902,9856.39
terrain-013576,8,8,1024,42.459,70.5093
terrain-013577,8,8,1024,42.516,72.9239
terrain-013578,8,8,1024,42.574,73.0204
terrain-013579,8,8,1024,81.762,41749.9
terrain-013580,8,8,1024,81.019,41256.3
terrain-013581,8,8,1024,42.824,631.428
terrain-013582,8,8,1024,75.291,27661.6
terrain-013583,8,8,1024,105.457,23908.5
terrain-013584,8,8,1024,42.574,147.665
terrain-013585,8,8,1024,105.725,24251.4
terrain-013586,8,8,1024,42.683,188.978
terrain-013587,8,8,1024,106.256,25429.9
terrain-013588,8,8,1024,42.468,142.514
terrain-013589,8,8,1024,42.519,147.375
terrain-013590,8,8,1024,99.421,18803.8
terrain-013591,8,8,1024,103.81,21037.3
terrain-013592,8,8,1024,42.496,134.566
terrain-013593,8,8,1024,42.55,139.158
terrain-013594,8,8,1024,42.606,139.418
terrain-013595,8,8,1024,92.95,14575
terrain-013596,8,8,1024,42.611,136.496
terrain-013597,8,8,1024,42.669,136.835
terrain-013598,8,8,1024,73.338,35967.2
terrain-013599,8,8,1024,95.018,29473.3
terrain-013600,8,8,1024,98.277,33787.1
terrain-013601,8,8,1024,42.515,242.336
terrain-013602,8,8,1024,42.566,250.536
terrain-013603,8,8,1024,42.621,251.375
terrain-013604,8,8,1024,93.726,25840.7
terrain-013605,8,8,1024,42.642,250.436
terrain-013606,8,8,1024,42.702,251.277
terrain-013607,8,8,1024,42.782,242.996
terrain-013608,8,8,1024,88.688,37951.2
terrain-013609,8,8,1024,88.313,38899.3
terrain-013610,8,8,1024,42.664,417.521
terrain-013611,8,8,1024,42.722,419.846
terrain-013612,8,8,1024,84.031,28642.4
terrain-013613,8,8,1024,42.816,419.532
terrain-013614,8,8,4,90.131,237.921
terrain-013615,8,8,4,42.455,1.23078
terrain-013616,8,8,4,108.192,124.754
terrain-013617,8,8,4,42.696,1.06651
terrain-013618,8,8,4,42.762,1.09364
terrain-013619,8,8,4,102.695,175.202
terrain-013620,8,8,4,42.554,1.19681
terrain-013621,8,8,4,42.615,1.23108
terrain-013622,8,8,4,42.569,1.09362
terrain-013623,8,8,4,95.501,210.094
terrain-013624,8,8,4,95.327,213.108
terrain-013625,8,8,4,42.454,1.19654
terrain-013626,8,8,4,42.511,1.2308
terrain-013627,8,8,4,96.823,221.826
terrain-013628,8,8,4,42.505,1.23108
terrain-013629,8,8,4,72.618,353.049
terrain-013630,8,8,4,73.383,351.057
terrain-013631,8,8,4,42.5,3.15039
terrain-013632,8,8,4,73.051,345.074
terrain-013633,8,8,4,67.697,399.855
terrain-013634,8,8,4,105.25,150.178
terrain-013635,8,8,4,43.153,2.3996
terrain-013636,8,8,4,43.211,2.37572
terrain-013637,8,8,4,73.471,453.041
terrain-013638,8,8,4,98.092,237.805
terrain-013639,8,8,4,98.07,245.843
terrain-013640,8,8,4,42.667,2.507
terrain-013641,8,8,4,42.731,2.5236
terrain-013642,8,8,4,97.061,238.117
terrain-013643,8,8,4,42.79,2.37565
terrain-013644,8,8,4,88.537,328.627
terrain-013645,8,8,4,88.398,330.656
terrain-013646,8,8,4,42.518,2.65855
terrain-013647,8,8,4,88.577,333.062
terrain-013648,8,8,4,42.577,2.67239
terrain-013649,8,8,4,87.791,328.136
terrain-013650,8,8,4,87.973,330.544
terrain-013651,8,8,4,42.506,2.52356
terrain-013652,8,8,4,87.161,318.082
terrain-013653,8,8,4,78.374,394.457
terrain-013654,8,8,4,79.031,391.399
terrain-013655,8,8,4,42.455,2.67228
terrain-013656,8,8,4,78.393,387.863
terrain-013657,8,8,4,82.392,340.191
terrain-013658,8,8,4,101.069,205.483
terrain-013659,8,8,4,101.064,212.282
terrain-013660,8,8,4,42.621,1.69347
terrain-013661,8,8,4,42.683,1.72827
terrain-013662,8,8,4,101.053,210.225
terrain-013663,8,8,4,42.611,1.46893
terrain-013664,8,8,4,92.798,261.308
terrain-013665,8,8,4,92.62,264.128
terrain-013666,8,8,4,42.477,1.69318
terrain-013667,8,8,4,42.535,1.72798
terrain-013668,8,8,4,93.42,270.962
terrain-013669,8,8,4,42.529,1.72826
terrain-013670,8,8,4,85.572,303.326
terrain-013671,8,8,4,85.755,304.207
terrain-013672,8,8,4,42.456,1.72793
terrain-013673,8,8,4,86.432,313.107
terrain-013674,8,8,4,107.299,138.283
terrain-013675,8,8,4,42.803,1.44374
terrain-013676,8,8,4,42.871,1.46896
terrain-013677,8,8,4,68.475,394.889
terrain-013678,8,8,4,96.179,233.527
terrain-013679,8,8,4,96.155,241.431
terrain-013680,8,8,4,42.895,3.19381
terrain-013681,8,8,4,42.954,3.16041
terrain-013682,8,8,4,95.941,236.685
terrain-013683,8,8,4,42.756,2.36987
terrain-013684,8,8,4,86.283,321.721
terrain-013685,8,8,4,86.202,323.911
terrain-013686,8,8,4,42.466,2.64177
terrain-013687,8,8,4,86.401,326.088
terrain-013688,8,8,4,42.527,2.65352
terrain-013689,8,8,4,85.493,320.323
terrain-013690,8,8,4,85.696,322.508
terrain-013691,8,8,4,42.672,3.16035
terrain-013692,8,8,4,85.784,315.393
terrain-013693,8,8,4,76.005,384.895
terrain-013694,8,8,4,76.715,381.804
terrain-013695,8,8,4,42.406,2.65341
terrain-013696,8,8,4,76.002,376.845
terrain-013697,8,8,4,70.957,440.234
terrain-013698,8,8,4,90.956,298.149
terrain-013699,8,8,4,90.784,300.614
terrain-013700,8,8,4,42.498,2.13659
terrain-013701,8,8,4,42.555,2.16532
terrain-013702,8,8,4,91.046,304.574
terrain-013703,8,8,4,42.549,2.16552
terrain-013704,8,8,4,82.259,352.445
terrain-013705,8,8,4,82.653,351.406
terrain-013706,8,8,4,42.456,2.16525
terrain-013707,8,8,4,82.807,356.68
terrain-013708,8,8,4,106.876,146.434
terrain-013709,8,8,4,42.891,1.75395
terrain-013710,8,8,4,42.96,1.77325
terrain-013711,8,8,4,78.254,400.312
terrain-013712,8,8,4,99.996,224.841
terrain-013713,8,8,4,99.984,232.374
terrain-013714,8,8,4,42.679,2.13682
terrain-013715,8,8,4,42.742,2.16554
terrain-013716,8,8,4,99.844,229.073
terrain-013717,8,8,4,42.645,1.77321
terrain-013718,8,8,4,83.512,305.974
terrain-013719,8,8,4,83.495,308.409
terrain-013720,8,8,4,42.606,3.2006
terrain-013721,8,8,4,83.742,310.772
terrain-013722,8,8,4,42.666,3.17152
terrain-013723,8,8,4,83.863,311.003
terrain-013724,8,8,4,84.105,313.335
terrain-013725,8,8,4,42.641,3.14307
terrain-013726,8,8,4,83.889,302.85
terrain-013727,8,8,4,73.39,363.202
terrain-013728,8,8,4,74.153,360.973
terrain-013729,8,8,4,42.521,3.17137
terrain-013730,8,8,4,74.48,364.381
terrain-013731,8,8,4,68.386,412.769
terrain-013732,8,8,4,79.755,379.436
terrain-013733,8,8,4,80.305,377.028
terrain-013734,8,8,4,42.456,2.47881
terrain-013735,8,8,4,80.266,380.191
terrain-013736,8,8,4,105.798,148.935
terrain-013737,8,8,4,42.854,1.84537
terrain-013738,8,8,4,42.923,1.86088
terrain-013739,8,8,4,75.177,433.899
terrain-013740,8,8,4,99.073,234.69
terrain-013741,8,8,4,99.056,242.606
terrain-013742,8,8,4,42.72,2.45856
terrain-013743,8,8,4,42.784,2.47908
terrain-013744,8,8,4,98.007,235.093
terrain-013745,8,8,4,42.593,1.86084
terrain-013746,8,8,4,89.386,317.826
terrain-013747,8,8,4,89.236,320.035
terrain-013748,8,8,4,42.511,2.45838
terrain-013749,8,8,4,89.362,322.598
terrain-013750,8,8,4,42.569,2.4789
terrain-013751,8,8,4,89.283,322.396
terrain-013752,8,8,4,89.41,324.955
terrain-013753,8,8,4,42.563,2.47904
terrain-013754,8,8,4,88.527,312.925
terrain-013755,8,8,1024,122.375,760.567
terrain-013756,8,8,1024,43.687,65.598
terrain-013757,8,8,1024,96.316,1727.32
terrain-013758,8,8,1024,122.362,1520.91
terrain-013759,8,8,1024,122.894,1394.34
terrain-013760,8,8,1024,43.749,65.9918
terrain-013761,8,8,1024,44.473,88.6543
terrain-013762,8,8,1024,122.337,3040.94
terrain-013763,8,8,1024,121.064,2609.59
terrain-013764,8,8,1024,43.638,63.4644
terrain-013765,8,8,1024,92.428,1636.53
terrain-013766,8,8,1024,123.072,1494.43
terrain-013767,8,8,1024,43.127,38.5623
terrain-013768,8,8,1024,43.546,52.0561
terrain-013769,8,8,1024,123.022,2987.16
terrain-013770,8,8,1024,127.672,2743.1
terrain-013771,8,8,1024,43.018,37.1648
terrain-013772,8,8,1024,75.468,998.831
terrain-013773,8,8,1024,43.069,38.4275
terrain-013774,8,8,1024,78.503,1031.94
terrain-013775,8,8,1024,121.899,2809.06
terrain-013776,8,8,1024,42.646,21.5897
terrain-013777,8,8,1024,63.426,594.65
terrain-013778,8,8,1024,42.702,22.3278
terrain-013779,8,8,1024,66.952,606.227
terrain-013780,8,8,1024,42.761,22.3733
terrain-013781,8,8,1024,42.98,30.2883
terrain-013782,8,8,1024,87.114,39623.1
terrain-013783,8,8,1024,42.569,314.552
terrain-013784,8,8,1024,111.355,23218.3
terrain-013785,8,8,1024,42.524,119.51
terrain-013786,8,8,1024,110.991,24007.6
terrain-013787,8,8,1024,42.627,151.949
terrain-013788,8,8,1024,108.996,24607.2
terrain-013789,8,8,1024,42.419,114.456
terrain-013790,8,8,1024,42.469,118.225
terrain-013791,8,8,1024,110.054,20812.6
terrain-013792,8,8,1024,111.016,22289.8
terrain-013793,8,8,1024,42.441,109.278
terrain-013794,8,8,1024,42.493,112.884
terrain-013795,8,8,1024,42.549,114.055
terrain-013796,8,8,1024,108.798,18902.4
terrain-013797,8,8,1024,42.553,112.844
terrain-013798,8,8,1024,42.611,114.015
terrain-013799,8,8,1024,120.471,2739.2
terrain-013800,8,8,1024,42.9,55.7178
terrain-013801,8,8,1024,43.29,80.2929
terrain-013802,8,8,1024,120.427,5475.54
terrain-013803,8,8,1024,112.213,3823.85
terrain-013804,8,8,1024,42.844,57.4429
terrain-013805,8,8,1024,120.514,5626.43
terrain-013806,8,8,1024,69.815,1433.85
terrain-013807,8,8,1024,42.843,55.4369
terrain-013808,8,8,1024,73.396,1571.06
terrain-013809,8,8,1024,121.304,5310.96
terrain-013810,8,8,1024,42.643,40.934
terrain-013811,8,8,1024,121.127,5443.34
terrain-013812,8,8,1024,63.117,984.685
terrain-013813,8,8,1024,42.646,38.4275
terrain-013814,8,8,1024,67.909,1171.17
terrain-013815,8,8,1024,42.706,38.5623
terrain-013816,8,8,1024,43.014,59.3095
terrain-013817,8,8,1024,120.786,5043.95
terrain-013818,8,8,1024,42.52,26.5943
terrain-013819,8,8,1024,61.12,711.868
terrain-013820,8,8,1024,42.58,27.2385
terrain-013821,8,8,1024,42.69,35.6841
terrain-013822,8,8,1024,42.505,29.1178
terrain-013823,8,8,1024,101.462,29109.8
terrain-013824,8,8,1024,102.146,32340.3
terrain-013825,8,8,1024,42.428,171.039
terrain-013826,8,8,1024,42.477,176.539
terrain-013827,8,8,1024,42.533,179.42
terrain-013828,8,8,1024,101.88,27753.5
terrain-013829,8,8,1024,42.525,176.503
terrain-013830,8,8,1024,42.585,179.382
terrain-013831,8,8,1024,42.661,179.276
terrain-013832,8,8,1024,117.225,9169.44
terrain-013833,8,8,1024,42.583,66.9749
terrain-013834,8,8,1024,117.421,9596.89
terrain-013835,8,8,1024,61.764,1528.55
terrain-013836,8,8,1024,42.632,69.2234
terrain-013837,8,8,1024,117.288,9864.97
terrain-013838,8,8,1024,63.937,1607.46
terrain-013839,8,8,1024,42.617,59.7013
terrain-013840,8,8,1024,42.807,82.2319
terrain-013841,8,8,1024,120.074,9232.72
terrain-013842,8,8,1024,42.519,48.9366
terrain-013843,8,8,1024,119.772,9482.28
terrain-013844,8,8,1024,61.114,1212.06
terrain-013845,8,8,1024,42.575,49.1554
terrain-013846,8,8,1024,42.67,61.4501
terrain-013847,8,8,1024,42.518,56.1086
terrain-013848,8,8,1024,122.379,8499.66
terrain-013849,8,8,1024,42.528,39.1605
terrain-013850,8,8,1024,42.633,52.046
terrain-013851,8,8,1024,42.415,37.1604
terrain-013852,8,8,1024,42.47,39.0215
terrain-013853,8,8,1024,93.389,36129.1
terrain-013854,8,8,1024,93.061,37050.9
terrain-013855,8,8,1024,42.5,245.813
terrain-013856,8,8,1024,42.559,251.431
terrain-013857,8,8,1024,92.115,30959
terrain-013858,8,8,1024,42.607,251.342
terrain-013859,8,8,1024,114.015,15097.5
terrain-013860,8,8,1024,42.512,85.8236
terrain-013861,8,8,1024,113.654,15771.9
terrain-013862,8,8,1024,60.586,1972.7
terrain-013863,8,8,1024,42.567,86.4988
terrain-013864,8,8,1024,113.46,16132.1
terrain-013865,8,8,1024,42.64,101.922
terrain-013866,8,8,1024,42.461,86.0031
terrain-013867,8,8,1024,119.828,15137.8
terrain-013868,8,8,1024,42.531,69.6569
terrain-013869,8,8,1024,119.576,15471.1
terrain-013870,8,8,1024,42.631,91.013
terrain-013871,8,8,1024,42.406,65.1678
terrain-013872,8,8,1024,42.458,67.3572
terrain-013873,8,8,1024,113.892,12423.9
terrain-013874,8,8,1024,42.436,63.4472
terrain-013875,8,8,1024,42.492,65.5803
terrain-013876,8,8,1024,42.55,65.9739
terrain-013877,8,8,1024,101.178,21091.9
terrain-013878,8,8,1024,42.606,150.137
terrain-013879,8,8,1024,101.472,21360.9
terrain-013880,8,8,1024,42.722,192.178
terrain-013881,8,8,1024,42.5,145
terrain-013882,8,8,1024,42.552,149.96
terrain-013883,8,8,1024,91.837,15065.4
terrain-013884,8,8,1024,42.519,135.006
terrain-013885,8,8,1024,42.573,139.62
terrain-013886,8,8,1024,42.629,139.828
terrain-013887,8,8,1024,74.709,31599.3
terrain-013888,8,8,1024,91.547,25313.9
terrain-013889,8,8,1024,96.452,29702
terrain-013890,8,8,1024,42.571,249.612
terrain-013891,8,8,1024,42.623,258.101
terrain-013892,8,8,1024,42.677,258.626
terrain-013893,8,8,1024,88.496,20437.8
terrain-013894,8,8,1024,42.684,251.935
terrain-013895,8,8,1024,42.743,252.614
terrain-013896,8,8,1024,87.999,32877.2
terrain-013897,8,8,1024,87.642,33707.3
terrain-013898,8,8,1024,42.766,438.96
terrain-013899,8,8,1024,42.823,440.47
terrain-013900,8,8,1024,80.432,22287.1
terrain-013901,8,8,1024,42.886,423.272
terrain-013902,8,8,1024,82.009,35830
terrain-013903,8,8,1024,42.988,679.262
terrain-013904,8,8,1024,120.894,2864.99
terrain-013905,8,8,1024,42.927,58.7035
terrain-013906,8,8,1024,43.341,85.3548
terrain-013907,8,8,1024,120.801,5723.72
terrain-013908,8,8,1024,120.988,4623.18
terrain-013909,8,8,1024,42.877,60.8847
terrain-013910,8,8,1024,120.887,5801.18
terrain-013911,8,8,1024,71.052,1569.98
terrain-013912,8,8,1024,42.871,58.5435
terrain-013913,8,8,1024,74.539,1688.72
terrain-013914,8,8,1024,119.75,5407.09
terrain-013915,8,8,1024,42.658,42.6515
terrain-013916,8,8,1024,120.1,5506.46
terrain-013917,8,8,1024,63.507,1046.4
terrain-013918,8,8,1024,42.658,39.8944
terrain-013919,8,8,1024,68.431,1234.44
terrain-013920,8,8,1024,42.718,39.9687
terrain-013921,8,8,1024,43.039,62.0244
terrain-013922,8,8,1024,118.01,4978.28
terrain-013923,8,8,1024,42.525,27.288
terrain-013924,8,8,1024,61.143,734.074
terrain-013925,8,8,1024,42.585,27.932
terrain-013926,8,8,1024,42.695,36.6475
terrain-013927,8,8,1024,42.512,29.9756
terrain-013928,8,8,1024,75.764,38558.5
terrain-013929,8,8,1024,101.357,32336.3
terrain-013930,8,8,1024,102.75,36195.7
terrain-013931,8,8,1024,42.455,205.655
terrain-013932,8,8,1024,102.682,37356.9
terrain-013933,8,8,1024,42.505,212.438
terrain-013934,8,8,1024,42.56,214.56
terrain-013935,8,8,1024,99.25,28869.1
terrain-013936,8,8,1024,98.802,29597.2
terrain-013937,8,8,1024,42.564,212.369
terrain-013938,8,8,1024,42.624,214.489
terrain-013939,8,8,1024,91.202,20635.4
terrain-013940,8,8,1024,42.716,214.294
terrain-013941,8,8,1024,117.619,9887.33
terrain-013942,8,8,1024,42.603,71.7008
terrain-013943,8,8,1024,117.9,10116.6
terrain-013944,8,8,1024,62.271,1684.23
terrain-013945,8,8,1024,42.653,74.1358
terrain-013946,8,8,1024,117.801,10277.7
terrain-013947,8,8,1024,64.383,1730.84
terrain-013948,8,8,1024,42.63,63.1423
terrain-013949,8,8,1024,42.828,87.5494
terrain-013950,8,8,1024,118.302,9415.76
terrain-013951,8,8,1024,42.528,51.3406
terrain-013952,8,8,1024,118.452,9617.73
terrain-013953,8,8,1024,61.274,1279.96
terrain-013954,8,8,1024,42.584,51.4636
terrain-013955,8,8,1024,42.68,64.3693
terrain-013956,8,8,1024,42.531,59.3864
terrain-013957,8,8,1024,118.661,8327.37
terrain-013958,8,8,1024,42.534,40.6101
terrain-013959,8,8,1024,42.638,54.1212
terrain-013960,8,8,1024,42.42,38.569
terrain-013961,8,8,1024,42.476,40.5333
terrain-013962,8,8,1024,92.9,41010.2
terrain-013963,8,8,1024,92.519,42032.6
terrain-013964,8,8,1024,42.549,321.45
terrain-013965,8,8,1024,42.608,326.327
terrain-013966,8,8,1024,88.813,32308.1
terrain-013967,8,8,1024,42.672,326.138
terrain-013968,8,8,1024,114.491,16424.8
terrain-013969,8,8,1024,42.527,93.5053
terrain-013970,8,8,1024,114.241,16853.6
terrain-013971,8,8,1024,60.822,2161.82
terrain-013972,8,8,1024,42.582,93.9141
terrain-013973,8,8,1024,114.11,17076.2
terrain-013974,8,8,1024,42.652,110.219
terrain-013975,8,8,1024,42.476,93.9551
terrain-013976,8,8,1024,117.708,15484.8
terrain-013977,8,8,1024,42.541,74.3846
terrain-013978,8,8,1024,117.819,15756.9
terrain-013979,8,8,1024,42.643,97.5665
terrain-013980,8,8,1024,42.415,69.6317
terrain-013981,8,8,1024,42.467,71.9975
terrain-013982,8,8,1024,109.448,12072.7
terrain-013983,8,8,1024,42.446,67.6667
terrain-013984,8,8,1024,42.503,69.9662
terrain-013985,8,8,1024,42.561,70.1952
terrain-013986,8,8,1024,85.675,45375.3
terrain-013987,8,8,1024,84.513,44692.8
terrain-013988,8,8,1024,42.639,441.249
terrain-013989,8,8,1024,78.484,30925
terrain-013990,8,8,1024,112.003,25640.6
terrain-013991,8,8,1024,42.54,134.144
terrain-013992,8,8,1024,111.76,26160.7
terrain-013993,8,8,1024,42.645,171.159
terrain-013994,8,8,1024,110.049,26777.1
terrain-013995,8,8,1024,42.435,128.985
terrain-013996,8,8,1024,42.485,133.312
terrain-013997,8,8,1024,107.449,21333.9
terrain-013998,8,8,1024,109.198,23003.6
terrain-013999,8,8,1024,42.46,122.44
terrain-014000,8,8,1024,42.512,126.553
terrain-014001,8,8,1024,42.568,127.303
terrain-014002,8,8,1024,103.797,18365
terrain-014003,8,8,1024,42.58,126.488
terrain-014004,8,8,1024,42.638,127.238
terrain-014005,8,8,1024,116.318,10037.5
terrain-014006,8,8,1024,42.617,74.3213
terrain-014007,8,8,1024,117.027,10196.2
terrain-014008,8,8,1024,62.596,1772.8
terrain-014009,8,8,1024,42.667,76.8613
terrain-014010,8,8,1024,117.141,10320.1
terrain-014011,8,8,1024,64.668,1798.06
terrain-014012,8,8,1024,42.639,65.0149
terrain-014013,8,8,1024,42.842,90.4699
terrain-014014,8,8,1024,115.317,9211.78
terrain-014015,8,8,1024,42.535,52.6307
terrain-014016,8,8,1024,115.872,9405.3
terrain-014017,8,8,1024,61.312,1314.32
terrain-014018,8,8,1024,42.591,52.6984
terrain-014019,8,8,1024,42.686,65.9291
terrain-014020,8,8,1024,42.541,61.1698
terrain-014021,8,8,1024,116.216,8125.37
terrain-014022,8,8,1024,42.539,41.3766
terrain-014023,8,8,1024,42.644,55.2199
terrain-014024,8,8,1024,42.425,39.3147
terrain-014025,8,8,1024,42.481,41.3347
terrain-014026,8,8,1024,91.711,41866.4
terrain-014027,8,8,1024,91.307,42899.9
terrain-014028,8,8,1024,42.6,379.856
terrain-014029,8,8,1024,42.659,383.395
terrain-014030,8,8,1024,85.124,30768.7
terrain-014031,8,8,1024,42.737,383.011
terrain-014032,8,8,1024,113.029,16635.4
terrain-014033,8,8,1024,42.539,97.8832
terrain-014034,8,8,1024,113.137,16968.2
terrain-014035,8,8,1024,61.007,2267.7
terrain-014036,8,8,1024,42.594,98.1172
terrain-014037,8,8,1024,113.192,17139.3
terrain-014038,8,8,1024,42.664,114.888
terrain-014039,8,8,1024,42.489,98.5064
terrain-014040,8,8,1024,113.656,14943.4
terrain-014041,8,8,1024,42.55,76.9921
terrain-014042,8,8,1024,114.073,15196.6
terrain-014043,8,8,1024,42.651,101.195
terrain-014044,8,8,1024,42.422,72.0964
terrain-014045,8,8,1024,42.474,74.5605
terrain-014046,8,8,1024,106.557,11652.5
terrain-014047,8,8,1024,42.455,69.996
terrain-014048,8,8,1024,42.513,72.3888
terrain-014049,8,8,1024,42.571,72.5173
terrain-014050,8,8,1024,84.229,46388.8
terrain-014051,8,8,1024,83.203,45642.5
terrain-014052,8,8,1024,42.72,552.438
terrain-014053,8,8,1024,75.604,29557
terrain-014054,8,8,1024,110.307,25908.1
terrain-014055,8,8,1024,42.555,142.887
terrain-014056,8,8,1024,110.348,26310.5
terrain-014057,8,8,1024,42.663,182.688
terrain-014058,8,8,1024,109.491,27138
terrain-014059,8,8,1024,42.45,137.72
terrain-014060,8,8,1024,42.5,142.391
terrain-014061,8,8,1024,102.965,20319.3
terrain-014062,8,8,1024,105.694,22190.8
terrain-014063,8,8,1024,42.475,130.271
terrain-014064,8,8,1024,42.529,134.691
terrain-014065,8,8,1024,42.585,135.136
terrain-014066,8,8,1024,101.707,17874.6
terrain-014067,8,8,1024,42.604,134.633
terrain-014068,8,8,1024,42.662,135.079
terrain-014069,8,8,1024,74.484,39262
terrain-014070,8,8,1024,99.549,32564.3
terrain-014071,8,8,1024,101.872,36860.1
terrain-014072,8,8,1024,42.482,228.794
terrain-014073,8,8,1024,101.779,38039.5
terrain-014074,8,8,1024,42.532,236.467
terrain-014075,8,8,1024,42.587,237.837
terrain-014076,8,8,1024,95.371,27602.6
terrain-014077,8,8,1024,94.945,28299.2
terrain-014078,8,8,1024,42.599,236.331
terrain-014079,8,8,1024,42.659,237.701
terrain-014080,8,8,1024,89.263,20029
terrain-014081,8,8,1024,42.766,237.513
terrain-014082,8,8,1024,109.263,15784
terrain-014083,8,8,1024,42.553,100.213
terrain-014084,8,8,1024,109.696,16084.9
terrain-014085,8,8,1024,61.104,2312.9
terrain-014086,8,8,1024,42.608,100.347
terrain-014087,8,8,1024,109.917,16239.5
terrain-014088,8,8,1024,42.677,117.344
terrain-014089,8,8,1024,42.503,100.935
terrain-014090,8,8,1024,110.21,14105.7
terrain-014091,8,8,1024,42.561,78.3634
terrain-014092,8,8,1024,110.724,14332.3
terrain-014093,8,8,1024,42.664,103.096
terrain-014094,8,8,1024,42.432,73.3929
terrain-014095,8,8,1024,42.485,75.9093
terrain-014096,8,8,1024,97.905,9856.39
terrain-014097,8,8,1024,42.459,70.5093
terrain-014098,8,8,1024,42.516,72.9239
terrain-014099,8,8,1024,42.574,73.0204
terrain-014100,8,8,1024,81.763,41749.9
terrain-014101,8,8,1024,81.021,41256.3
terrain-014102,8,8,1024,42.824,631.428
terrain-014103,8,8,1024,75.292,27661.6
terrain-014104,8,8,1024,105.456,23907.5
terrain-014105,8,8,1024,42.574,147.665
terrain-014106,8,8,1024,105.725,24252.1
terrain-014107,8,8,1024,42.683,188.978
terrain-014108,8,8,1024,106.256,25429.9
terrain-014109,8,8,1024,42.468,142.514
terrain-014110,8,8,1024,42.519,147.375
terrain-014111,8,8,1024,99.423,18803.8
terrain-014112,8,8,1024,103.809,21037.3
terrain-014113,8,8,1024,42.496,134.566
terrain-014114,8,8,1024,42.55,139.158
terrain-014115,8,8,1024,42.606,139.418
terrain-014116,8,8,1024,92.948,14575
terrain-014117,8,8,1024,42.611,136.496
terrain-014118,8,8,1024,42.669,136.835
terrain-014119,8,8,1024,73.338,35967.2
terrain-014120,8,8,1024,95.02,29473.3
terrain-014121,8,8,1024,98.277,33787.1
terrain-014122,8,8,1024,42.515,242.336
terrain-014123,8,8,1024,42.566,250.536
terrain-014124,8,8,1024,42.621,251.375
terrain-014125,8,8,1024,93.727,25840.7
terrain-014126,8,8,1024,42.642,250.436
terrain-014127,8,8,1024,42.702,251.277
terrain-014128,8,8,1024,42.782,242.996
terrain-014129,8,8,1024,88.689,37951.2
terrain-014130,8,8,1024,88.311,38899.3
terrain-014131,8,8,1024,42.664,417.521
terrain-014132,8,8,1024,42.722,419.846
terrain-014133,8,8,1024,84.032,28642.4
terrain-014134,8,8,1024,42.816,419.532
terrain-014135,8,8,4,91.96,245.585
terrain-014136,8,8,4,42.457,1.23071
terrain-014137,8,8,4,110.088,128.03
terrain-014138,8,8,4,42.697,1.06646
terrain-014139,8,8,4,42.764,1.09358
terrain-014140,8,8,4,103.255,176.438
terrain-014141,8,8,4,42.555,1.19675
terrain-014142,8,8,4,42.616,1.23102
terrain-014143,8,8,4,42.569,1.09357
terrain-014144,8,8,4,95.984,211.405
terrain-014145,8,8,4,96.364,216.453
terrain-014146,8,8,4,42.455,1.19647
terrain-014147,8,8,4,42.512,1.23073
terrain-014148,8,8,4,97.936,225.466
terrain-014149,8,8,4,42.506,1.23101
terrain-014150,8,8,4,74.572,370.423
terrain-014151,8,8,4,75.65,369.376
terrain-014152,8,8,4,42.505,3.15066
terrain-014153,8,8,4,75.248,362.574
terrain-014154,8,8,4,69.129,414.909
terrain-014155,8,8,4,107.893,156.011
terrain-014156,8,8,4,43.156,2.39999
terrain-014157,8,8,4,43.214,2.37609
terrain-014158,8,8,4,75.999,481.88
terrain-014159,8,8,4,99.415,242.683
terrain-014160,8,8,4,99.393,250.89
terrain-014161,8,8,4,42.668,2.50743
terrain-014162,8,8,4,42.733,2.52402
terrain-014163,8,8,4,98.73,244.45
terrain-014164,8,8,4,42.792,2.37602
terrain-014165,8,8,4,89.95,336.983
terrain-014166,8,8,4,90.576,343.925
terrain-014167,8,8,4,42.52,2.65905
terrain-014168,8,8,4,90.761,346.402
terrain-014169,8,8,4,42.58,2.67288
terrain-014170,8,8,4,89.908,341.07
terrain-014171,8,8,4,90.098,343.549
terrain-014172,8,8,4,42.508,2.52399
terrain-014173,8,8,4,89.509,331.881
terrain-014174,8,8,4,81.568,423.757
terrain-014175,8,8,4,82.587,421.531
terrain-014176,8,8,4,42.46,2.67277
terrain-014177,8,8,4,81.843,417.193
terrain-014178,8,8,4,84.254,352.673
terrain-014179,8,8,4,101.923,207.921
terrain-014180,8,8,4,101.92,214.805
terrain-014181,8,8,4,42.622,1.69348
terrain-014182,8,8,4,42.684,1.72829
terrain-014183,8,8,4,102.288,213.959
terrain-014184,8,8,4,42.612,1.46894
terrain-014185,8,8,4,93.609,264.526
terrain-014186,8,8,4,94.086,270.472
terrain-014187,8,8,4,42.479,1.69319
terrain-014188,8,8,4,42.536,1.72799
terrain-014189,8,8,4,94.953,277.663
terrain-014190,8,8,4,42.531,1.72827
terrain-014191,8,8,4,87.978,317.525
terrain-014192,8,8,4,88.44,319.218
terrain-014193,8,8,4,42.459,1.72794
terrain-014194,8,8,4,89.243,329.029
terrain-014195,8,8,4,109.545,142.666
terrain-014196,8,8,4,42.804,1.44375
terrain-014197,8,8,4,42.873,1.46897
terrain-014198,8,8,4,69.97,410.207
terrain-014199,8,8,4,97.219,237.161
terrain-014200,8,8,4,97.192,245.171
terrain-014201,8,8,4,42.897,3.1943
terrain-014202,8,8,4,42.956,3.1609
terrain-014203,8,8,4,96.934,240.051
terrain-014204,8,8,4,42.758,2.36999
terrain-014205,8,8,4,87.369,327.684
terrain-014206,8,8,4,88.001,334.536
terrain-014207,8,8,4,42.469,2.64212
terrain-014208,8,8,4,88.235,337.056
terrain-014209,8,8,4,42.529,2.65387
terrain-014210,8,8,4,87.231,330.588
terrain-014211,8,8,4,87.468,333.109
terrain-014212,8,8,4,42.675,3.16084
terrain-014213,8,8,4,87.37,323.922
terrain-014214,8,8,4,78.715,409.592
terrain-014215,8,8,4,79.796,407.771
terrain-014216,8,8,4,42.41,2.65377
terrain-014217,8,8,4,78.972,401.896
terrain-014218,8,8,4,73.066,463.98
terrain-014219,8,8,4,92.131,303.998
terrain-014220,8,8,4,92.682,310.506
terrain-014221,8,8,4,42.5,2.13679
terrain-014222,8,8,4,42.557,2.16552
terrain-014223,8,8,4,92.986,314.759
terrain-014224,8,8,4,42.551,2.16572
terrain-014225,8,8,4,85.179,374.148
terrain-014226,8,8,4,85.912,374.168
terrain-014227,8,8,4,42.46,2.16545
terrain-014228,8,8,4,86.136,380.152
terrain-014229,8,8,4,109.429,151.772
terrain-014230,8,8,4,42.893,1.75408
terrain-014231,8,8,4,42.962,1.77339
terrain-014232,8,8,4,80.587,420.97
terrain-014233,8,8,4,101.162,228.699
terrain-014234,8,8,4,101.149,236.356
terrain-014235,8,8,4,42.681,2.13702
terrain-014236,8,8,4,42.744,2.16575
terrain-014237,8,8,4,101.409,234.454
terrain-014238,8,8,4,42.647,1.77335
terrain-014239,8,8,4,84.751,313.378
terrain-014240,8,8,4,85.382,320.096
terrain-014241,8,8,4,42.609,3.20128
terrain-014242,8,8,4,85.636,322.54
terrain-014243,8,8,4,42.669,3.17217
terrain-014244,8,8,4,85.144,318.254
terrain-014245,8,8,4,85.398,320.689
terrain-014246,8,8,4,42.644,3.14331
terrain-014247,8,8,4,85.423,311.215
terrain-014248,8,8,4,76.024,388.154
terrain-014249,8,8,4,77.114,386.716
terrain-014250,8,8,4,42.527,3.17202
terrain-014251,8,8,4,76.878,383.955
terrain-014252,8,8,4,70.427,436.914
terrain-014253,8,8,4,82.765,404.811
terrain-014254,8,8,4,83.688,403.59
terrain-014255,8,8,4,42.46,2.47912
terrain-014256,8,8,4,83.681,407.215
terrain-014257,8,8,4,108.365,154.478
terrain-014258,8,8,4,42.856,1.84554
terrain-014259,8,8,4,42.925,1.86106
terrain-014260,8,8,4,77.575,458.577
terrain-014261,8,8,4,100.287,238.94
terrain-014262,8,8,4,100.267,246.989
terrain-014263,8,8,4,42.722,2.45886
terrain-014264,8,8,4,42.786,2.47939
terrain-014265,8,8,4,99.58,240.8
terrain-014266,8,8,4,42.595,1.86101
terrain-014267,8,8,4,90.624,324.56
terrain-014268,8,8,4,91.22,331.338
terrain-014269,8,8,4,42.513,2.45869
terrain-014270,8,8,4,91.38,334.192
terrain-014271,8,8,4,42.571,2.47921
terrain-014272,8,8,4,91.292,333.901
terrain-014273,8,8,4,91.452,336.755
terrain-014274,8,8,4,42.565,2.47935
terrain-014275,8,8,4,90.809,325.633
terrain-014276,8,8,1024,122.748,764.035
terrain-014277,8,8,1024,43.687,65.5981
terrain-014278,8,8,1024,96.32,1727.35
terrain-014279,8,8,1024,122.735,1527.85
terrain-014280,8,8,1024,123.035,1396.69
terrain-014281,8,8,1024,43.75,65.9918
terrain-014282,8,8,1024,44.473,88.6544
terrain-014283,8,8,1024,122.71,3054.8
terrain-014284,8,8,1024,121.203,2614.02
terrain-014285,8,8,1024,43.638,63.4644
terrain-014286,8,8,1024,92.431,1636.56
terrain-014287,8,8,1024,122.976,1493.11
terrain-014288,8,8,1024,43.127,38.5611
terrain-014289,8,8,1024,43.545,52.0538
terrain-014290,8,8,1024,122.926,2984.51
terrain-014291,8,8,1024,127.373,2734.28
terrain-014292,8,8,1024,43.018,37.1636
terrain-014293,8,8,1024,75.435,997.97
terrain-014294,8,8,1024,43.069,38.4263
terrain-014295,8,8,1024,78.466,1031.02
terrain-014296,8,8,1024,120.621,2765.13
terrain-014297,8,8,1024,42.646,21.5891
terrain-014298,8,8,1024,63.407,594.157
terrain-014299,8,8,1024,42.702,22.3272
terrain-014300,8,8,1024,66.93,605.714
terrain-014301,8,8,1024,42.761,22.3726
terrain-014302,8,8,1024,42.98,30.2871
terrain-014303,8,8,1024,84.452,37663.6
terrain-014304,8,8,1024,42.565,314.564
terrain-014305,8,8,1024,107.726,22328.8
terrain-014306,8,8,1024,42.518,119.51
terrain-014307,8,8,1024,107.161,23022.9
terrain-014308,8,8,1024,42.62,151.95
terrain-014309,8,8,1024,104.075,23249
terrain-014310,8,8,1024,42.413,114.456
terrain-014311,8,8,1024,42.463,118.225
terrain-014312,8,8,1024,103.604,19312.9
terrain-014313,8,8,1024,104.41,20666.1
terrain-014314,8,8,1024,42.433,109.268
terrain-014315,8,8,1024,42.485,112.873
terrain-014316,8,8,1024,42.541,114.044
terrain-014317,8,8,1024,100.373,16925.9
terrain-014318,8,8,1024,42.542,112.827
terrain-014319,8,8,1024,42.6,113.997
terrain-014320,8,8,1024,120.924,2754.49
terrain-014321,8,8,1024,42.9,55.7178
terrain-014322,8,8,1024,43.289,80.293
terrain-014323,8,8,1024,120.879,5506.08
terrain-014324,8,8,1024,112.224,3824.01
terrain-014325,8,8,1024,42.843,57.4429
terrain-014326,8,8,1024,120.709,5639.98
terrain-014327,8,8,1024,69.817,1433.87
terrain-014328,8,8,1024,42.843,55.4369
terrain-014329,8,8,1024,73.382,1571.09
terrain-014330,8,8,1024,121.434,5320.74
terrain-014331,8,8,1024,42.643,40.9326
terrain-014332,8,8,1024,121.123,5444.32
terrain-014333,8,8,1024,63.101,983.849
terrain-014334,8,8,1024,42.646,38.4263
terrain-014335,8,8,1024,67.871,1169.98
terrain-014336,8,8,1024,42.706,38.5611
terrain-014337,8,8,1024,43.014,59.3064
terrain-014338,8,8,1024,118.921,4931.49
terrain-014339,8,8,1024,42.519,26.5933
terrain-014340,8,8,1024,61.091,711.161
terrain-014341,8,8,1024,42.58,27.2375
terrain-014342,8,8,1024,42.69,35.6823
terrain-014343,8,8,1024,42.505,29.1166
terrain-014344,8,8,1024,97.467,27740
terrain-014345,8,8,1024,99.758,31502.2
terrain-014346,8,8,1024,42.423,171.04
terrain-014347,8,8,1024,42.473,176.54
terrain-014348,8,8,1024,42.529,179.421
terrain-014349,8,8,1024,96.825,25989.9
terrain-014350,8,8,1024,42.518,176.479
terrain-014351,8,8,1024,42.577,179.357
terrain-014352,8,8,1024,42.651,179.237
terrain-014353,8,8,1024,118.303,9293.63
terrain-014354,8,8,1024,42.582,66.9749
terrain-014355,8,8,1024,117.899,9654.67
terrain-014356,8,8,1024,61.768,1528.57
terrain-014357,8,8,1024,42.632,69.2234
terrain-014358,8,8,1024,117.679,9912.98
terrain-014359,8,8,1024,63.942,1607.49
terrain-014360,8,8,1024,42.617,59.7013
terrain-014361,8,8,1024,42.807,82.232
terrain-014362,8,8,1024,120.016,9239.18
terrain-014363,8,8,1024,42.516,48.9346
terrain-014364,8,8,1024,119.614,9477.18
terrain-014365,8,8,1024,61.085,1210.8
terrain-014366,8,8,1024,42.572,49.1534
terrain-014367,8,8,1024,42.67,61.4468
terrain-014368,8,8,1024,42.517,56.1058
terrain-014369,8,8,1024,112.467,7625.46
terrain-014370,8,8,1024,42.522,39.1584
terrain-014371,8,8,1024,42.623,52.0422
terrain-014372,8,8,1024,42.408,37.1585
terrain-014373,8,8,1024,42.464,39.0194
terrain-014374,8,8,1024,91.625,35350.3
terrain-014375,8,8,1024,91.332,36268.5
terrain-014376,8,8,1024,42.495,245.819
terrain-014377,8,8,1024,42.554,251.438
terrain-014378,8,8,1024,87.695,28760.5
terrain-014379,8,8,1024,42.601,251.305
terrain-014380,8,8,1024,114.781,15263.4
terrain-014381,8,8,1024,42.507,85.8237
terrain-014382,8,8,1024,114.297,15919.5
terrain-014383,8,8,1024,60.584,1972.74
terrain-014384,8,8,1024,42.563,86.4989
terrain-014385,8,8,1024,114.039,16268.9
terrain-014386,8,8,1024,42.639,101.922
terrain-014387,8,8,1024,42.46,86.0032
terrain-014388,8,8,1024,113.236,14122.6
terrain-014389,8,8,1024,42.524,69.6529
terrain-014390,8,8,1024,112.8,14398.9
terrain-014391,8,8,1024,42.623,91.0059
terrain-014392,8,8,1024,42.401,65.1642
terrain-014393,8,8,1024,42.453,67.3535
terrain-014394,8,8,1024,104.479,11105
terrain-014395,8,8,1024,42.427,63.4416
terrain-014396,8,8,1024,42.483,65.5745
terrain-014397,8,8,1024,42.54,65.9681
terrain-014398,8,8,1024,94.219,18974.9
terrain-014399,8,8,1024,42.597,150.113
terrain-014400,8,8,1024,94.607,19268.9
terrain-014401,8,8,1024,42.712,192.135
terrain-014402,8,8,1024,42.491,144.976
terrain-014403,8,8,1024,42.543,149.935
terrain-014404,8,8,1024,86.238,13688.3
terrain-014405,8,8,1024,42.507,135.013
terrain-014406,8,8,1024,42.561,139.627
terrain-014407,8,8,1024,42.617,139.835
terrain-014408,8,8,1024,69.706,26970.9
terrain-014409,8,8,1024,84.815,22472.7
terrain-014410,8,8,1024,89.761,26562.1
terrain-014411,8,8,1024,42.563,249.542
terrain-014412,8,8,1024,42.615,258.029
terrain-014413,8,8,1024,42.669,258.555
terrain-014414,8,8,1024,83.223,18490.5
terrain-014415,8,8,1024,42.669,251.961
terrain-014416,8,8,1024,42.729,252.64
terrain-014417,8,8,1024,82.16,29256
terrain-014418,8,8,1024,81.881,30020.9
terrain-014419,8,8,1024,42.755,438.764
terrain-014420,8,8,1024,42.812,440.28
terrain-014421,8,8,1024,75.891,20012.6
terrain-014422,8,8,1024,42.87,423.376
terrain-014423,8,8,1024,76.02,30973.9
terrain-014424,8,8,1024,42.977,678.808
terrain-014425,8,8,1024,120.879,2865.6
terrain-014426,8,8,1024,42.927,58.7008
terrain-014427,8,8,1024,43.34,85.3489
terrain-014428,8,8,1024,120.786,5724.93
terrain-014429,8,8,1024,120.65,4604.95
terrain-014430,8,8,1024,42.876,60.8817
terrain-014431,8,8,1024,120.6,5783.09
terrain-014432,8,8,1024,71.011,1567.96
terrain-014433,8,8,1024,42.871,58.5408
terrain-014434,8,8,1024,74.473,1686.38
terrain-014435,8,8,1024,118.554,5327.11
terrain-014436,8,8,1024,42.657,42.6491
terrain-014437,8,8,1024,119.102,5439.38
terrain-014438,8,8,1024,63.478,1045
terrain-014439,8,8,1024,42.658,39.8924
terrain-014440,8,8,1024,68.373,1232.49
terrain-014441,8,8,1024,42.718,39.9667
terrain-014442,8,8,1024,43.038,62.0194
terrain-014443,8,8,1024,116.346,4875.53
terrain-014444,8,8,1024,42.523,27.2873
terrain-014445,8,8,1024,61.12,733.55
terrain-014446,8,8,1024,42.585,27.9313
terrain-014447,8,8,1024,42.694,36.6462
terrain-014448,8,8,1024,42.511,29.9748
terrain-014449,8,8,1024,71.762,34155.2
terrain-014450,8,8,1024,95.239,29791.1
terrain-014451,8,8,1024,98.022,34022.2
terrain-014452,8,8,1024,42.449,205.622
terrain-014453,8,8,1024,97.79,35005.6
terrain-014454,8,8,1024,42.499,212.404
terrain-014455,8,8,1024,42.554,214.526
terrain-014456,8,8,1024,92.05,25901.1
terrain-014457,8,8,1024,91.707,26577.5
terrain-014458,8,8,1024,42.555,212.315
terrain-014459,8,8,1024,42.615,214.436
terrain-014460,8,8,1024,84.119,18109.4
terrain-014461,8,8,1024,42.704,214.257
terrain-014462,8,8,1024,117.968,9934.87
terrain-014463,8,8,1024,42.602,71.6965
terrain-014464,8,8,1024,117.588,10081.9
terrain-014465,8,8,1024,62.243,1681.91
terrain-014466,8,8,1024,42.652,74.1314
terrain-014467,8,8,1024,117.386,10228.5
terrain-014468,8,8,1024,64.351,1728.39
terrain-014469,8,8,1024,42.63,63.1392
terrain-014470,8,8,1024,42.828,87.5431
terrain-014471,8,8,1024,116.602,9225.02
terrain-014472,8,8,1024,42.525,51.3373
terrain-014473,8,8,1024,116.919,9444.78
terrain-014474,8,8,1024,61.231,1277.86
terrain-014475,8,8,1024,42.581,51.4604
terrain-014476,8,8,1024,42.679,64.364
terrain-014477,8,8,1024,42.531,59.3819
terrain-014478,8,8,1024,109.379,7492.66
terrain-014479,8,8,1024,42.528,40.6085
terrain-014480,8,8,1024,42.627,54.1184
terrain-014481,8,8,1024,42.412,38.5676
terrain-014482,8,8,1024,42.47,40.5318
terrain-014483,8,8,1024,88.966,38559
terrain-014484,8,8,1024,88.648,39550.3
terrain-014485,8,8,1024,42.542,321.377
terrain-014486,8,8,1024,42.601,326.255
terrain-014487,8,8,1024,82.601,28652.7
terrain-014488,8,8,1024,42.664,326.033
terrain-014489,8,8,1024,114.059,16360.4
terrain-014490,8,8,1024,42.522,93.4984
terrain-014491,8,8,1024,113.647,16750
terrain-014492,8,8,1024,60.78,2158
terrain-014493,8,8,1024,42.577,93.9073
terrain-014494,8,8,1024,113.433,16951.6
terrain-014495,8,8,1024,42.652,110.209
terrain-014496,8,8,1024,42.475,93.9479
terrain-014497,8,8,1024,109.275,14051
terrain-014498,8,8,1024,42.533,74.3779
terrain-014499,8,8,1024,109.383,14304.4
terrain-014500,8,8,1024,42.634,97.5543
terrain-014501,8,8,1024,42.408,69.6255
terrain-014502,8,8,1024,42.461,71.9911
terrain-014503,8,8,1024,100.771,10825.7
terrain-014504,8,8,1024,42.436,67.6623
terrain-014505,8,8,1024,42.493,69.9616
terrain-014506,8,8,1024,42.551,70.1906
terrain-014507,8,8,1024,81.045,41216.8
terrain-014508,8,8,1024,80.81,41377.6
terrain-014509,8,8,1024,42.634,441.117
terrain-014510,8,8,1024,74.189,27624.1
terrain-014511,8,8,1024,106.324,23999.9
terrain-014512,8,8,1024,42.533,134.13
terrain-014513,8,8,1024,105.893,24416.5
terrain-014514,8,8,1024,42.637,171.135
terrain-014515,8,8,1024,103.05,24590.3
terrain-014516,8,8,1024,42.428,128.971
terrain-014517,8,8,1024,42.478,133.298
terrain-014518,8,8,1024,99.135,19143.7
terrain-014519,8,8,1024,100.567,20609.3
terrain-014520,8,8,1024,42.451,122.421
terrain-014521,8,8,1024,42.503,126.533
terrain-014522,8,8,1024,42.559,127.283
terrain-014523,8,8,1024,96.11,16486.4
terrain-014524,8,8,1024,42.567,126.473
terrain-014525,8,8,1024,42.626,127.223
terrain-014526,8,8,1024,114.754,9834.44
terrain-014527,8,8,1024,42.616,74.314
terrain-014528,8,8,1024,115.313,9976.88
terrain-014529,8,8,1024,62.545,1768.69
terrain-014530,8,8,1024,42.667,76.8538
terrain-014531,8,8,1024,115.579,10119.5
terrain-014532,8,8,1024,64.611,1793.83
terrain-014533,8,8,1024,42.639,65.0096
terrain-014534,8,8,1024,42.842,90.4592
terrain-014535,8,8,1024,113.516,9001.51
terrain-014536,8,8,1024,42.532,52.6285
terrain-014537,8,8,1024,114.331,9225.96
terrain-014538,8,8,1024,61.28,1312.87
terrain-014539,8,8,1024,42.588,52.6962
terrain-014540,8,8,1024,42.685,65.9254
terrain-014541,8,8,1024,42.54,61.1667
terrain-014542,8,8,1024,106.683,7256.2
terrain-014543,8,8,1024,42.533,41.3745
terrain-014544,8,8,1024,42.633,55.216
terrain-014545,8,8,1024,42.417,39.3127
terrain-014546,8,8,1024,42.475,41.3326
terrain-014547,8,8,1024,85.673,37582.6
terrain-014548,8,8,1024,85.359,38547.5
terrain-014549,8,8,1024,42.592,379.685
terrain-014550,8,8,1024,42.65,383.228
terrain-014551,8,8,1024,79.58,27408.5
terrain-014552,8,8,1024,42.727,382.928
terrain-014553,8,8,1024,110.474,16086.2
terrain-014554,8,8,1024,42.534,97.8711
terrain-014555,8,8,1024,110.792,16460.6
terrain-014556,8,8,1024,60.938,2260.99
terrain-014557,8,8,1024,42.589,98.1052
terrain-014558,8,8,1024,110.956,16654.1
terrain-014559,8,8,1024,42.663,114.871
terrain-014560,8,8,1024,42.487,98.4937
terrain-014561,8,8,1024,105.748,13572.4
terrain-014562,8,8,1024,42.541,76.9874
terrain-014563,8,8,1024,106.213,13825.9
terrain-014564,8,8,1024,42.641,101.187
terrain-014565,8,8,1024,42.415,72.092
terrain-014566,8,8,1024,42.468,74.556
terrain-014567,8,8,1024,97.687,10358.3
terrain-014568,8,8,1024,42.445,69.9898
terrain-014569,8,8,1024,42.503,72.3824
terrain-014570,8,8,1024,42.56,72.5109
terrain-014571,8,8,1024,77.844,40129.8
terrain-014572,8,8,1024,77.789,40320.8
terrain-014573,8,8,1024,42.713,552.089
terrain-014574,8,8,1024,71.779,26510.4
terrain-014575,8,8,1024,102.479,23411.6
terrain-014576,8,8,1024,42.547,142.862
terrain-014577,8,8,1024,102.575,23805.7
terrain-014578,8,8,1024,42.654,182.644
terrain-014579,8,8,1024,100.649,24186.3
terrain-014580,8,8,1024,42.442,137.696
terrain-014581,8,8,1024,42.492,142.366
terrain-014582,8,8,1024,95.417,18296.7
terrain-014583,8,8,1024,97.703,19941.2
terrain-014584,8,8,1024,42.466,130.257
terrain-014585,8,8,1024,42.519,134.677
terrain-014586,8,8,1024,42.575,135.121
terrain-014587,8,8,1024,93.42,15812.5
terrain-014588,8,8,1024,42.59,134.611
terrain-014589,8,8,1024,42.648,135.056
terrain-014590,8,8,1024,69.451,33429.2
terrain-014591,8,8,1024,91.571,28888.3
terrain-014592,8,8,1024,94.873,33257.9
terrain-014593,8,8,1024,42.475,228.727
terrain-014594,8,8,1024,94.633,34215.9
terrain-014595,8,8,1024,42.525,236.397
terrain-014596,8,8,1024,42.58,237.768
terrain-014597,8,8,1024,88.85,24855.5
terrain-014598,8,8,1024,88.514,25503.3
terrain-014599,8,8,1024,42.589,236.289
terrain-014600,8,8,1024,42.648,237.66
terrain-014601,8,8,1024,81.769,17317.1
terrain-014602,8,8,1024,42.752,237.451
terrain-014603,8,8,1024,106.725,15224
terrain-014604,8,8,1024,42.547,100.204
terrain-014605,8,8,1024,107.51,15603.8
terrain-014606,8,8,1024,61.051,2308.02
terrain-014607,8,8,1024,42.602,100.338
terrain-014608,8,8,1024,107.916,15800.6
terrain-014609,8,8,1024,42.676,117.332
terrain-014610,8,8,1024,42.501,100.926
terrain-014611,8,8,1024,101.846,12650
terrain-014612,8,8,1024,42.552,78.3556
terrain-014613,8,8,1024,102.506,12900.1
terrain-014614,8,8,1024,42.654,103.082
terrain-014615,8,8,1024,42.425,73.3857
terrain-014616,8,8,1024,42.478,75.9019
terrain-014617,8,8,1024,91.194,8944.76
terrain-014618,8,8,1024,42.448,70.5122
terrain-014619,8,8,1024,42.505,72.927
terrain-014620,8,8,1024,42.563,73.0234
terrain-014621,8,8,1024,76.338,36643
terrain-014622,8,8,1024,76.407,36906.2
terrain-014623,8,8,1024,42.816,631.123
terrain-014624,8,8,1024,70.858,24332.3
terrain-014625,8,8,1024,98.557,21717.9
terrain-014626,8,8,1024,42.566,147.646
terrain-014627,8,8,1024,98.966,22101.7
terrain-014628,8,8,1024,42.674,188.945
terrain-014629,8,8,1024,98.356,22836.1
terrain-014630,8,8,1024,42.46,142.496
terrain-014631,8,8,1024,42.511,147.356
terrain-014632,8,8,1024,91.582,16710.5
terrain-014633,8,8,1024,95.123,18604.7
terrain-014634,8,8,1024,42.486,134.542
terrain-014635,8,8,1024,42.54,139.133
terrain-014636,8,8,1024,42.596,139.393
terrain-014637,8,8,1024,87.109,13271.3
terrain-014638,8,8,1024,42.596,136.507
terrain-014639,8,8,1024,42.654,136.845
terrain-014640,8,8,1024,68.898,31044.4
terrain-014641,8,8,1024,88.24,26418.7
terrain-014642,8,8,1024,92.26,30762.8
terrain-014643,8,8,1024,42.507,242.284
terrain-014644,8,8,1024,42.559,250.483
terrain-014645,8,8,1024,42.614,251.322
terrain-014646,8,8,1024,86.443,22814.3
terrain-014647,8,8,1024,42.63,250.359
terrain-014648,8,8,1024,42.69,251.201
terrain-014649,8,8,1024,42.766,243.036
terrain-014650,8,8,1024,83.557,34429.8
terrain-014651,8,8,1024,83.256,35318.3
terrain-014652,8,8,1024,42.655,417.382
terrain-014653,8,8,1024,42.713,419.711
terrain-014654,8,8,1024,77.821,25003.7
terrain-014655,8,8,1024,42.804,419.349
terrain-014656,9,9,4,87.327,219.41
terrain-014657,9,9,4,42.572,1.23068
terrain-014658,9,9,4,101.31,110.142
terrain-014659,9,9,4,42.816,1.06644
terrain-014660,9,9,4,42.883,1.09356
terrain-014661,9,9,4,96.149,153.954
terrain-014662,9,9,4,96.157,158.955
terrain-014663,9,9,4,42.671,1.19672
terrain-014664,9,9,4,42.733,1.23099
terrain-014665,9,9,4,96.713,159.842
terrain-014666,9,9,4,42.686,1.09355
terrain-014667,9,9,4,90.547,187.233
terrain-014668,9,9,4,90.839,191.939
terrain-014669,9,9,4,42.57,1.19644
terrain-014670,9,9,4,42.628,1.2307
terrain-014671,9,9,4,91.982,199
terrain-014672,9,9,4,42.622,1.23098
terrain-014673,9,9,4,72.721,345.141
terrain-014674,9,9,4,73.6,344.515
terrain-014675,9,9,4,42.619,3.15062
terrain-014676,9,9,4,73.267,338.617
terrain-014677,9,9,4,67.938,391.767
terrain-014678,9,9,4,99.75,135.182
terrain-014679,9,9,4,43.278,2.39998
terrain-014680,9,9,4,43.337,2.37608
terrain-014681,9,9,4,73.98,447.792
terrain-014682,9,9,4,93.241,214.224
terrain-014683,9,9,4,93.224,221.476
terrain-014684,9,9,4,42.785,2.50742
terrain-014685,9,9,4,42.851,2.52401
terrain-014686,9,9,4,92.644,216.383
terrain-014687,9,9,4,42.909,2.37601
terrain-014688,9,9,4,85.683,303.138
terrain-014689,9,9,4,86.163,309.975
terrain-014690,9,9,4,42.635,2.65902
terrain-014691,9,9,4,86.32,312.134
terrain-014692,9,9,4,42.695,2.67285
terrain-014693,9,9,4,85.604,307.76
terrain-014694,9,9,4,85.764,309.922
terrain-014695,9,9,4,42.623,2.52398
terrain-014696,9,9,4,85.201,300.315
terrain-014697,9,9,4,78.712,388.5
terrain-014698,9,9,4,79.53,387.107
terrain-014699,9,9,4,42.574,2.67274
terrain-014700,9,9,4,78.886,383.608
terrain-014701,9,9,4,81.05,321.24
terrain-014702,9,9,4,95.17,182.269
terrain-014703,9,9,4,95.167,188.302
terrain-014704,9,9,4,42.739,1.69345
terrain-014705,9,9,4,42.802,1.72826
terrain-014706,9,9,4,95.381,187.587
terrain-014707,9,9,4,42.728,1.46892
terrain-014708,9,9,4,88.672,235.847
terrain-014709,9,9,4,89.038,241.516
terrain-014710,9,9,4,42.594,1.69316
terrain-014711,9,9,4,42.652,1.72796
terrain-014712,9,9,4,89.665,247.237
terrain-014713,9,9,4,42.646,1.72824
terrain-014714,9,9,4,84.1,286.669
terrain-014715,9,9,4,84.46,288.759
terrain-014716,9,9,4,42.573,1.72791
terrain-014717,9,9,4,85.047,296.769
terrain-014718,9,9,4,100.956,123.046
terrain-014719,9,9,4,42.924,1.44373
terrain-014720,9,9,4,42.993,1.46895
terrain-014721,9,9,4,68.721,386.978
terrain-014722,9,9,4,91.524,210.383
terrain-014723,9,9,4,91.502,217.497
terrain-014724,9,9,4,43.017,3.19425
terrain-014725,9,9,4,43.077,3.16086
terrain-014726,9,9,4,91.287,213.562
terrain-014727,9,9,4,42.875,2.36999
terrain-014728,9,9,4,83.577,296.531
terrain-014729,9,9,4,84.062,303.279
terrain-014730,9,9,4,42.582,2.64208
terrain-014731,9,9,4,84.263,305.474
terrain-014732,9,9,4,42.644,2.65384
terrain-014733,9,9,4,83.416,300.131
terrain-014734,9,9,4,83.62,302.33
terrain-014735,9,9,4,42.791,3.1608
terrain-014736,9,9,4,83.51,294.953
terrain-014737,9,9,4,76.292,378.037
terrain-014738,9,9,4,77.169,376.916
terrain-014739,9,9,4,42.523,2.65373
terrain-014740,9,9,4,76.453,372.044
terrain-014741,9,9,4,71.428,434.21
terrain-014742,9,9,4,87.493,272.187
terrain-014743,9,9,4,87.915,278.498
terrain-014744,9,9,4,42.615,2.13677
terrain-014745,9,9,4,87.989,281.422
terrain-014746,9,9,4,42.673,2.1655
terrain-014747,9,9,4,88.113,281.916
terrain-014748,9,9,4,88.186,284.854
terrain-014749,9,9,4,42.666,2.1657
terrain-014750,9,9,4,88.426,282.102
terrain-014751,9,9,4,81.79,340.299
terrain-014752,9,9,4,82.373,340.964
terrain-014753,9,9,4,42.574,2.16543
terrain-014754,9,9,4,82.508,345.928
terrain-014755,9,9,4,100.899,131.039
terrain-014756,9,9,4,43.013,1.75407
terrain-014757,9,9,4,43.083,1.77338
terrain-014758,9,9,4,77.97,387.185
terrain-014759,9,9,4,94.608,201.035
terrain-014760,9,9,4,94.597,207.768
terrain-014761,9,9,4,42.798,2.137
terrain-014762,9,9,4,42.862,2.16573
terrain-014763,9,9,4,94.733,206.219
terrain-014764,9,9,4,42.763,1.77334
terrain-014765,9,9,4,81.397,285.156
terrain-014766,9,9,4,81.883,291.761
terrain-014767,9,9,4,42.724,3.20124
terrain-014768,9,9,4,82.098,293.87
terrain-014769,9,9,4,42.785,3.17213
terrain-014770,9,9,4,81.713,290.43
terrain-014771,9,9,4,81.927,292.523
terrain-014772,9,9,4,42.76,3.1433
terrain-014773,9,9,4,81.89,284.516
terrain-014774,9,9,4,73.965,360.308
terrain-014775,9,9,4,74.851,359.405
terrain-014776,9,9,4,42.641,3.17198
terrain-014777,9,9,4,74.674,357.303
terrain-014778,9,9,4,69.08,411.134
terrain-014779,9,9,4,79.732,370.056
terrain-014780,9,9,4,80.473,369.601
terrain-014781,9,9,4,42.574,2.47909
terrain-014782,9,9,4,80.428,372.641
terrain-014783,9,9,4,100.089,133.671
terrain-014784,9,9,4,42.975,1.84553
terrain-014785,9,9,4,43.045,1.86104
terrain-014786,9,9,4,75.355,424.534
terrain-014787,9,9,4,93.91,210.436
terrain-014788,9,9,4,93.894,217.529
terrain-014789,9,9,4,42.84,2.45883
terrain-014790,9,9,4,42.904,2.47936
terrain-014791,9,9,4,93.289,212.631
terrain-014792,9,9,4,42.71,1.861
terrain-014793,9,9,4,86.238,291.483
terrain-014794,9,9,4,86.696,298.119
terrain-014795,9,9,4,42.628,2.45866
terrain-014796,9,9,4,86.834,300.651
terrain-014797,9,9,4,42.687,2.47918
terrain-014798,9,9,4,86.718,300.193
terrain-014799,9,9,4,86.856,302.724
terrain-014800,9,9,4,42.681,2.47932
terrain-014801,9,9,4,86.244,293.582
terrain-014802,9,9,1024,110.773,642.555
terrain-014803,9,9,1024,43.817,65.5981
terrain-014804,9,9,1024,97.12,1727.33
terrain-014805,9,9,1024,110.764,1284.95
terrain-014806,9,9,1024,112.562,1200.44
terrain-014807,9,9,1024,43.881,65.9918
terrain-014808,9,9,1024,44.613,88.6544
terrain-014809,9,9,1024,110.745,2569.27
terrain-014810,9,9,1024,111.615,2267.43
terrain-014811,9,9,1024,43.768,63.4644
terrain-014812,9,9,1024,93.179,1636.55
terrain-014813,9,9,1024,111.019,1260.03
terrain-014814,9,9,1024,43.249,38.5611
terrain-014815,9,9,1024,43.67,52.0537
terrain-014816,9,9,1024,110.982,2518.85
terrain-014817,9,9,1024,116.383,2356.69
terrain-014818,9,9,1024,43.137,37.1636
terrain-014819,9,9,1024,75.899,997.963
terrain-014820,9,9,1024,43.189,38.4263
terrain-014821,9,9,1024,78.972,1031.01
terrain-014822,9,9,1024,110.044,2379.76
terrain-014823,9,9,1024,42.76,21.5891
terrain-014824,9,9,1024,63.671,594.15
terrain-014825,9,9,1024,42.816,22.3272
terrain-014826,9,9,1024,67.245,605.707
terrain-014827,9,9,1024,42.876,22.3726
terrain-014828,9,9,1024,43.095,30.287
terrain-014829,9,9,1024,83.411,36053.5
terrain-014830,9,9,1024,42.684,314.565
terrain-014831,9,9,1024,104.428,20931.7
terrain-014832,9,9,1024,42.636,119.51
terrain-014833,9,9,1024,104.106,21660.9
terrain-014834,9,9,1024,42.737,151.95
terrain-014835,9,9,1024,103.139,22499.5
terrain-014836,9,9,1024,42.529,114.457
terrain-014837,9,9,1024,42.579,118.225
terrain-014838,9,9,1024,102.841,18743.7
terrain-014839,9,9,1024,103.689,20073.6
terrain-014840,9,9,1024,42.549,109.268
terrain-014841,9,9,1024,42.602,112.873
terrain-014842,9,9,1024,42.659,114.044
terrain-014843,9,9,1024,101.326,16906.3
terrain-014844,9,9,1024,42.66,112.827
terrain-014845,9,9,1024,42.719,113.997
terrain-014846,9,9,1024,109.551,2334.76
terrain-014847,9,9,1024,43.018,55.7178
terrain-014848,9,9,1024,43.411,80.293
terrain-014849,9,9,1024,109.518,4667.44
terrain-014850,9,9,1024,111.84,3758.49
terrain-014851,9,9,1024,42.96,57.4429
terrain-014852,9,9,1024,109.37,4785.32
terrain-014853,9,9,1024,70.206,1433.87
terrain-014854,9,9,1024,42.96,55.4369
terrain-014855,9,9,1024,73.82,1571.09
terrain-014856,9,9,1024,110.082,4532.21
terrain-014857,9,9,1024,42.756,40.9326
terrain-014858,9,9,1024,109.81,4643.71
terrain-014859,9,9,1024,63.372,983.846
terrain-014860,9,9,1024,42.759,38.4263
terrain-014861,9,9,1024,68.213,1169.98
terrain-014862,9,9,1024,42.821,38.5611
terrain-014863,9,9,1024,43.13,59.3064
terrain-014864,9,9,1024,109.187,4307.26
terrain-014865,9,9,1024,42.63,26.5933
terrain-014866,9,9,1024,61.315,711.154
terrain-014867,9,9,1024,42.692,27.2375
terrain-014868,9,9,1024,42.8,35.6823
terrain-014869,9,9,1024,42.616,29.1166
terrain-014870,9,9,1024,96.108,26577.3
terrain-014871,9,9,1024,98.271,30140.4
terrain-014872,9,9,1024,42.539,171.04
terrain-014873,9,9,1024,42.589,176.54
terrain-014874,9,9,1024,42.646,179.421
terrain-014875,9,9,1024,96.107,25195.8
terrain-014876,9,9,1024,42.635,176.479
terrain-014877,9,9,1024,42.696,179.358
terrain-014878,9,9,1024,42.771,179.237
terrain-014879,9,9,1024,107.815,7960.71
terrain-014880,9,9,1024,42.695,66.975
terrain-014881,9,9,1024,107.47,8291.2
terrain-014882,9,9,1024,62.035,1528.58
terrain-014883,9,9,1024,42.746,69.2234
terrain-014884,9,9,1024,107.298,8518.25
terrain-014885,9,9,1024,64.234,1607.49
terrain-014886,9,9,1024,42.731,59.7013
terrain-014887,9,9,1024,42.921,82.232
terrain-014888,9,9,1024,109.437,7985.61
terrain-014889,9,9,1024,42.629,48.9346
terrain-014890,9,9,1024,109.107,8197.56
terrain-014891,9,9,1024,61.319,1210.8
terrain-014892,9,9,1024,42.686,49.1534
terrain-014893,9,9,1024,42.781,61.4468
terrain-014894,9,9,1024,42.629,56.1059
terrain-014895,9,9,1024,111.992,7470
terrain-014896,9,9,1024,42.637,39.1584
terrain-014897,9,9,1024,42.74,52.0422
terrain-014898,9,9,1024,42.523,37.1584
terrain-014899,9,9,1024,42.579,39.0194
terrain-014900,9,9,1024,90.462,33889.2
terrain-014901,9,9,1024,90.181,34773.4
terrain-014902,9,9,1024,42.612,245.82
terrain-014903,9,9,1024,42.672,251.439
terrain-014904,9,9,1024,87.01,27817.1
terrain-014905,9,9,1024,42.719,251.306
terrain-014906,9,9,1024,105.47,13291.5
terrain-014907,9,9,1024,42.622,85.8237
terrain-014908,9,9,1024,105.103,13884.9
terrain-014909,9,9,1024,60.83,1972.76
terrain-014910,9,9,1024,42.678,86.4989
terrain-014911,9,9,1024,104.906,14201.8
terrain-014912,9,9,1024,42.751,101.922
terrain-014913,9,9,1024,42.571,86.0032
terrain-014914,9,9,1024,110.051,13332.9
terrain-014915,9,9,1024,42.641,69.6529
terrain-014916,9,9,1024,109.791,13627
terrain-014917,9,9,1024,42.739,91.0059
terrain-014918,9,9,1024,42.515,65.1642
terrain-014919,9,9,1024,42.567,67.3535
terrain-014920,9,9,1024,105.516,11096.5
terrain-014921,9,9,1024,42.543,63.4416
terrain-014922,9,9,1024,42.6,65.5745
terrain-014923,9,9,1024,42.658,65.9681
terrain-014924,9,9,1024,92.948,18294.2
terrain-014925,9,9,1024,42.716,150.1
terrain-014926,9,9,1024,93.296,18567.4
terrain-014927,9,9,1024,42.83,192.113
terrain-014928,9,9,1024,42.608,144.963
terrain-014929,9,9,1024,42.661,149.923
terrain-014930,9,9,1024,86.881,13607.9
terrain-014931,9,9,1024,42.624,135.009
terrain-014932,9,9,1024,42.679,139.623
terrain-014933,9,9,1024,42.736,139.831
terrain-014934,9,9,1024,69.79,26581.4
terrain-014935,9,9,1024,84.762,22074.8
terrain-014936,9,9,1024,89.549,26019.2
terrain-014937,9,9,1024,42.681,249.505
terrain-014938,9,9,1024,42.734,257.991
terrain-014939,9,9,1024,42.789,258.517
terrain-014940,9,9,1024,83.958,18422.9
terrain-014941,9,9,1024,42.789,251.948
terrain-014942,9,9,1024,42.849,252.627
terrain-014943,9,9,1024,82.151,28777.8
terrain-014944,9,9,1024,81.878,29533
terrain-014945,9,9,1024,42.876,438.654
terrain-014946,9,9,1024,42.934,440.171
terrain-014947,9,9,1024,76.515,19936.1
terrain-014948,9,9,1024,42.993,423.34
terrain-014949,9,9,1024,76.013,30455.3
terrain-014950,9,9,1024,76.162,30773.6
terrain-014951,9,9,1024,43.101,678.55
terrain-014952,9,9,1024,70.782,19613.4
terrain-014953,9,9,1024,109.579,2431.85
terrain-014954,9,9,1024,43.045,58.7008
terrain-014955,9,9,1024,43.462,85.3489
terrain-014956,9,9,1024,109.511,4859.19
terrain-014957,9,9,1024,119.875,4508.56
terrain-014958,9,9,1024,42.994,60.8817
terrain-014959,9,9,1024,109.338,4911.96
terrain-014960,9,9,1024,71.404,1567.96
terrain-014961,9,9,1024,42.988,58.5408
terrain-014962,9,9,1024,74.917,1686.38
terrain-014963,9,9,1024,108.526,4602.05
terrain-014964,9,9,1024,42.771,42.6491
terrain-014965,9,9,1024,108.718,4685.44
terrain-014966,9,9,1024,63.744,1044.99
terrain-014967,9,9,1024,42.771,39.8924
terrain-014968,9,9,1024,68.714,1232.47
terrain-014969,9,9,1024,42.832,39.9667
terrain-014970,9,9,1024,43.155,62.0194
terrain-014971,9,9,1024,107.028,4265.7
terrain-014972,9,9,1024,42.635,27.2873
terrain-014973,9,9,1024,61.338,733.543
terrain-014974,9,9,1024,42.697,27.9313
terrain-014975,9,9,1024,42.805,36.6462
terrain-014976,9,9,1024,42.622,29.9748
terrain-014977,9,9,1024,71.713,33445.4
terrain-014978,9,9,1024,94.698,28962.5
terrain-014979,9,9,1024,97.381,33031.6
terrain-014980,9,9,1024,42.565,205.622
terrain-014981,9,9,1024,97.33,34097.7
terrain-014982,9,9,1024,42.616,212.404
terrain-014983,9,9,1024,42.672,214.526
terrain-014984,9,9,1024,92.895,25877.2
terrain-014985,9,9,1024,92.548,26553.1
terrain-014986,9,9,1024,42.673,212.315
terrain-014987,9,9,1024,42.733,214.435
terrain-014988,9,9,1024,84.885,18108.6
terrain-014989,9,9,1024,42.825,214.257
terrain-014990,9,9,1024,107.682,8535.3
terrain-014991,9,9,1024,42.715,71.6966
terrain-014992,9,9,1024,107.327,8678.99
terrain-014993,9,9,1024,62.502,1681.92
terrain-014994,9,9,1024,42.766,74.1314
terrain-014995,9,9,1024,107.156,8807.5
terrain-014996,9,9,1024,64.638,1728.4
terrain-014997,9,9,1024,42.743,63.1392
terrain-014998,9,9,1024,42.941,87.5431
terrain-014999,9,9,1024,107.546,8109.87
terrain-015000,9,9,1024,42.638,51.3373
terrain-015001,9,9,1024,107.614,8279.21
terrain-015002,9,9,1024,61.458,1277.85
terrain-015003,9,9,1024,42.695,51.4604
terrain-015004,9,9,1024,42.79,64.3639
terrain-015005,9,9,1024,42.642,59.3818
terrain-015006,9,9,1024,108.981,7346.06
terrain-015007,9,9,1024,42.643,40.6085
terrain-015008,9,9,1024,42.745,54.1183
terrain-015009,9,9,1024,42.527,38.5675
terrain-015010,9,9,1024,42.584,40.5318
terrain-015011,9,9,1024,88.64,37592.8
terrain-015012,9,9,1024,88.328,38562.4
terrain-015013,9,9,1024,42.66,321.378
terrain-015014,9,9,1024,42.72,326.256
terrain-015015,9,9,1024,83.304,28624.3
terrain-015016,9,9,1024,42.784,326.033
terrain-015017,9,9,1024,105.083,14317.6
terrain-015018,9,9,1024,42.637,93.4984
terrain-015019,9,9,1024,104.745,14670.8
terrain-015020,9,9,1024,61.015,2158.02
terrain-015021,9,9,1024,42.693,93.9073
terrain-015022,9,9,1024,104.569,14853.9
terrain-015023,9,9,1024,42.763,110.209
terrain-015024,9,9,1024,42.586,93.9479
terrain-015025,9,9,1024,107.632,13550.5
terrain-015026,9,9,1024,42.65,74.3779
terrain-015027,9,9,1024,107.69,13786.1
terrain-015028,9,9,1024,42.75,97.5542
terrain-015029,9,9,1024,42.522,69.6255
terrain-015030,9,9,1024,42.575,71.991
terrain-015031,9,9,1024,101.797,10825.4
terrain-015032,9,9,1024,42.552,67.6623
terrain-015033,9,9,1024,42.61,69.9616
terrain-015034,9,9,1024,42.669,70.1906
terrain-015035,9,9,1024,80.754,40144.7
terrain-015036,9,9,1024,80.556,40339.1
terrain-015037,9,9,1024,42.753,441.119
terrain-015038,9,9,1024,74.771,27598.2
terrain-015039,9,9,1024,103.818,22772.9
terrain-015040,9,9,1024,42.651,134.13
terrain-015041,9,9,1024,103.527,23217.6
terrain-015042,9,9,1024,42.754,171.135
terrain-015043,9,9,1024,102.813,24069.3
terrain-015044,9,9,1024,42.544,128.971
terrain-015045,9,9,1024,42.595,133.298
terrain-015046,9,9,1024,99.845,19046.6
terrain-015047,9,9,1024,101.286,20502.9
terrain-015048,9,9,1024,42.567,122.421
terrain-015049,9,9,1024,42.62,126.533
terrain-015050,9,9,1024,42.677,127.283
terrain-015051,9,9,1024,97.062,16485.6
terrain-015052,9,9,1024,42.686,126.473
terrain-015053,9,9,1024,42.745,127.223
terrain-015054,9,9,1024,105.853,8578.6
terrain-015055,9,9,1024,42.729,74.314
terrain-015056,9,9,1024,106.049,8683.13
terrain-015057,9,9,1024,62.799,1768.66
terrain-015058,9,9,1024,42.78,76.8538
terrain-015059,9,9,1024,106.154,8790.99
terrain-015060,9,9,1024,64.895,1793.81
terrain-015061,9,9,1024,42.753,65.0095
terrain-015062,9,9,1024,42.956,90.4591
terrain-015063,9,9,1024,105.022,7938.66
terrain-015064,9,9,1024,42.645,52.6284
terrain-015065,9,9,1024,105.54,8112.71
terrain-015066,9,9,1024,61.502,1312.86
terrain-015067,9,9,1024,42.702,52.6962
terrain-015068,9,9,1024,42.796,65.9254
terrain-015069,9,9,1024,42.652,61.1667
terrain-015070,9,9,1024,106.343,7118.62
terrain-015071,9,9,1024,42.648,41.3745
terrain-015072,9,9,1024,42.75,55.216
terrain-015073,9,9,1024,42.532,39.3127
terrain-015074,9,9,1024,42.589,41.3326
terrain-015075,9,9,1024,86.433,37555.5
terrain-015076,9,9,1024,86.115,38519.9
terrain-015077,9,9,1024,42.711,379.685
terrain-015078,9,9,1024,42.77,383.227
terrain-015079,9,9,1024,80.273,27406.6
terrain-015080,9,9,1024,42.848,382.928
terrain-015081,9,9,1024,102.985,14329.5
terrain-015082,9,9,1024,42.649,97.871
terrain-015083,9,9,1024,103.096,14625.7
terrain-015084,9,9,1024,61.167,2260.96
terrain-015085,9,9,1024,42.704,98.1052
terrain-015086,9,9,1024,103.153,14778.3
terrain-015087,9,9,1024,42.774,114.871
terrain-015088,9,9,1024,42.599,98.4937
terrain-015089,9,9,1024,104.293,13110.5
terrain-015090,9,9,1024,42.659,76.9874
terrain-015091,9,9,1024,104.703,13346.9
terrain-015092,9,9,1024,42.758,101.187
terrain-015093,9,9,1024,42.529,72.092
terrain-015094,9,9,1024,42.583,74.556
terrain-015095,9,9,1024,98.665,10358
terrain-015096,9,9,1024,42.561,69.9897
terrain-015097,9,9,1024,42.62,72.3824
terrain-015098,9,9,1024,42.678,72.5109
terrain-015099,9,9,1024,78.487,40099.8
terrain-015100,9,9,1024,78.431,40291.1
terrain-015101,9,9,1024,42.834,552.089
terrain-015102,9,9,1024,72.352,26508.5
terrain-015103,9,9,1024,101.288,22666.4
terrain-015104,9,9,1024,42.665,142.862
terrain-015105,9,9,1024,101.347,23035.5
terrain-015106,9,9,1024,42.771,182.644
terrain-015107,9,9,1024,101.343,24049.9
terrain-015108,9,9,1024,42.558,137.696
terrain-015109,9,9,1024,42.609,142.366
terrain-015110,9,9,1024,96.132,18218.9
terrain-015111,9,9,1024,98.438,19854.5
terrain-015112,9,9,1024,42.582,130.257
terrain-015113,9,9,1024,42.637,134.677
terrain-015114,9,9,1024,42.693,135.121
terrain-015115,9,9,1024,94.33,15811.8
terrain-015116,9,9,1024,42.709,134.611
terrain-015117,9,9,1024,42.768,135.056
terrain-015118,9,9,1024,69.972,33408.7
terrain-015119,9,9,1024,92.101,28682
terrain-015120,9,9,1024,95.401,33000.2
terrain-015121,9,9,1024,42.592,228.727
terrain-015122,9,9,1024,95.33,34061.9
terrain-015123,9,9,1024,42.643,236.397
terrain-015124,9,9,1024,42.699,237.768
terrain-015125,9,9,1024,89.688,24853.8
terrain-015126,9,9,1024,89.347,25501.6
terrain-015127,9,9,1024,42.707,236.289
terrain-015128,9,9,1024,42.768,237.66
terrain-015129,9,9,1024,82.498,17316.3
terrain-015130,9,9,1024,42.874,237.45
terrain-015131,9,9,1024,100.01,13644.1
terrain-015132,9,9,1024,42.662,100.204
terrain-015133,9,9,1024,100.552,13948.2
terrain-015134,9,9,1024,61.279,2307.99
terrain-015135,9,9,1024,42.718,100.338
terrain-015136,9,9,1024,100.83,14105.3
terrain-015137,9,9,1024,42.787,117.332
terrain-015138,9,9,1024,42.613,100.926
terrain-015139,9,9,1024,100.625,12247.8
terrain-015140,9,9,1024,42.67,78.3556
terrain-015141,9,9,1024,101.231,12482.1
terrain-015142,9,9,1024,42.77,103.082
terrain-015143,9,9,1024,42.539,73.3857
terrain-015144,9,9,1024,42.593,75.9018
terrain-015145,9,9,1024,92.071,8944.55
terrain-015146,9,9,1024,42.564,70.5122
terrain-015147,9,9,1024,42.622,72.927
terrain-015148,9,9,1024,42.681,73.0234
terrain-015149,9,9,1024,76.98,36639.4
terrain-015150,9,9,1024,77.051,36902.6
terrain-015151,9,9,1024,42.938,631.122
terrain-015152,9,9,1024,71.417,24330.7
terrain-015153,9,9,1024,97.601,21082.2
terrain-015154,9,9,1024,42.684,147.646
terrain-015155,9,9,1024,97.972,21443.7
terrain-015156,9,9,1024,42.792,188.945
terrain-015157,9,9,1024,99.067,22722.9
terrain-015158,9,9,1024,42.577,142.496
terrain-015159,9,9,1024,42.628,147.356
terrain-015160,9,9,1024,92.271,16645.5
terrain-015161,9,9,1024,95.846,18529.2
terrain-015162,9,9,1024,42.603,134.542
terrain-015163,9,9,1024,42.658,139.133
terrain-015164,9,9,1024,42.715,139.393
terrain-015165,9,9,1024,87.922,13270.8
terrain-015166,9,9,1024,42.715,136.507
terrain-015167,9,9,1024,42.774,136.845
terrain-015168,9,9,1024,69.425,31041.9
terrain-015169,9,9,1024,88.79,26257.3
terrain-015170,9,9,1024,92.822,30557.4
terrain-015171,9,9,1024,42.625,242.284
terrain-015172,9,9,1024,92.73,31529.4
terrain-015173,9,9,1024,42.677,250.482
terrain-015174,9,9,1024,42.732,251.322
terrain-015175,9,9,1024,87.244,22812.9
terrain-015176,9,9,1024,86.912,23406.5
terrain-015177,9,9,1024,42.75,250.359
terrain-015178,9,9,1024,42.81,251.2
terrain-015179,9,9,1024,77.595,14382.6
terrain-015180,9,9,1024,42.887,243.036
terrain-015181,9,9,1024,84.312,34426.6
terrain-015182,9,9,1024,84.006,35315
terrain-015183,9,9,1024,42.774,417.382
terrain-015184,9,9,1024,42.833,419.711
terrain-015185,9,9,1024,78.487,25002
terrain-015186,9,9,1024,42.926,419.349
terrain-015187,9,9,4,94.705,254.365
terrain-015188,9,9,4,42.574,1.23072
terrain-015189,9,9,4,114.604,134.01
terrain-015190,9,9,4,42.818,1.06647
terrain-015191,9,9,4,42.886,1.09359
terrain-015192,9,9,4,107.066,183.96
terrain-015193,9,9,4,107.077,189.943
terrain-015194,9,9,4,42.673,1.19676
terrain-015195,9,9,4,42.735,1.23103
terrain-015196,9,9,4,108.021,191.291
terrain-015197,9,9,4,42.688,1.09358
terrain-015198,9,9,4,99.074,219.478
terrain-015199,9,9,4,99.493,224.626
terrain-015200,9,9,4,42.572,1.19648
terrain-015201,9,9,4,42.63,1.23074
terrain-015202,9,9,4,101.257,234.345
terrain-015203,9,9,4,42.624,1.23102
terrain-015204,9,9,4,75.961,378.195
terrain-015205,9,9,4,77.13,377.006
terrain-015206,9,9,4,42.623,3.15069
terrain-015207,9,9,4,76.674,369.692
terrain-015208,9,9,4,70.204,422.059
terrain-015209,9,9,4,112.069,162.775
terrain-015210,9,9,4,43.285,2.40001
terrain-015211,9,9,4,43.343,2.37611
terrain-015212,9,9,4,77.5,492.803
terrain-015213,9,9,4,102.749,251.827
terrain-015214,9,9,4,102.726,260.342
terrain-015215,9,9,4,42.789,2.50746
terrain-015216,9,9,4,42.855,2.52404
terrain-015217,9,9,4,102.022,253.435
terrain-015218,9,9,4,42.915,2.37604
terrain-015219,9,9,4,92.454,347.76
terrain-015220,9,9,4,93.145,354.711
terrain-015221,9,9,4,42.639,2.65907
terrain-015222,9,9,4,93.345,357.291
terrain-015223,9,9,4,42.699,2.6729
terrain-015224,9,9,4,92.429,351.658
terrain-015225,9,9,4,92.633,354.24
terrain-015226,9,9,4,42.627,2.52401
terrain-015227,9,9,4,92.026,341.873
terrain-015228,9,9,4,83.447,434.975
terrain-015229,9,9,4,84.558,432.462
terrain-015230,9,9,4,42.577,2.67279
terrain-015231,9,9,4,83.768,427.872
terrain-015232,9,9,4,86.336,363.024
terrain-015233,9,9,4,105.542,216.337
terrain-015234,9,9,4,105.539,223.5
terrain-015235,9,9,4,42.742,1.69349
terrain-015236,9,9,4,42.805,1.7283
terrain-015237,9,9,4,105.972,222.605
terrain-015238,9,9,4,42.732,1.46895
terrain-015239,9,9,4,96.443,273.896
terrain-015240,9,9,4,96.97,279.914
terrain-015241,9,9,4,42.596,1.6932
terrain-015242,9,9,4,42.655,1.728
terrain-015243,9,9,4,97.943,287.622
terrain-015244,9,9,4,42.649,1.72828
terrain-015245,9,9,4,90.353,327.632
terrain-015246,9,9,4,90.861,329.18
terrain-015247,9,9,4,42.576,1.72795
terrain-015248,9,9,4,91.76,339.621
terrain-015249,9,9,4,113.943,149.133
terrain-015250,9,9,4,42.927,1.44376
terrain-015251,9,9,4,42.997,1.46898
terrain-015252,9,9,4,71.06,417.107
terrain-015253,9,9,4,100.344,245.724
terrain-015254,9,9,4,100.314,254.021
terrain-015255,9,9,4,43.022,3.19434
terrain-015256,9,9,4,43.082,3.16094
terrain-015257,9,9,4,100.026,248.438
terrain-015258,9,9,4,42.88,2.37001
terrain-015259,9,9,4,89.662,337.567
terrain-015260,9,9,4,90.361,344.432
terrain-015261,9,9,4,42.586,2.64215
terrain-015262,9,9,4,90.611,347.05
terrain-015263,9,9,4,42.648,2.6539
terrain-015264,9,9,4,89.533,340.223
terrain-015265,9,9,4,89.786,342.842
terrain-015266,9,9,4,42.796,3.16088
terrain-015267,9,9,4,89.68,332.954
terrain-015268,9,9,4,80.395,419.617
terrain-015269,9,9,4,81.569,417.547
terrain-015270,9,9,4,42.527,2.6538
terrain-015271,9,9,4,80.693,411.353
terrain-015272,9,9,4,74.384,473.528
terrain-015273,9,9,4,94.808,314.207
terrain-015274,9,9,4,95.416,320.757
terrain-015275,9,9,4,42.618,2.13681
terrain-015276,9,9,4,95.505,324.117
terrain-015277,9,9,4,42.676,2.16554
terrain-015278,9,9,4,95.766,325.297
terrain-015279,9,9,4,95.853,328.675
terrain-015280,9,9,4,42.67,2.16574
terrain-015281,9,9,4,96.327,325.2
terrain-015282,9,9,4,87.309,385.004
terrain-015283,9,9,4,88.111,384.797
terrain-015284,9,9,4,42.577,2.16547
terrain-015285,9,9,4,88.371,391.127
terrain-015286,9,9,4,113.779,158.546
terrain-015287,9,9,4,43.017,1.75409
terrain-015288,9,9,4,43.087,1.7734
terrain-015289,9,9,4,82.377,431.852
terrain-015290,9,9,4,104.668,237.65
terrain-015291,9,9,4,104.654,245.606
terrain-015292,9,9,4,42.802,2.13703
terrain-015293,9,9,4,42.865,2.16577
terrain-015294,9,9,4,104.966,243.577
terrain-015295,9,9,4,42.767,1.77336
terrain-015296,9,9,4,86.833,322.205
terrain-015297,9,9,4,87.53,328.941
terrain-015298,9,9,4,42.729,3.20132
terrain-015299,9,9,4,87.801,331.488
terrain-015300,9,9,4,42.79,3.17221
terrain-015301,9,9,4,87.256,326.875
terrain-015302,9,9,4,87.527,329.415
terrain-015303,9,9,4,42.765,3.14334
terrain-015304,9,9,4,87.552,319.292
terrain-015305,9,9,4,77.519,396.848
terrain-015306,9,9,4,78.701,395.225
terrain-015307,9,9,4,42.645,3.17205
terrain-015308,9,9,4,78.433,392.175
terrain-015309,9,9,4,71.586,445.023
terrain-015310,9,9,4,84.73,415.935
terrain-015311,9,9,4,85.736,414.443
terrain-015312,9,9,4,42.578,2.47914
terrain-015313,9,9,4,85.743,418.267
terrain-015314,9,9,4,112.6,161.253
terrain-015315,9,9,4,42.98,1.84556
terrain-015316,9,9,4,43.05,1.86107
terrain-015317,9,9,4,79.175,469.543
terrain-015318,9,9,4,103.712,248.137
terrain-015319,9,9,4,103.691,256.495
terrain-015320,9,9,4,42.844,2.45889
terrain-015321,9,9,4,42.909,2.47941
terrain-015322,9,9,4,102.963,249.852
terrain-015323,9,9,4,42.714,1.86103
terrain-015324,9,9,4,93.185,335.146
terrain-015325,9,9,4,93.844,341.946
terrain-015326,9,9,4,42.631,2.45871
terrain-015327,9,9,4,94.014,344.901
terrain-015328,9,9,4,42.691,2.47923
terrain-015329,9,9,4,93.935,344.675
terrain-015330,9,9,4,94.106,347.631
terrain-015331,9,9,4,42.684,2.47937
terrain-015332,9,9,4,93.441,335.827
terrain-015333,9,9,1024,128.523,803.949
terrain-015334,9,9,1024,43.824,65.5981
terrain-015335,9,9,1024,97.331,1727.37
terrain-015336,9,9,1024,128.509,1607.65
terrain-015337,9,9,1024,128.251,1460.02
terrain-015338,9,9,1024,43.888,65.9918
terrain-015339,9,9,1024,44.623,88.6545
terrain-015340,9,9,1024,128.48,3214.31
terrain-015341,9,9,1024,126.053,2724.52
terrain-015342,9,9,1024,43.775,63.4645
terrain-015343,9,9,1024,93.379,1636.58
terrain-015344,9,9,1024,128.63,1567.22
terrain-015345,9,9,1024,43.256,38.5611
terrain-015346,9,9,1024,43.682,52.0538
terrain-015347,9,9,1024,128.574,3132.56
terrain-015348,9,9,1024,132.827,2855.11
terrain-015349,9,9,1024,43.145,37.1636
terrain-015350,9,9,1024,76.123,997.975
terrain-015351,9,9,1024,43.197,38.4263
terrain-015352,9,9,1024,79.203,1031.02
terrain-015353,9,9,1024,125.794,2887.26
terrain-015354,9,9,1024,42.768,21.5891
terrain-015355,9,9,1024,63.911,594.159
terrain-015356,9,9,1024,42.825,22.3272
terrain-015357,9,9,1024,67.49,605.716
terrain-015358,9,9,1024,42.884,22.3726
terrain-015359,9,9,1024,43.108,30.2871
terrain-015360,9,9,1024,85.705,38090.6
terrain-015361,9,9,1024,42.684,314.564
terrain-015362,9,9,1024,109.505,22545.7
terrain-015363,9,9,1024,42.636,119.51
terrain-015364,9,9,1024,108.868,23226.5
terrain-015365,9,9,1024,42.739,151.95
terrain-015366,9,9,1024,105.67,23441
terrain-015367,9,9,1024,42.529,114.456
terrain-015368,9,9,1024,42.579,118.225
terrain-015369,9,9,1024,104.94,19394.8
terrain-015370,9,9,1024,105.764,20754.7
terrain-015371,9,9,1024,42.549,109.268
terrain-015372,9,9,1024,42.602,112.873
terrain-015373,9,9,1024,42.659,114.044
terrain-015374,9,9,1024,101.428,16935.4
terrain-015375,9,9,1024,42.66,112.827
terrain-015376,9,9,1024,42.719,113.997
terrain-015377,9,9,1024,126.388,2889.28
terrain-015378,9,9,1024,43.025,55.7178
terrain-015379,9,9,1024,43.421,80.293
terrain-015380,9,9,1024,126.338,5775.37
terrain-015381,9,9,1024,113.556,3824.09
terrain-015382,9,9,1024,42.967,57.443
terrain-015383,9,9,1024,126.174,5915.18
terrain-015384,9,9,1024,70.413,1433.88
terrain-015385,9,9,1024,42.967,55.4369
terrain-015386,9,9,1024,74.02,1571.1
terrain-015387,9,9,1024,126.668,5557.51
terrain-015388,9,9,1024,42.764,40.9326
terrain-015389,9,9,1024,126.412,5689.07
terrain-015390,9,9,1024,63.595,983.853
terrain-015391,9,9,1024,42.767,38.4263
terrain-015392,9,9,1024,68.424,1169.99
terrain-015393,9,9,1024,42.828,38.5611
terrain-015394,9,9,1024,43.141,59.3064
terrain-015395,9,9,1024,122.567,5060.4
terrain-015396,9,9,1024,42.636,26.5933
terrain-015397,9,9,1024,61.539,711.163
terrain-015398,9,9,1024,42.699,27.2375
terrain-015399,9,9,1024,42.812,35.6823
terrain-015400,9,9,1024,42.622,29.1166
terrain-015401,9,9,1024,99.037,28036.2
terrain-015402,9,9,1024,101.418,31856.2
terrain-015403,9,9,1024,42.539,171.04
terrain-015404,9,9,1024,42.589,176.54
terrain-015405,9,9,1024,42.646,179.421
terrain-015406,9,9,1024,98.054,26113.8
terrain-015407,9,9,1024,42.635,176.479
terrain-015408,9,9,1024,42.696,179.357
terrain-015409,9,9,1024,42.771,179.237
terrain-015410,9,9,1024,123.264,9701.03
terrain-015411,9,9,1024,42.701,66.975
terrain-015412,9,9,1024,122.874,10074.8
terrain-015413,9,9,1024,62.236,1528.59
terrain-015414,9,9,1024,42.751,69.2234
terrain-015415,9,9,1024,122.659,10345.6
terrain-015416,9,9,1024,64.446,1607.5
terrain-015417,9,9,1024,42.738,59.7013
terrain-015418,9,9,1024,42.932,82.232
terrain-015419,9,9,1024,122.773,9387.07
terrain-015420,9,9,1024,42.633,48.9346
terrain-015421,9,9,1024,122.363,9629.01
terrain-015422,9,9,1024,61.513,1210.8
terrain-015423,9,9,1024,42.691,49.1534
terrain-015424,9,9,1024,42.791,61.4468
terrain-015425,9,9,1024,42.635,56.1059
terrain-015426,9,9,1024,113.695,7627.39
terrain-015427,9,9,1024,42.64,39.1584
terrain-015428,9,9,1024,42.742,52.0422
terrain-015429,9,9,1024,42.524,37.1585
terrain-015430,9,9,1024,42.581,39.0194
terrain-015431,9,9,1024,93.051,35737.3
terrain-015432,9,9,1024,92.749,36664.2
terrain-015433,9,9,1024,42.612,245.819
terrain-015434,9,9,1024,42.672,251.439
terrain-015435,9,9,1024,88.754,28907.9
terrain-015436,9,9,1024,42.719,251.305
terrain-015437,9,9,1024,117.577,15555.8
terrain-015438,9,9,1024,42.624,85.8237
terrain-015439,9,9,1024,117.021,16211.3
terrain-015440,9,9,1024,61.001,1972.76
terrain-015441,9,9,1024,42.681,86.4989
terrain-015442,9,9,1024,116.725,16560
terrain-015443,9,9,1024,42.76,101.922
terrain-015444,9,9,1024,42.576,86.0032
terrain-015445,9,9,1024,114.703,14170.5
terrain-015446,9,9,1024,42.641,69.6529
terrain-015447,9,9,1024,114.242,14444.4
terrain-015448,9,9,1024,42.742,91.0059
terrain-015449,9,9,1024,42.516,65.1642
terrain-015450,9,9,1024,42.569,67.3535
terrain-015451,9,9,1024,105.588,11109.1
terrain-015452,9,9,1024,42.543,63.4416
terrain-015453,9,9,1024,42.6,65.5745
terrain-015454,9,9,1024,42.658,65.9681
terrain-015455,9,9,1024,95.302,19027.5
terrain-015456,9,9,1024,42.716,150.115
terrain-015457,9,9,1024,95.7,19323.1
terrain-015458,9,9,1024,42.832,192.139
terrain-015459,9,9,1024,42.608,144.978
terrain-015460,9,9,1024,42.661,149.937
terrain-015461,9,9,1024,87.058,13699.6
terrain-015462,9,9,1024,42.624,135.014
terrain-015463,9,9,1024,42.679,139.627
terrain-015464,9,9,1024,42.736,139.836
terrain-015465,9,9,1024,70.326,27037.1
terrain-015466,9,9,1024,85.746,22546.3
terrain-015467,9,9,1024,90.812,26662.6
terrain-015468,9,9,1024,42.681,249.548
terrain-015469,9,9,1024,42.734,258.035
terrain-015470,9,9,1024,42.789,258.561
terrain-015471,9,9,1024,83.98,18502.2
terrain-015472,9,9,1024,42.789,251.963
terrain-015473,9,9,1024,42.849,252.642
terrain-015474,9,9,1024,83.023,29337.4
terrain-015475,9,9,1024,82.739,30104
terrain-015476,9,9,1024,42.877,438.782
terrain-015477,9,9,1024,42.935,440.298
terrain-015478,9,9,1024,76.534,20025.8
terrain-015479,9,9,1024,42.993,423.382
terrain-015480,9,9,1024,76.771,31062.3
terrain-015481,9,9,1024,76.919,31383.4
terrain-015482,9,9,1024,43.102,678.851
terrain-015483,9,9,1024,70.798,19699
terrain-015484,9,9,1024,126.257,3002.64
terrain-015485,9,9,1024,43.053,58.7008
terrain-015486,9,9,1024,43.472,85.3489
terrain-015487,9,9,1024,126.154,5998.4
terrain-015488,9,9,1024,122.142,4605.23
terrain-015489,9,9,1024,43.001,60.8817
terrain-015490,9,9,1024,125.99,6060.07
terrain-015491,9,9,1024,71.63,1567.98
terrain-015492,9,9,1024,42.996,58.5408
terrain-015493,9,9,1024,75.131,1686.4
terrain-015494,9,9,1024,123.472,5554.56
terrain-015495,9,9,1024,42.779,42.6491
terrain-015496,9,9,1024,124.153,5676.01
terrain-015497,9,9,1024,63.982,1045
terrain-015498,9,9,1024,42.779,39.8925
terrain-015499,9,9,1024,68.936,1232.5
terrain-015500,9,9,1024,42.84,39.9667
terrain-015501,9,9,1024,43.166,62.0195
terrain-015502,9,9,1024,119.844,5000.7
terrain-015503,9,9,1024,42.641,27.2873
terrain-015504,9,9,1024,61.569,733.553
terrain-015505,9,9,1024,42.704,27.9313
terrain-015506,9,9,1024,42.817,36.6462
terrain-015507,9,9,1024,42.629,29.9748
terrain-015508,9,9,1024,72.432,34264.7
terrain-015509,9,9,1024,96.426,29928.5
terrain-015510,9,9,1024,99.285,34192
terrain-015511,9,9,1024,42.565,205.622
terrain-015512,9,9,1024,98.96,35124.1
terrain-015513,9,9,1024,42.616,212.404
terrain-015514,9,9,1024,42.672,214.526
terrain-015515,9,9,1024,92.964,25912.8
terrain-015516,9,9,1024,92.616,26589.4
terrain-015517,9,9,1024,42.673,212.315
terrain-015518,9,9,1024,42.733,214.436
terrain-015519,9,9,1024,84.888,18109.9
terrain-015520,9,9,1024,42.825,214.257
terrain-015521,9,9,1024,122.745,10347.5
terrain-015522,9,9,1024,42.721,71.6966
terrain-015523,9,9,1024,122.418,10502.6
terrain-015524,9,9,1024,62.723,1681.93
terrain-015525,9,9,1024,42.772,74.1314
terrain-015526,9,9,1024,122.24,10659.4
terrain-015527,9,9,1024,64.866,1728.41
terrain-015528,9,9,1024,42.751,63.1392
terrain-015529,9,9,1024,42.953,87.5432
terrain-015530,9,9,1024,119.076,9351.65
terrain-015531,9,9,1024,42.642,51.3374
terrain-015532,9,9,1024,119.431,9577.56
terrain-015533,9,9,1024,61.663,1277.87
terrain-015534,9,9,1024,42.699,51.4604
terrain-015535,9,9,1024,42.8,64.364
terrain-015536,9,9,1024,42.648,59.3819
terrain-015537,9,9,1024,110.542,7492.74
terrain-015538,9,9,1024,42.645,40.6086
terrain-015539,9,9,1024,42.746,54.1184
terrain-015540,9,9,1024,42.528,38.5676
terrain-015541,9,9,1024,42.586,40.5318
terrain-015542,9,9,1024,89.989,38707.3
terrain-015543,9,9,1024,89.664,39701.7
terrain-015544,9,9,1024,42.66,321.378
terrain-015545,9,9,1024,42.72,326.256
terrain-015546,9,9,1024,83.364,28666.5
terrain-015547,9,9,1024,42.784,326.034
terrain-015548,9,9,1024,116.512,16600.8
terrain-015549,9,9,1024,42.639,93.4984
terrain-015550,9,9,1024,116.091,16996.1
terrain-015551,9,9,1024,61.203,2158.03
terrain-015552,9,9,1024,42.695,93.9073
terrain-015553,9,9,1024,115.871,17200.6
terrain-015554,9,9,1024,42.773,110.209
terrain-015555,9,9,1024,42.592,93.9479
terrain-015556,9,9,1024,110.477,14059.5
terrain-015557,9,9,1024,42.65,74.3779
terrain-015558,9,9,1024,110.588,14313.2
terrain-015559,9,9,1024,42.753,97.5543
terrain-015560,9,9,1024,42.524,69.6255
terrain-015561,9,9,1024,42.577,71.9911
terrain-015562,9,9,1024,101.8,10825.9
terrain-015563,9,9,1024,42.552,67.6623
terrain-015564,9,9,1024,42.61,69.9616
terrain-015565,9,9,1024,42.669,70.1906
terrain-015566,9,9,1024,81.919,41381.3
terrain-015567,9,9,1024,81.676,41538.6
terrain-015568,9,9,1024,42.753,441.118
terrain-015569,9,9,1024,74.816,27636.8
terrain-015570,9,9,1024,107.694,24095
terrain-015571,9,9,1024,42.651,134.13
terrain-015572,9,9,1024,107.242,24508.7
terrain-015573,9,9,1024,42.757,171.135
terrain-015574,9,9,1024,104.333,24678.7
terrain-015575,9,9,1024,42.544,128.971
terrain-015576,9,9,1024,42.595,133.298
terrain-015577,9,9,1024,100.185,19159.5
terrain-015578,9,9,1024,101.642,20627
terrain-015579,9,9,1024,42.567,122.421
terrain-015580,9,9,1024,42.62,126.533
terrain-015581,9,9,1024,42.677,127.284
terrain-015582,9,9,1024,97.066,16486.8
terrain-015583,9,9,1024,42.686,126.473
terrain-015584,9,9,1024,42.745,127.223
terrain-015585,9,9,1024,119.176,10221
terrain-015586,9,9,1024,42.736,74.3141
terrain-015587,9,9,1024,119.871,10375.1
terrain-015588,9,9,1024,63.032,1768.7
terrain-015589,9,9,1024,42.787,76.8539
terrain-015590,9,9,1024,120.2,10529.5
terrain-015591,9,9,1024,65.132,1793.85
terrain-015592,9,9,1024,42.761,65.0096
terrain-015593,9,9,1024,42.968,90.4592
terrain-015594,9,9,1024,115.86,9120.72
terrain-015595,9,9,1024,42.649,52.6285
terrain-015596,9,9,1024,116.727,9351.23
terrain-015597,9,9,1024,61.713,1312.88
terrain-015598,9,9,1024,42.706,52.6962
terrain-015599,9,9,1024,42.807,65.9255
terrain-015600,9,9,1024,42.658,61.1667
terrain-015601,9,9,1024,107.804,7256.28
terrain-015602,9,9,1024,42.65,41.3745
terrain-015603,9,9,1024,42.752,55.216
terrain-015604,9,9,1024,42.533,39.3127
terrain-015605,9,9,1024,42.591,41.3326
terrain-015606,9,9,1024,86.48,37596
terrain-015607,9,9,1024,86.161,38561.2
terrain-015608,9,9,1024,42.711,379.686
terrain-015609,9,9,1024,42.77,383.228
terrain-015610,9,9,1024,80.277,27409.6
terrain-015611,9,9,1024,42.848,382.928
terrain-015612,9,9,1024,112.653,16285.1
terrain-015613,9,9,1024,42.651,97.8711
terrain-015614,9,9,1024,113.004,16668.8
terrain-015615,9,9,1024,61.364,2261.01
terrain-015616,9,9,1024,42.707,98.1053
terrain-015617,9,9,1024,113.184,16867.4
terrain-015618,9,9,1024,42.784,114.871
terrain-015619,9,9,1024,42.604,98.4938
terrain-015620,9,9,1024,106.878,13577.4
terrain-015621,9,9,1024,42.659,76.9874
terrain-015622,9,9,1024,107.35,13831.1
terrain-015623,9,9,1024,42.761,101.187
terrain-015624,9,9,1024,42.531,72.092
terrain-015625,9,9,1024,42.585,74.556
terrain-015626,9,9,1024,98.668,10358.4
terrain-015627,9,9,1024,42.561,69.9898
terrain-015628,9,9,1024,42.62,72.3824
terrain-015629,9,9,1024,42.678,72.5109
terrain-015630,9,9,1024,78.527,40144.6
terrain-015631,9,9,1024,78.47,40335.5
terrain-015632,9,9,1024,42.834,552.09
terrain-015633,9,9,1024,72.355,26511.4
terrain-015634,9,9,1024,103.617,23444.1
terrain-015635,9,9,1024,42.665,142.862
terrain-015636,9,9,1024,103.716,23839.2
terrain-015637,9,9,1024,42.774,182.645
terrain-015638,9,9,1024,101.754,24219.1
terrain-015639,9,9,1024,42.558,137.696
terrain-015640,9,9,1024,42.609,142.366
terrain-015641,9,9,1024,96.388,18305.9
terrain-015642,9,9,1024,98.711,19951.5
terrain-015643,9,9,1024,42.582,130.257
terrain-015644,9,9,1024,42.637,134.677
terrain-015645,9,9,1024,42.693,135.121
terrain-015646,9,9,1024,94.334,15812.8
terrain-015647,9,9,1024,42.709,134.611
terrain-015648,9,9,1024,42.768,135.057
terrain-015649,9,9,1024,69.998,33439.3
terrain-015650,9,9,1024,92.54,28937.8
terrain-015651,9,9,1024,95.906,33320.1
terrain-015652,9,9,1024,42.592,228.727
terrain-015653,9,9,1024,95.582,34226.6
terrain-015654,9,9,1024,42.643,236.397
terrain-015655,9,9,1024,42.699,237.768
terrain-015656,9,9,1024,89.693,24856.4
terrain-015657,9,9,1024,89.352,25504.2
terrain-015658,9,9,1024,42.707,236.289
terrain-015659,9,9,1024,42.768,237.66
terrain-015660,9,9,1024,82.501,17317.5
terrain-015661,9,9,1024,42.874,237.451
terrain-015662,9,9,1024,108.738,15400.1
terrain-015663,9,9,1024,42.665,100.204
terrain-015664,9,9,1024,109.567,15788.9
terrain-015665,9,9,1024,61.479,2308.05
terrain-015666,9,9,1024,42.721,100.338
terrain-015667,9,9,1024,109.995,15990.5
terrain-015668,9,9,1024,42.797,117.332
terrain-015669,9,9,1024,42.618,100.926
terrain-015670,9,9,1024,102.911,12654.3
terrain-015671,9,9,1024,42.67,78.3556
terrain-015672,9,9,1024,103.582,12904.7
terrain-015673,9,9,1024,42.773,103.082
terrain-015674,9,9,1024,42.541,73.3857
terrain-015675,9,9,1024,42.595,75.9019
terrain-015676,9,9,1024,92.073,8944.88
terrain-015677,9,9,1024,42.564,70.5123
terrain-015678,9,9,1024,42.622,72.927
terrain-015679,9,9,1024,42.681,73.0234
terrain-015680,9,9,1024,76.985,36644.9
terrain-015681,9,9,1024,77.056,36908.1
terrain-015682,9,9,1024,42.938,631.124
terrain-015683,9,9,1024,71.419,24333.1
terrain-015684,9,9,1024,99.613,21742
terrain-015685,9,9,1024,42.684,147.646
terrain-015686,9,9,1024,100.03,22126.7
terrain-015687,9,9,1024,42.794,188.945
terrain-015688,9,9,1024,99.408,22861.2
terrain-015689,9,9,1024,42.577,142.496
terrain-015690,9,9,1024,42.628,147.356
terrain-015691,9,9,1024,92.489,16718.1
terrain-015692,9,9,1024,96.088,18613.6
terrain-015693,9,9,1024,42.603,134.542
terrain-015694,9,9,1024,42.658,139.133
terrain-015695,9,9,1024,42.715,139.393
terrain-015696,9,9,1024,87.924,13271.6
terrain-015697,9,9,1024,42.715,136.507
terrain-015698,9,9,1024,42.774,136.845
terrain-015699,9,9,1024,69.428,31045.7
terrain-015700,9,9,1024,89.134,26454.5
terrain-015701,9,9,1024,93.229,30808.4
terrain-015702,9,9,1024,42.625,242.284
terrain-015703,9,9,1024,92.914,31646.8
terrain-015704,9,9,1024,42.677,250.483
terrain-015705,9,9,1024,42.732,251.322
terrain-015706,9,9,1024,87.248,22815.1
terrain-015707,9,9,1024,86.916,23408.7
terrain-015708,9,9,1024,42.75,250.359
terrain-015709,9,9,1024,42.81,251.201
terrain-015710,9,9,1024,77.597,14383.5
terrain-015711,9,9,1024,42.887,243.036
terrain-015712,9,9,1024,84.318,34431.6
terrain-015713,9,9,1024,84.012,35320.1
terrain-015714,9,9,1024,42.774,417.383
terrain-015715,9,9,1024,42.833,419.712
terrain-015716,9,9,1024,78.491,25004.6
terrain-015717,9,9,1024,42.926,419.35
terrain-015718,9,9,4,94.705,254.365
terrain-015719,9,9,4,42.574,1.23072
terrain-015720,9,9,4,114.604,134.01
terrain-015721,9,9,4,42.818,1.06647
terrain-015722,9,9,4,42.886,1.09359
terrain-015723,9,9,4,107.066,183.96
terrain-015724,9,9,4,107.077,189.943
terrain-015725,9,9,4,42.673,1.19676
terrain-015726,9,9,4,42.735,1.23103
terrain-015727,9,9,4,108.021,191.291
terrain-015728,9,9,4,42.688,1.09358
terrain-015729,9,9,4,99.074,219.478
terrain-015730,9,9,4,99.493,224.626
terrain-015731,9,9,4,42.572,1.19648
terrain-015732,9,9,4,42.63,1.23074
terrain-015733,9,9,4,101.257,234.345
terrain-015734,9,9,4,42.624,1.23102
terrain-015735,9,9,4,75.961,378.195
terrain-015736,9,9,4,77.13,377.006
terrain-015737,9,9,4,42.623,3.15069
terrain-015738,9,9,4,76.674,369.692
terrain-015739,9,9,4,70.204,422.059
terrain-015740,9,9,4,112.069,162.775
terrain-015741,9,9,4,43.285,2.40001
terrain-015742,9,9,4,43.343,2.37611
terrain-015743,9,9,4,77.5,492.803
terrain-015744,9,9,4,102.749,251.827
terrain-015745,9,9,4,102.726,260.342
terrain-015746,9,9,4,42.789,2.50746
terrain-015747,9,9,4,42.855,2.52404
terrain-015748,9,9,4,102.022,253.435
terrain-015749,9,9,4,42.915,2.37604
terrain-015750,9,9,4,92.454,347.76
terrain-015751,9,9,4,93.145,354.711
terrain-015752,9,9,4,42.639,2.65907
terrain-015753,9,9,4,93.345,357.291
terrain-015754,9,9,4,42.699,2.6729
terrain-015755,9,9,4,92.429,351.658
terrain-015756,9,9,4,92.633,354.24
terrain-015757,9,9,4,42.627,2.52401
terrain-015758,9,9,4,92.026,341.873
terrain-015759,9,9,4,83.447,434.975
terrain-015760,9,9,4,84.558,432.462
terrain-015761,9,9,4,42.577,2.67279
terrain-015762,9,9,4,83.768,427.872
terrain-015763,9,9,4,86.336,363.024
terrain-015764,9,9,4,105.542,216.337
terrain-015765,9,9,4,105.539,223.5
terrain-015766,9,9,4,42.742,1.69349
terrain-015767,9,9,4,42.805,1.7283
terrain-015768,9,9,4,105.972,222.605
terrain-015769,9,9,4,42.732,1.46895
terrain-015770,9,9,4,96.443,273.896
terrain-015771,9,9,4,96.97,279.914
terrain-015772,9,9,4,42.596,1.6932
terrain-015773,9,9,4,42.655,1.728
terrain-015774,9,9,4,97.943,287.622
terrain-015775,9,9,4,42.649,1.72828
terrain-015776,9,9,4,90.353,327.632
terrain-015777,9,9,4,90.861,329.18
terrain-015778,9,9,4,42.576,1.72795
terrain-015779,9,9,4,91.76,339.621
terrain-015780,9,9,4,113.943,149.133
terrain-015781,9,9,4,42.927,1.44376
terrain-015782,9,9,4,42.997,1.46898
terrain-015783,9,9,4,71.06,417.107
terrain-015784,9,9,4,100.344,245.724
terrain-015785,9,9,4,100.314,254.021
terrain-015786,9,9,4,43.022,3.19434
terrain-015787,9,9,4,43.082,3.16094
terrain-015788,9,9,4,100.026,248.438
terrain-015789,9,9,4,42.88,2.37001
terrain-015790,9,9,4,89.662,337.567
terrain-015791,9,9,4,90.361,344.432
terrain-015792,9,9,4,42.586,2.64215
terrain-015793,9,9,4,90.611,347.05
terrain-015794,9,9,4,42.648,2.6539
terrain-015795,9,9,4,89.533,340.223
terrain-015796,9,9,4,89.786,342.842
terrain-015797,9,9,4,42.796,3.16088
terrain-015798,9,9,4,89.68,332.954
terrain-015799,9,9,4,80.395,419.617
terrain-015800,9,9,4,81.569,417.547
terrain-015801,9,9,4,42.527,2.6538
terrain-015802,9,9,4,80.693,411.353
terrain-015803,9,9,4,74.384,473.528
terrain-015804,9,9,4,94.808,314.207
terrain-015805,9,9,4,95.416,320.757
terrain-015806,9,9,4,42.618,2.13681
terrain-015807,9,9,4,95.505,324.117
terrain-015808,9,9,4,42.676,2.16554
terrain-015809,9,9,4,95.766,325.297
terrain-015810,9,9,4,95.853,328.675
terrain-015811,9,9,4,42.67,2.16574
terrain-015812,9,9,4,96.327,325.2
terrain-015813,9,9,4,87.309,385.004
terrain-015814,9,9,4,88.111,384.797
terrain-015815,9,9,4,42.577,2.16547
terrain-015816,9,9,4,88.371,391.127
terrain-015817,9,9,4,113.779,158.546
terrain-015818,9,9,4,43.017,1.75409
terrain-015819,9,9,4,43.087,1.7734
terrain-015820,9,9,4,82.377,431.852
terrain-015821,9,9,4,104.668,237.65
terrain-015822,9,9,4,104.654,245.606
terrain-015823,9,9,4,42.802,2.13703
terrain-015824,9,9,4,42.865,2.16577
terrain-015825,9,9,4,104.966,243.577
terrain-015826,9,9,4,42.767,1.77336
terrain-015827,9,9,4,86.833,322.205
terrain-015828,9,9,4,87.53,328.941
terrain-015829,9,9,4,42.729,3.20132
terrain-015830,9,9,4,87.801,331.488
terrain-015831,9,9,4,42.79,3.17221
terrain-015832,9,9,4,87.256,326.875
terrain-015833,9,9,4,87.527,329.415
terrain-015834,9,9,4,42.765,3.14334
terrain-015835,9,9,4,87.552,319.292
terrain-015836,9,9,4,77.519,396.848
terrain-015837,9,9,4,78.701,395.225
terrain-015838,9,9,4,42.645,3.17205
terrain-015839,9,9,4,78.433,392.175
terrain-015840,9,9,4,71.586,445.023
terrain-015841,9,9,4,84.73,415.935
terrain-015842,9,9,4,85.736,414.443
terrain-015843,9,9,4,42.578,2.47914
terrain-015844,9,9,4,85.743,418.267
terrain-015845,9,9,4,112.6,161.253
terrain-015846,9,9,4,42.98,1.84556
terrain-015847,9,9,4,43.05,1.86107
terrain-015848,9,9,4,79.175,469.543
terrain-015849,9,9,4,103.712,248.137
terrain-015850,9,9,4,103.691,256.495
terrain-015851,9,9,4,42.844,2.45889
terrain-015852,9,9,4,42.909,2.47941
terrain-015853,9,9,4,102.963,249.852
terrain-015854,9,9,4,42.714,1.86103
terrain-015855,9,9,4,93.185,335.146
terrain-015856,9,9,4,93.844,341.946
terrain-015857,9,9,4,42.631,2.45871
terrain-015858,9,9,4,94.014,344.901
terrain-015859,9,9,4,42.691,2.47923
terrain-015860,9,9,4,93.935,344.675
terrain-015861,9,9,4,94.106,347.631
terrain-015862,9,9,4,42.684,2.47937
terrain-015863,9,9,4,93.441,335.827
terrain-015864,9,9,1024,128.523,803.949
terrain-015865,9,9,1024,43.824,65.5981
terrain-015866,9,9,1024,97.331,1727.37
terrain-015867,9,9,1024,128.509,1607.65
terrain-015868,9,9,1024,128.251,1460.02
terrain-015869,9,9,1024,43.888,65.9918
terrain-015870,9,9,1024,44.623,88.6545
terrain-015871,9,9,1024,128.48,3214.31
terrain-015872,9,9,1024,126.053,2724.52
terrain-015873,9,9,1024,43.775,63.4645
terrain-015874,9,9,1024,93.379,1636.58
terrain-015875,9,9,1024,128.63,1567.22
terrain-015876,9,9,1024,43.256,38.5611
terrain-015877,9,9,1024,43.682,52.0538
terrain-015878,9,9,1024,128.574,3132.56
terrain-015879,9,9,1024,132.827,2855.11
terrain-015880,9,9,1024,43.145,37.1636
terrain-015881,9,9,1024,76.123,997.975
terrain-015882,9,9,1024,43.197,38.4263
terrain-015883,9,9,1024,79.203,1031.02
terrain-015884,9,9,1024,125.794,2887.26
terrain-015885,9,9,1024,42.768,21.5891
terrain-015886,9,9,1024,63.911,594.159
terrain-015887,9,9,1024,42.825,22.3272
terrain-015888,9,9,1024,67.49,605.716
terrain-015889,9,9,1024,42.884,22.3726
terrain-015890,9,9,1024,43.108,30.2871
terrain-015891,9,9,1024,85.705,38090.6
terrain-015892,9,9,1024,42.684,314.564
terrain-015893,9,9,1024,109.505,22545.7
terrain-015894,9,9,1024,42.636,119.51
terrain-015895,9,9,1024,108.868,23226.5
terrain-015896,9,9,1024,42.739,151.95
terrain-015897,9,9,1024,105.67,23441
terrain-015898,9,9,1024,42.529,114.456
terrain-015899,9,9,1024,42.579,118.225
terrain-015900,9,9,1024,104.94,19394.8
terrain-015901,9,9,1024,105.764,20754.7
terrain-015902,9,9,1024,42.549,109.268
terrain-015903,9,9,1024,42.602,112.873
terrain-015904,9,9,1024,42.659,114.044
terrain-015905,9,9,1024,101.428,16935.4
terrain-015906,9,9,1024,42.66,112.827
terrain-015907,9,9,1024,42.719,113.997
terrain-015908,9,9,1024,126.388,2889.28
terrain-015909,9,9,1024,43.025,55.7178
terrain-015910,9,9,1024,43.421,80.293
terrain-015911,9,9,1024,126.338,5775.37
terrain-015912,9,9,1024,113.556,3824.09
terrain-015913,9,9,1024,42.967,57.443
terrain-015914,9,9,1024,126.174,5915.18
terrain-015915,9,9,1024,70.413,1433.88
terrain-015916,9,9,1024,42.967,55.4369
terrain-015917,9,9,1024,74.02,1571.1
terrain-015918,9,9,1024,126.668,5557.51
terrain-015919,9,9,1024,42.764,40.9326
terrain-015920,9,9,1024,126.412,5689.07
terrain-015921,9,9,1024,63.595,983.853
terrain-015922,9,9,1024,42.767,38.4263
terrain-015923,9,9,1024,68.424,1169.99
terrain-015924,9,9,1024,42.828,38.5611
terrain-015925,9,9,1024,43.141,59.3064
terrain-015926,9,9,1024,122.567,5060.4
terrain-015927,9,9,1024,42.636,26.5933
terrain-015928,9,9,1024,61.539,711.163
terrain-015929,9,9,1024,42.699,27.2375
terrain-015930,9,9,1024,42.812,35.6823
terrain-015931,9,9,1024,42.622,29.1166
terrain-015932,9,9,1024,99.037,28036.2
terrain-015933,9,9,1024,101.418,31856.2
terrain-015934,9,9,1024,42.539,171.04
terrain-015935,9,9,1024,42.589,176.54
terrain-015936,9,9,1024,42.646,179.421
terrain-015937,9,9,1024,98.054,26113.8
terrain-015938,9,9,1024,42.635,176.479
terrain-015939,9,9,1024,42.696,179.357
terrain-015940,9,9,1024,42.771,179.237
terrain-015941,9,9,1024,123.264,9701.03
terrain-015942,9,9,1024,42.701,66.975
terrain-015943,9,9,1024,122.874,10074.8
terrain-015944,9,9,1024,62.236,1528.59
terrain-015945,9,9,1024,42.751,69.2234
terrain-015946,9,9,1024,122.659,10345.6
terrain-015947,9,9,1024,64.446,1607.5
terrain-015948,9,9,1024,42.738,59.7013
terrain-015949,9,9,1024,42.932,82.232
terrain-015950,9,9,1024,122.773,9387.07
terrain-015951,9,9,1024,42.633,48.9346
terrain-015952,9,9,1024,122.363,9629.01
terrain-015953,9,9,1024,61.513,1210.8
terrain-015954,9,9,1024,42.691,49.1534
terrain-015955,9,9,1024,42.791,61.4468
terrain-015956,9,9,1024,42.635,56.1059
terrain-015957,9,9,1024,113.695,7627.39
terrain-015958,9,9,1024,42.64,39.1584
terrain-015959,9,9,1024,42.742,52.0422
terrain-015960,9,9,1024,42.524,37.1585
terrain-015961,9,9,1024,42.581,39.0194
terrain-015962,9,9,1024,93.051,35737.3
terrain-015963,9,9,1024,92.749,36664.2
terrain-015964,9,9,1024,42.612,245.819
terrain-015965,9,9,1024,42.672,251.439
terrain-015966,9,9,1024,88.754,28907.9
terrain-015967,9,9,1024,42.719,251.305
terrain-015968,9,9,1024,117.577,15555.8
terrain-015969,9,9,1024,42.624,85.8237
terrain-015970,9,9,1024,117.021,16211.3
terrain-015971,9,9,1024,61.001,1972.76
terrain-015972,9,9,1024,42.681,86.4989
terrain-015973,9,9,1024,116.725,16560
terrain-015974,9,9,1024,42.76,101.922
terrain-015975,9,9,1024,42.576,86.0032
terrain-015976,9,9,1024,114.703,14170.5
terrain-015977,9,9,1024,42.641,69.6529
terrain-015978,9,9,1024,114.242,14444.4
terrain-015979,9,9,1024,42.742,91.0059
terrain-015980,9,9,1024,42.516,65.1642
terrain-015981,9,9,1024,42.569,67.3535
terrain-015982,9,9,1024,105.588,11109.1
terrain-015983,9,9,1024,42.543,63.4416
terrain-015984,9,9,1024,42.6,65.5745
terrain-015985,9,9,1024,42.658,65.9681
terrain-015986,9,9,1024,95.302,19027.5
terrain-015987,9,9,1024,42.716,150.115
terrain-015988,9,9,1024,95.699,19323.1
terrain-015989,9,9,1024,42.832,192.139
terrain-015990,9,9,1024,42.608,144.978
terrain-015991,9,9,1024,42.661,149.937
terrain-015992,9,9,1024,87.058,13699.6
terrain-015993,9,9,1024,42.624,135.014
terrain-015994,9,9,1024,42.679,139.627
terrain-015995,9,9,1024,42.736,139.836
terrain-015996,9,9,1024,70.326,27037.1
terrain-015997,9,9,1024,85.746,22546.3
terrain-015998,9,9,1024,90.812,26662.6
terrain-015999,9,9,1024,42.681,249.548
terrain-016000,9,9,1024,42.734,258.035
terrain-016001,9,9,1024,42.789,258.561
terrain-016002,9,9,1024,83.98,18502.2
terrain-016003,9,9,1024,42.789,251.963
terrain-016004,9,9,1024,42.849,252.642
terrain-016005,9,9,1024,83.023,29337.4
terrain-016006,9,9,1024,82.739,30104
terrain-016007,9,9,1024,42.877,438.782
terrain-016008,9,9,1024,42.935,440.298
terrain-016009,9,9,1024,76.534,20025.8
terrain-016010,9,9,1024,42.993,423.382
terrain-016011,9,9,1024,76.771,31062.3
terrain-016012,9,9,1024,76.919,31383.4
terrain-016013,9,9,1024,43.102,678.851
terrain-016014,9,9,1024,70.798,19699
terrain-016015,9,9,1024,126.257,3002.64
terrain-016016,9,9,1024,43.053,58.7008
terrain-016017,9,9,1024,43.472,85.3489
terrain-016018,9,9,1024,126.154,5998.4
terrain-016019,9,9,1024,122.142,4605.23
terrain-016020,9,9,1024,43.001,60.8817
terrain-016021,9,9,1024,125.99,6060.07
terrain-016022,9,9,1024,71.63,1567.98
terrain-016023,9,9,1024,42.996,58.5408
terrain-016024,9,9,1024,75.131,1686.4
terrain-016025,9,9,1024,123.472,5554.56
terrain-016026,9,9,1024,42.779,42.6491
terrain-016027,9,9,1024,124.153,5676.01
terrain-016028,9,9,1024,63.982,1045
terrain-016029,9,9,1024,42.779,39.8925
terrain-016030,9,9,1024,68.936,1232.5
terrain-016031,9,9,1024,42.84,39.9667
terrain-016032,9,9,1024,43.166,62.0195
terrain-016033,9,9,1024,119.844,5000.7
terrain-016034,9,9,1024,42.641,27.2873
terrain-016035,9,9,1024,61.569,733.553
terrain-016036,9,9,1024,42.704,27.9313
terrain-016037,9,9,1024,42.817,36.6462
terrain-016038,9,9,1024,42.629,29.9748
terrain-016039,9,9,1024,72.432,34264.7
terrain-016040,9,9,1024,96.426,29928.5
terrain-016041,9,9,1024,99.285,34192
terrain-016042,9,9,1024,42.565,205.622
terrain-016043,9,9,1024,98.96,35124.1
terrain-016044,9,9,1024,42.616,212.404
terrain-016045,9,9,1024,42.672,214.526
terrain-016046,9,9,1024,92.964,25912.8
terrain-016047,9,9,1024,92.616,26589.4
terrain-016048,9,9,1024,42.673,212.315
terrain-016049,9,9,1024,42.733,214.436
terrain-016050,9,9,1024,84.888,18109.9
terrain-016051,9,9,1024,42.825,214.257
terrain-016052,9,9,1024,122.745,10347.5
terrain-016053,9,9,1024,42.721,71.6966
terrain-016054,9,9,1024,122.418,10502.6
terrain-016055,9,9,1024,62.723,1681.93
terrain-016056,9,9,1024,42.772,74.1314
terrain-016057,9,9,1024,122.24,10659.4
terrain-016058,9,9,1024,64.866,1728.41
terrain-016059,9,9,1024,42.751,63.1392
terrain-016060,9,9,1024,42.953,87.5432
terrain-016061,9,9,1024,119.076,9351.65
terrain-016062,9,9,1024,42.642,51.3374
terrain-016063,9,9,1024,119.431,9577.56
terrain-016064,9,9,1024,61.663,1277.87
terrain-016065,9,9,1024,42.699,51.4604
terrain-016066,9,9,1024,42.8,64.364
terrain-016067,9,9,1024,42.648,59.3819
terrain-016068,9,9,1024,110.542,7492.74
terrain-016069,9,9,1024,42.645,40.6086
terrain-016070,9,9,1024,42.746,54.1184
terrain-016071,9,9,1024,42.528,38.5676
terrain-016072,9,9,1024,42.586,40.5318
terrain-016073,9,9,1024,89.989,38707.3
terrain-016074,9,9,1024,89.664,39701.7
terrain-016075,9,9,1024,42.66,321.378
terrain-016076,9,9,1024,42.72,326.256
terrain-016077,9,9,1024,83.364,28666.5
terrain-016078,9,9,1024,42.784,326.034
terrain-016079,9,9,1024,116.512,16600.8
terrain-016080,9,9,1024,42.639,93.4984
terrain-016081,9,9,1024,116.091,16996.1
terrain-016082,9,9,1024,61.203,2158.03
terrain-016083,9,9,1024,42.695,93.9073
terrain-016084,9,9,1024,115.871,17200.6
terrain-016085,9,9,1024,42.773,110.209
terrain-016086,9,9,1024,42.592,93.9479
terrain-016087,9,9,1024,110.477,14059.5
terrain-016088,9,9,1024,42.65,74.3779
terrain-016089,9,9,1024,110.588,14313.2
terrain-016090,9,9,1024,42.753,97.5543
terrain-016091,9,9,1024,42.524,69.6255
terrain-016092,9,9,1024,42.577,71.9911
terrain-016093,9,9,1024,101.8,10825.9
terrain-016094,9,9,1024,42.552,67.6623
terrain-016095,9,9,1024,42.61,69.9616
terrain-016096,9,9,1024,42.669,70.1906
terrain-016097,9,9,1024,81.919,41381.3
terrain-016098,9,9,1024,81.676,41538.6
terrain-016099,9,9,1024,42.753,441.118
terrain-016100,9,9,1024,74.816,27636.8
terrain-016101,9,9,1024,107.694,24095
terrain-016102,9,9,1024,42.651,134.13
terrain-016103,9,9,1024,107.242,24508.7
terrain-016104,9,9,1024,42.757,171.135
terrain-016105,9,9,1024,104.333,24678.7
terrain-016106,9,9,1024,42.544,128.971
terrain-016107,9,9,1024,42.595,133.298
terrain-016108,9,9,1024,100.185,19159.5
terrain-016109,9,9,1024,101.642,20627
terrain-016110,9,9,1024,42.567,122.421
terrain-016111,9,9,1024,42.62,126.533
terrain-016112,9,9,1024,42.677,127.284
terrain-016113,9,9,1024,97.066,16486.8
terrain-016114,9,9,1024,42.686,126.473
terrain-016115,9,9,1024,42.745,127.223
terrain-016116,9,9,1024,119.176,10221
terrain-016117,9,9,1024,42.736,74.3141
terrain-016118,9,9,1024,119.871,10375.1
terrain-016119,9,9,1024,63.032,1768.7
terrain-016120,9,9,1024,42.787,76.8539
terrain-016121,9,9,1024,120.2,10529.5
terrain-016122,9,9,1024,65.132,1793.85
terrain-016123,9,9,1024,42.761,65.0096
terrain-016124,9,9,1024,42.968,90.4592
terrain-016125,9,9,1024,115.86,9120.72
terrain-016126,9,9,1024,42.649,52.6285
terrain-016127,9,9,1024,116.727,9351.23
terrain-016128,9,9,1024,61.713,1312.88
terrain-016129,9,9,1024,42.706,52.6962
terrain-016130,9,9,1024,42.807,65.9255
terrain-016131,9,9,1024,42.658,61.1667
terrain-016132,9,9,1024,107.804,7256.28
terrain-016133,9,9,1024,42.65,41.3745
terrain-016134,9,9,1024,42.752,55.216
terrain-016135,9,9,1024,42.533,39.3127
terrain-016136,9,9,1024,42.591,41.3326
terrain-016137,9,9,1024,86.48,37596
terrain-016138,9,9,1024,86.161,38561.2
terrain-016139,9,9,1024,42.711,379.686
terrain-016140,9,9,1024,42.77,383.228
terrain-016141,9,9,1024,80.277,27409.6
terrain-016142,9,9,1024,42.848,382.928
terrain-016143,9,9,1024,112.653,16285.1
terrain-016144,9,9,1024,42.651,97.8711
terrain-016145,9,9,1024,113.004,16668.8
terrain-016146,9,9,1024,61.364,2261.01
terrain-016147,9,9,1024,42.707,98.1053
terrain-016148,9,9,1024,113.184,16867.4
terrain-016149,9,9,1024,42.784,114.871
terrain-016150,9,9,1024,42.604,98.4938
terrain-016151,9,9,1024,106.878,13577.4
terrain-016152,9,9,1024,42.659,76.9874
terrain-016153,9,9,1024,107.35,13831.1
terrain-016154,9,9,1024,42.761,101.187
terrain-016155,9,9,1024,42.531,72.092
terrain-016156,9,9,1024,42.585,74.556
terrain-016157,9,9,1024,98.668,10358.4
terrain-016158,9,9,1024,42.561,69.9898
terrain-016159,9,9,1024,42.62,72.3824
terrain-016160,9,9,1024,42.678,72.5109
terrain-016161,9,9,1024,78.527,40144.6
terrain-016162,9,9,1024,78.47,40335.5
terrain-016163,9,9,1024,42.834,552.09
terrain-016164,9,9,1024,72.355,26511.4
terrain-016165,9,9,1024,103.617,23444.1
terrain-016166,9,9,1024,42.665,142.862
terrain-016167,9,9,1024,103.716,23839.2
terrain-016168,9,9,1024,42.774,182.645
terrain-016169,9,9,1024,101.754,24219.1
terrain-016170,9,9,1024,42.558,137.696
terrain-016171,9,9,1024,42.609,142.366
terrain-016172,9,9,1024,96.388,18305.9
terrain-016173,9,9,1024,98.711,19951.5
terrain-016174,9,9,1024,42.582,130.257
terrain-016175,9,9,1024,42.637,134.677
terrain-016176,9,9,1024,42.693,135.121
terrain-016177,9,9,1024,94.334,15812.8
terrain-016178,9,9,1024,42.709,134.611
terrain-016179,9,9,1024,42.768,135.057
terrain-016180,9,9,1024,69.998,33439.3
terrain-016181,9,9,1024,92.54,28937.8
terrain-016182,9,9,1024,95.906,33320.1
terrain-016183,9,9,1024,42.592,228.727
terrain-016184,9,9,1024,95.582,34226.6
terrain-016185,9,9,1024,42.643,236.397
terrain-016186,9,9,1024,42.699,237.768
terrain-016187,9,9,1024,89.693,24856.4
terrain-016188,9,9,1024,89.352,25504.2
terrain-016189,9,9,1024,42.707,236.289
terrain-016190,9,9,1024,42.768,237.66
terrain-016191,9,9,1024,82.501,17317.5
terrain-016192,9,9,1024,42.874,237.451
terrain-016193,9,9,1024,108.738,15400.1
terrain-016194,9,9,1024,42.665,100.204
terrain-016195,9,9,1024,109.567,15788.9
terrain-016196,9,9,1024,61.479,2308.05
terrain-016197,9,9,1024,42.721,100.338
terrain-016198,9,9,1024,109.995,15990.5
terrain-016199,9,9,1024,42.797,117.332
terrain-016200,9,9,1024,42.618,100.926
terrain-016201,9,9,1024,102.911,12654.3
terrain-016202,9,9,1024,42.67,78.3556
terrain-016203,9,9,1024,103.582,12904.7
terrain-016204,9,9,1024,42.773,103.082
terrain-016205,9,9,1024,42.541,73.3857
terrain-016206,9,9,1024,42.595,75.9019
terrain-016207,9,9,1024,92.073,8944.88
terrain-016208,9,9,1024,42.564,70.5123
terrain-016209,9,9,1024,42.622,72.927
terrain-016210,9,9,1024,42.681,73.0234
terrain-016211,9,9,1024,76.985,36644.9
terrain-016212,9,9,1024,77.056,36908.1
terrain-016213,9,9,1024,42.938,631.124
terrain-016214,9,9,1024,71.42,24333.1
terrain-016215,9,9,1024,99.613,21742
terrain-016216,9,9,1024,42.684,147.646
terrain-016217,9,9,1024,100.03,22126.7
terrain-016218,9,9,1024,42.794,188.945
terrain-016219,9,9,1024,99.408,22861.2
terrain-016220,9,9,1024,42.577,142.496
terrain-016221,9,9,1024,42.628,147.356
terrain-016222,9,9,1024,92.489,16718.1
terrain-016223,9,9,1024,96.088,18613.6
terrain-016224,9,9,1024,42.603,134.542
terrain-016225,9,9,1024,42.658,139.133
terrain-016226,9,9,1024,42.715,139.393
terrain-016227,9,9,1024,87.924,13271.6
terrain-016228,9,9,1024,42.715,136.507
terrain-016229,9,9,1024,42.774,136.845
terrain-016230,9,9,1024,69.428,31045.7
terrain-016231,9,9,1024,89.134,26454.5
terrain-016232,9,9,1024,93.229,30808.4
terrain-016233,9,9,1024,42.625,242.284
terrain-016234,9,9,1024,92.914,31646.8
terrain-016235,9,9,1024,42.677,250.483
terrain-016236,9,9,1024,42.732,251.322
terrain-016237,9,9,1024,87.248,22815.1
terrain-016238,9,9,1024,86.916,23408.7
terrain-016239,9,9,1024,42.75,250.359
terrain-016240,9,9,1024,42.81,251.201
terrain-016241,9,9,1024,77.597,14383.5
terrain-016242,9,9,1024,42.887,243.036
terrain-016243,9,9,1024,84.318,34431.6
terrain-016244,9,9,1024,84.012,35320.1
terrain-016245,9,9,1024,42.774,417.383
terrain-016246,9,9,1024,42.833,419.712
terrain-016247,9,9,1024,78.491,25004.6
terrain-016248,9,9,1024,42.926,419.35
terrain-016249,10,10,4,95.878,255.578
terrain-016250,10,10,4,42.69,1.23072
terrain-016251,10,10,4,116.02,134.357
terrain-016252,10,10,4,42.939,1.06647
terrain-016253,10,10,4,43.007,1.09359
terrain-016254,10,10,4,92.881,279.048
terrain-016255,10,10,4,108.411,184.614
terrain-016256,10,10,4,108.421,190.618
terrain-016257,10,10,4,42.791,1.19676
terrain-016258,10,10,4,42.854,1.23103
terrain-016259,10,10,4,109.386,191.976
terrain-016260,10,10,4,42.807,1.09358
terrain-016261,10,10,4,100.305,220.409
terrain-016262,10,10,4,100.73,225.571
terrain-016263,10,10,4,42.689,1.19648
terrain-016264,10,10,4,42.747,1.23074
terrain-016265,10,10,4,102.541,235.374
terrain-016266,10,10,4,42.741,1.23102
terrain-016267,10,10,4,76.61,378.403
terrain-016268,10,10,4,77.797,377.209
terrain-016269,10,10,4,42.741,3.1507
terrain-016270,10,10,4,77.332,369.863
terrain-016271,10,10,4,70.763,422.313
terrain-016272,10,10,4,113.279,162.83
terrain-016273,10,10,4,43.412,2.40002
terrain-016274,10,10,4,43.472,2.37612
terrain-016275,10,10,4,78.189,493.287
terrain-016276,10,10,4,103.824,251.96
terrain-016277,10,10,4,103.8,260.479
terrain-016278,10,10,4,42.909,2.50746
terrain-016279,10,10,4,42.976,2.52405
terrain-016280,10,10,4,103.085,253.564
terrain-016281,10,10,4,43.037,2.37605
terrain-016282,10,10,4,93.376,348.013
terrain-016283,10,10,4,94.078,354.966
terrain-016284,10,10,4,42.756,2.65908
terrain-016285,10,10,4,94.28,357.545
terrain-016286,10,10,4,42.818,2.6729
terrain-016287,10,10,4,93.35,351.908
terrain-016288,10,10,4,93.556,354.49
terrain-016289,10,10,4,42.744,2.52401
terrain-016290,10,10,4,92.938,342.105
terrain-016291,10,10,4,84.23,435.357
terrain-016292,10,10,4,85.358,432.834
terrain-016293,10,10,4,42.694,2.6728
terrain-016294,10,10,4,84.555,428.237
terrain-016295,10,10,4,87.282,364.278
terrain-016296,10,10,4,106.767,216.804
terrain-016297,10,10,4,106.764,223.983
terrain-016298,10,10,4,42.861,1.69349
terrain-016299,10,10,4,42.925,1.7283
terrain-016300,10,10,4,107.204,223.083
terrain-016301,10,10,4,42.851,1.46895
terrain-016302,10,10,4,97.54,274.644
terrain-016303,10,10,4,98.075,280.671
terrain-016304,10,10,4,42.713,1.6932
terrain-016305,10,10,4,98.045,284.498
terrain-016306,10,10,4,42.772,1.728
terrain-016307,10,10,4,99.07,288.421
terrain-016308,10,10,4,99.036,292.329
terrain-016309,10,10,4,42.767,1.72828
terrain-016310,10,10,4,99.607,290.895
terrain-016311,10,10,4,91.36,328.67
terrain-016312,10,10,4,91.876,330.211
terrain-016313,10,10,4,42.692,1.72796
terrain-016314,10,10,4,92.798,340.718
terrain-016315,10,10,4,115.267,149.355
terrain-016316,10,10,4,43.049,1.44376
terrain-016317,10,10,4,43.12,1.46898
terrain-016318,10,10,4,71.63,417.327
terrain-016319,10,10,4,101.386,245.876
terrain-016320,10,10,4,101.356,254.178
terrain-016321,10,10,4,43.146,3.19436
terrain-016322,10,10,4,43.206,3.16096
terrain-016323,10,10,4,101.054,248.552
terrain-016324,10,10,4,43.002,2.37001
terrain-016325,10,10,4,90.545,337.855
terrain-016326,10,10,4,91.255,344.722
terrain-016327,10,10,4,42.703,2.64216
terrain-016328,10,10,4,91.508,347.339
terrain-016329,10,10,4,42.765,2.65391
terrain-016330,10,10,4,90.413,340.506
terrain-016331,10,10,4,90.67,343.124
terrain-016332,10,10,4,42.916,3.1609
terrain-016333,10,10,4,90.551,333.156
terrain-016334,10,10,4,81.134,420.047
terrain-016335,10,10,4,82.326,417.966
terrain-016336,10,10,4,42.643,2.65381
terrain-016337,10,10,4,81.436,411.76
terrain-016338,10,10,4,75.028,474.067
terrain-016339,10,10,4,95.819,314.736
terrain-016340,10,10,4,96.437,321.291
terrain-016341,10,10,4,42.735,2.13681
terrain-016342,10,10,4,96.527,324.654
terrain-016343,10,10,4,42.794,2.16554
terrain-016344,10,10,4,96.793,325.847
terrain-016345,10,10,4,96.882,329.227
terrain-016346,10,10,4,42.788,2.16574
terrain-016347,10,10,4,97.362,325.741
terrain-016348,10,10,4,88.206,385.774
terrain-016349,10,10,4,89.021,385.554
terrain-016350,10,10,4,42.694,2.16547
terrain-016351,10,10,4,89.287,391.909
terrain-016352,10,10,4,115.053,158.681
terrain-016353,10,10,4,43.141,1.75409
terrain-016354,10,10,4,43.212,1.7734
terrain-016355,10,10,4,83.197,432.805
terrain-016356,10,10,4,105.821,237.952
terrain-016357,10,10,4,105.808,245.919
terrain-016358,10,10,4,42.922,2.13704
terrain-016359,10,10,4,42.987,2.16577
terrain-016360,10,10,4,106.124,243.885
terrain-016361,10,10,4,42.887,1.77337
terrain-016362,10,10,4,87.668,322.468
terrain-016363,10,10,4,88.376,329.207
terrain-016364,10,10,4,42.848,3.20134
terrain-016365,10,10,4,88.651,331.754
terrain-016366,10,10,4,42.91,3.17223
terrain-016367,10,10,4,88.086,327.053
terrain-016368,10,10,4,88.36,329.593
terrain-016369,10,10,4,42.884,3.14335
terrain-016370,10,10,4,88.385,319.458
terrain-016371,10,10,4,78.209,397.235
terrain-016372,10,10,4,79.41,395.602
terrain-016373,10,10,4,42.763,3.17207
terrain-016374,10,10,4,79.126,392.427
terrain-016375,10,10,4,72.182,445.502
terrain-016376,10,10,4,85.553,416.484
terrain-016377,10,10,4,86.575,414.979
terrain-016378,10,10,4,42.694,2.47915
terrain-016379,10,10,4,86.582,418.813
terrain-016380,10,10,4,113.832,161.338
terrain-016381,10,10,4,43.103,1.84556
terrain-016382,10,10,4,43.174,1.86107
terrain-016383,10,10,4,79.91,470.231
terrain-016384,10,10,4,104.82,248.339
terrain-016385,10,10,4,104.799,256.703
terrain-016386,10,10,4,42.965,2.45889
terrain-016387,10,10,4,43.03,2.47942
terrain-016388,10,10,4,104.058,250.05
terrain-016389,10,10,4,42.833,1.86103
terrain-016390,10,10,4,94.137,335.514
terrain-016391,10,10,4,94.807,342.316
terrain-016392,10,10,4,42.749,2.45872
terrain-016393,10,10,4,94.98,345.272
terrain-016394,10,10,4,42.809,2.47924
terrain-016395,10,10,4,94.9,345.052
terrain-016396,10,10,4,95.073,348.008
terrain-016397,10,10,4,42.803,2.47938
terrain-016398,10,10,4,94.396,336.179
terrain-016399,10,10,1024,129.983,804.137
terrain-016400,10,10,1024,43.96,65.5981
terrain-016401,10,10,1024,98.29,1727.37
terrain-016402,10,10,1024,129.968,1608.03
terrain-016403,10,10,1024,129.686,1460.02
terrain-016404,10,10,1024,44.025,65.9918
terrain-016405,10,10,1024,44.771,88.6545
terrain-016406,10,10,1024,129.939,3215.07
terrain-016407,10,10,1024,127.454,2724.53
terrain-016408,10,10,1024,43.91,63.4645
terrain-016409,10,10,1024,94.277,1636.58
terrain-016410,10,10,1024,130.083,1567.44
terrain-016411,10,10,1024,43.383,38.5611
terrain-016412,10,10,1024,43.815,52.0538
terrain-016413,10,10,1024,130.026,3133
terrain-016414,10,10,1024,134.333,2855.12
terrain-016415,10,10,1024,43.27,37.1636
terrain-016416,10,10,1024,76.756,997.976
terrain-016417,10,10,1024,43.323,38.4263
terrain-016418,10,10,1024,79.883,1031.02
terrain-016419,10,10,1024,127.191,2887.27
terrain-016420,10,10,1024,42.887,21.5891
terrain-016421,10,10,1024,64.355,594.16
terrain-016422,10,10,1024,42.945,22.3272
terrain-016423,10,10,1024,67.99,605.717
terrain-016424,10,10,1024,43.005,22.3726
terrain-016425,10,10,1024,43.232,30.2871
terrain-016426,10,10,1024,86.602,38193.3
terrain-016427,10,10,1024,42.802,314.564
terrain-016428,10,10,1024,110.762,22582.7
terrain-016429,10,10,1024,42.753,119.51
terrain-016430,10,10,1024,110.118,23265.8
terrain-016431,10,10,1024,42.858,151.95
terrain-016432,10,10,1024,106.866,23481
terrain-016433,10,10,1024,42.645,114.457
terrain-016434,10,10,1024,42.696,118.225
terrain-016435,10,10,1024,106.072,19411.9
terrain-016436,10,10,1024,106.914,20774.3
terrain-016437,10,10,1024,42.665,109.268
terrain-016438,10,10,1024,42.719,112.873
terrain-016439,10,10,1024,42.777,114.044
terrain-016440,10,10,1024,102.451,16935.8
terrain-016441,10,10,1024,42.778,112.827
terrain-016442,10,10,1024,42.838,113.997
terrain-016443,10,10,1024,127.83,2890.5
terrain-016444,10,10,1024,43.149,55.7178
terrain-016445,10,10,1024,43.55,80.293
terrain-016446,10,10,1024,127.78,5777.8
terrain-016447,10,10,1024,114.765,3824.1
terrain-016448,10,10,1024,43.09,57.443
terrain-016449,10,10,1024,127.613,5917.72
terrain-016450,10,10,1024,70.957,1433.88
terrain-016451,10,10,1024,43.09,55.4369
terrain-016452,10,10,1024,74.621,1571.11
terrain-016453,10,10,1024,128.1,5558.91
terrain-016454,10,10,1024,42.883,40.9326
terrain-016455,10,10,1024,127.841,5690.54
terrain-016456,10,10,1024,64.035,983.854
terrain-016457,10,10,1024,42.887,38.4263
terrain-016458,10,10,1024,68.938,1169.99
terrain-016459,10,10,1024,42.948,38.5611
terrain-016460,10,10,1024,43.266,59.3064
terrain-016461,10,10,1024,123.914,5060.43
terrain-016462,10,10,1024,42.753,26.5933
terrain-016463,10,10,1024,61.947,711.164
terrain-016464,10,10,1024,42.818,27.2375
terrain-016465,10,10,1024,42.932,35.6823
terrain-016466,10,10,1024,42.739,29.1167
terrain-016467,10,10,1024,76.762,32152.5
terrain-016468,10,10,1024,100.139,28093.5
terrain-016469,10,10,1024,102.577,31930.2
terrain-016470,10,10,1024,42.655,171.04
terrain-016471,10,10,1024,102.271,32803.9
terrain-016472,10,10,1024,42.706,176.54
terrain-016473,10,10,1024,42.764,179.421
terrain-016474,10,10,1024,99.091,26144.9
terrain-016475,10,10,1024,98.731,26828.9
terrain-016476,10,10,1024,42.753,176.479
terrain-016477,10,10,1024,42.814,179.358
terrain-016478,10,10,1024,90.038,18639.1
terrain-016479,10,10,1024,42.89,179.237
terrain-016480,10,10,1024,124.68,9707.87
terrain-016481,10,10,1024,42.819,66.975
terrain-016482,10,10,1024,124.286,10082.1
terrain-016483,10,10,1024,62.655,1528.59
terrain-016484,10,10,1024,42.871,69.2234
terrain-016485,10,10,1024,124.069,10353.4
terrain-016486,10,10,1024,64.899,1607.5
terrain-016487,10,10,1024,42.857,59.7013
terrain-016488,10,10,1024,43.054,82.2321
terrain-016489,10,10,1024,124.158,9391.08
terrain-016490,10,10,1024,42.751,48.9346
terrain-016491,10,10,1024,123.743,9633.23
terrain-016492,10,10,1024,61.921,1210.8
terrain-016493,10,10,1024,42.809,49.1534
terrain-016494,10,10,1024,42.911,61.4468
terrain-016495,10,10,1024,42.752,56.1059
terrain-016496,10,10,1024,114.907,7627.46
terrain-016497,10,10,1024,42.757,39.1584
terrain-016498,10,10,1024,42.861,52.0422
terrain-016499,10,10,1024,42.639,37.1585
terrain-016500,10,10,1024,42.698,39.0194
terrain-016501,10,10,1024,94.077,35830.6
terrain-016502,10,10,1024,93.769,36759.3
terrain-016503,10,10,1024,42.73,245.82
terrain-016504,10,10,1024,42.79,251.439
terrain-016505,10,10,1024,89.64,28944.8
terrain-016506,10,10,1024,42.838,251.305
terrain-016507,10,10,1024,118.934,15573.4
terrain-016508,10,10,1024,42.742,85.8237
terrain-016509,10,10,1024,118.372,16230.4
terrain-016510,10,10,1024,61.401,1972.76
terrain-016511,10,10,1024,42.799,86.4989
terrain-016512,10,10,1024,118.073,16579.9
terrain-016513,10,10,1024,42.879,101.922
terrain-016514,10,10,1024,42.693,86.0032
terrain-016515,10,10,1024,115.977,14179.6
terrain-016516,10,10,1024,42.759,69.6529
terrain-016517,10,10,1024,115.509,14453.9
terrain-016518,10,10,1024,42.861,91.0059
terrain-016519,10,10,1024,42.632,65.1642
terrain-016520,10,10,1024,42.685,67.3535
terrain-016521,10,10,1024,106.674,11109.2
terrain-016522,10,10,1024,42.659,63.4416
terrain-016523,10,10,1024,42.717,65.5745
terrain-016524,10,10,1024,42.776,65.9681
terrain-016525,10,10,1024,96.231,19027.9
terrain-016526,10,10,1024,42.835,150.115
terrain-016527,10,10,1024,96.635,19323.5
terrain-016528,10,10,1024,42.953,192.139
terrain-016529,10,10,1024,97.822,20492.1
terrain-016530,10,10,1024,42.725,144.978
terrain-016531,10,10,1024,42.779,149.938
terrain-016532,10,10,1024,87.86,13699.9
terrain-016533,10,10,1024,92.981,15643.8
terrain-016534,10,10,1024,42.741,135.014
terrain-016535,10,10,1024,42.797,139.627
terrain-016536,10,10,1024,42.855,139.836
terrain-016537,10,10,1024,76.338,8986.48
terrain-016538,10,10,1024,42.931,145.663
terrain-016539,10,10,1024,42.989,145.394
terrain-016540,10,10,1024,70.87,27037.9
terrain-016541,10,10,1024,86.528,22546.9
terrain-016542,10,10,1024,91.672,26663.5
terrain-016543,10,10,1024,42.799,249.548
terrain-016544,10,10,1024,42.853,258.035
terrain-016545,10,10,1024,42.909,258.561
terrain-016546,10,10,1024,84.735,18502.6
terrain-016547,10,10,1024,42.909,251.963
terrain-016548,10,10,1024,42.97,252.642
terrain-016549,10,10,1024,83.764,29338.5
terrain-016550,10,10,1024,83.475,30105.1
terrain-016551,10,10,1024,42.998,438.782
terrain-016552,10,10,1024,43.057,440.298
terrain-016553,10,10,1024,77.173,20026.2
terrain-016554,10,10,1024,43.116,423.382
terrain-016555,10,10,1024,77.415,31063.4
terrain-016556,10,10,1024,77.566,31384.5
terrain-016557,10,10,1024,43.227,678.852
terrain-016558,10,10,1024,71.349,19699.4
terrain-016559,10,10,1024,127.673,3003.06
terrain-016560,10,10,1024,43.177,58.7008
terrain-016561,10,10,1024,43.603,85.3489
terrain-016562,10,10,1024,127.568,5999.24
terrain-016563,10,10,1024,123.483,4605.26
terrain-016564,10,10,1024,43.124,60.8817
terrain-016565,10,10,1024,127.402,6060.93
terrain-016566,10,10,1024,72.194,1567.98
terrain-016567,10,10,1024,43.119,58.5408
terrain-016568,10,10,1024,75.749,1686.41
terrain-016569,10,10,1024,124.834,5554.6
terrain-016570,10,10,1024,42.899,42.6491
terrain-016571,10,10,1024,125.525,5676.05
terrain-016572,10,10,1024,64.427,1045.01
terrain-016573,10,10,1024,42.899,39.8925
terrain-016574,10,10,1024,69.459,1232.5
terrain-016575,10,10,1024,42.96,39.9667
terrain-016576,10,10,1024,43.291,62.0195
terrain-016577,10,10,1024,121.15,5000.73
terrain-016578,10,10,1024,42.759,27.2873
terrain-016579,10,10,1024,61.978,733.553
terrain-016580,10,10,1024,42.823,27.9313
terrain-016581,10,10,1024,42.937,36.6462
terrain-016582,10,10,1024,42.746,29.9748
terrain-016583,10,10,1024,73.031,34290.9
terrain-016584,10,10,1024,97.409,29949.5
terrain-016585,10,10,1024,100.319,34219.3
terrain-016586,10,10,1024,42.682,205.622
terrain-016587,10,10,1024,99.989,35152
terrain-016588,10,10,1024,42.733,212.404
terrain-016589,10,10,1024,42.79,214.526
terrain-016590,10,10,1024,93.858,25913.6
terrain-016591,10,10,1024,93.504,26590.2
terrain-016592,10,10,1024,42.791,212.315
terrain-016593,10,10,1024,42.852,214.436
terrain-016594,10,10,1024,85.656,18110.3
terrain-016595,10,10,1024,42.945,214.257
terrain-016596,10,10,1024,124.114,10350
terrain-016597,10,10,1024,42.84,71.6966
terrain-016598,10,10,1024,123.783,10505.2
terrain-016599,10,10,1024,63.15,1681.93
terrain-016600,10,10,1024,42.892,74.1315
terrain-016601,10,10,1024,123.602,10662.1
terrain-016602,10,10,1024,65.325,1728.41
terrain-016603,10,10,1024,42.87,63.1392
terrain-016604,10,10,1024,43.075,87.5432
terrain-016605,10,10,1024,120.37,9351.76
terrain-016606,10,10,1024,42.76,51.3374
terrain-016607,10,10,1024,120.731,9577.67
terrain-016608,10,10,1024,62.073,1277.87
terrain-016609,10,10,1024,42.818,51.4604
terrain-016610,10,10,1024,42.92,64.364
terrain-016611,10,10,1024,42.766,59.3819
terrain-016612,10,10,1024,111.705,7492.81
terrain-016613,10,10,1024,42.763,40.6086
terrain-016614,10,10,1024,42.866,54.1184
terrain-016615,10,10,1024,42.644,38.5676
terrain-016616,10,10,1024,42.703,40.5318
terrain-016617,10,10,1024,90.878,38742.4
terrain-016618,10,10,1024,90.547,39737.5
terrain-016619,10,10,1024,42.778,321.378
terrain-016620,10,10,1024,42.838,326.256
terrain-016621,10,10,1024,84.11,28667.5
terrain-016622,10,10,1024,42.903,326.034
terrain-016623,10,10,1024,117.796,16607.2
terrain-016624,10,10,1024,42.757,93.4985
terrain-016625,10,10,1024,117.368,17002.8
terrain-016626,10,10,1024,61.606,2158.03
terrain-016627,10,10,1024,42.814,93.9073
terrain-016628,10,10,1024,117.145,17207.5
terrain-016629,10,10,1024,42.892,110.209
terrain-016630,10,10,1024,42.708,93.9479
terrain-016631,10,10,1024,111.639,14059.7
terrain-016632,10,10,1024,42.768,74.3779
terrain-016633,10,10,1024,111.752,14313.5
terrain-016634,10,10,1024,42.872,97.5543
terrain-016635,10,10,1024,42.64,69.6255
terrain-016636,10,10,1024,42.694,71.9911
terrain-016637,10,10,1024,102.828,10826.1
terrain-016638,10,10,1024,42.668,67.6623
terrain-016639,10,10,1024,42.727,69.9616
terrain-016640,10,10,1024,42.787,70.1906
terrain-016641,10,10,1024,82.678,41420.2
terrain-016642,10,10,1024,82.43,41577.1
terrain-016643,10,10,1024,42.872,441.118
terrain-016644,10,10,1024,75.43,27637.7
terrain-016645,10,10,1024,108.85,24108.5
terrain-016646,10,10,1024,42.768,134.13
terrain-016647,10,10,1024,108.391,24522.7
terrain-016648,10,10,1024,42.876,171.135
terrain-016649,10,10,1024,105.436,24692.9
terrain-016650,10,10,1024,42.66,128.971
terrain-016651,10,10,1024,42.712,133.298
terrain-016652,10,10,1024,101.189,19160
terrain-016653,10,10,1024,102.668,20627.5
terrain-016654,10,10,1024,42.684,122.421
terrain-016655,10,10,1024,42.738,126.533
terrain-016656,10,10,1024,42.795,127.284
terrain-016657,10,10,1024,98.022,16487.1
terrain-016658,10,10,1024,42.804,126.473
terrain-016659,10,10,1024,42.864,127.223
terrain-016660,10,10,1024,120.472,10221.1
terrain-016661,10,10,1024,42.855,74.3141
terrain-016662,10,10,1024,121.178,10375.2
terrain-016663,10,10,1024,63.464,1768.71
terrain-016664,10,10,1024,42.906,76.8539
terrain-016665,10,10,1024,121.512,10529.6
terrain-016666,10,10,1024,65.595,1793.85
terrain-016667,10,10,1024,42.88,65.0096
terrain-016668,10,10,1024,43.091,90.4592
terrain-016669,10,10,1024,117.104,9120.82
terrain-016670,10,10,1024,42.767,52.6285
terrain-016671,10,10,1024,117.985,9351.34
terrain-016672,10,10,1024,62.124,1312.88
terrain-016673,10,10,1024,42.825,52.6962
terrain-016674,10,10,1024,42.927,65.9255
terrain-016675,10,10,1024,42.776,61.1667
terrain-016676,10,10,1024,108.925,7256.34
terrain-016677,10,10,1024,42.768,41.3745
terrain-016678,10,10,1024,42.871,55.216
terrain-016679,10,10,1024,42.649,39.3127
terrain-016680,10,10,1024,42.708,41.3327
terrain-016681,10,10,1024,87.274,37597.7
terrain-016682,10,10,1024,86.95,38562.9
terrain-016683,10,10,1024,42.83,379.686
terrain-016684,10,10,1024,87.213,38899.9
terrain-016685,10,10,1024,42.89,383.228
terrain-016686,10,10,1024,80.975,27410.5
terrain-016687,10,10,1024,79.321,27012.8
terrain-016688,10,10,1024,42.969,382.928
terrain-016689,10,10,1024,73.46,16427.3
terrain-016690,10,10,1024,113.849,16285.4
terrain-016691,10,10,1024,42.769,97.8711
terrain-016692,10,10,1024,114.205,16669.2
terrain-016693,10,10,1024,61.769,2261.02
terrain-016694,10,10,1024,42.826,98.1053
terrain-016695,10,10,1024,114.389,16867.7
terrain-016696,10,10,1024,42.904,114.871
terrain-016697,10,10,1024,42.721,98.4938
terrain-016698,10,10,1024,107.985,13577.6
terrain-016699,10,10,1024,42.777,76.9874
terrain-016700,10,10,1024,108.464,13831.4
terrain-016701,10,10,1024,42.88,101.187
terrain-016702,10,10,1024,42.647,72.0921
terrain-016703,10,10,1024,42.701,74.556
terrain-016704,10,10,1024,99.648,10358.5
terrain-016705,10,10,1024,42.678,69.9898
terrain-016706,10,10,1024,42.737,72.3824
terrain-016707,10,10,1024,42.797,72.5109
terrain-016708,10,10,1024,79.198,40146.5
terrain-016709,10,10,1024,79.141,40337.4
terrain-016710,10,10,1024,42.954,552.09
terrain-016711,10,10,1024,72.931,26512.2
terrain-016712,10,10,1024,104.675,23444.7
terrain-016713,10,10,1024,42.783,142.862
terrain-016714,10,10,1024,104.775,23839.9
terrain-016715,10,10,1024,42.893,182.645
terrain-016716,10,10,1024,102.783,24219.8
terrain-016717,10,10,1024,42.675,137.696
terrain-016718,10,10,1024,42.727,142.366
terrain-016719,10,10,1024,97.334,18306.3
terrain-016720,10,10,1024,99.693,19951.9
terrain-016721,10,10,1024,42.699,130.257
terrain-016722,10,10,1024,42.754,134.677
terrain-016723,10,10,1024,42.812,135.121
terrain-016724,10,10,1024,95.247,15813.2
terrain-016725,10,10,1024,42.827,134.611
terrain-016726,10,10,1024,42.887,135.057
terrain-016727,10,10,1024,70.537,33440.6
terrain-016728,10,10,1024,93.427,28938.8
terrain-016729,10,10,1024,96.845,33321.4
terrain-016730,10,10,1024,42.708,228.727
terrain-016731,10,10,1024,96.516,34228
terrain-016732,10,10,1024,42.761,236.398
terrain-016733,10,10,1024,42.817,237.768
terrain-016734,10,10,1024,90.536,24857.2
terrain-016735,10,10,1024,90.189,25505
terrain-016736,10,10,1024,42.826,236.289
terrain-016737,10,10,1024,42.887,237.66
terrain-016738,10,10,1024,83.233,17317.9
terrain-016739,10,10,1024,42.995,237.451
terrain-016740,10,10,1024,109.874,15400.4
terrain-016741,10,10,1024,42.783,100.204
terrain-016742,10,10,1024,110.715,15789.2
terrain-016743,10,10,1024,61.887,2308.05
terrain-016744,10,10,1024,42.84,100.338
terrain-016745,10,10,1024,111.151,15990.8
terrain-016746,10,10,1024,42.917,117.332
terrain-016747,10,10,1024,42.735,100.926
terrain-016748,10,10,1024,103.957,12654.5
terrain-016749,10,10,1024,42.788,78.3556
terrain-016750,10,10,1024,104.638,12904.9
terrain-016751,10,10,1024,42.893,103.082
terrain-016752,10,10,1024,42.657,73.3857
terrain-016753,10,10,1024,42.712,75.9019
terrain-016754,10,10,1024,92.951,8944.98
terrain-016755,10,10,1024,42.68,70.5123
terrain-016756,10,10,1024,42.74,72.927
terrain-016757,10,10,1024,42.799,73.0234
terrain-016758,10,10,1024,77.633,36646.5
terrain-016759,10,10,1024,77.705,36909.7
terrain-016760,10,10,1024,43.06,631.124
terrain-016761,10,10,1024,71.981,24333.8
terrain-016762,10,10,1024,100.608,21742.6
terrain-016763,10,10,1024,42.802,147.646
terrain-016764,10,10,1024,101.032,22127.3
terrain-016765,10,10,1024,42.914,188.945
terrain-016766,10,10,1024,100.401,22861.8
terrain-016767,10,10,1024,42.693,142.496
terrain-016768,10,10,1024,42.746,147.356
terrain-016769,10,10,1024,93.374,16718.4
terrain-016770,10,10,1024,97.029,18614
terrain-016771,10,10,1024,42.72,134.542
terrain-016772,10,10,1024,42.776,139.133
terrain-016773,10,10,1024,42.833,139.393
terrain-016774,10,10,1024,88.739,13271.8
terrain-016775,10,10,1024,42.834,136.507
terrain-016776,10,10,1024,42.894,136.845
terrain-016777,10,10,1024,69.959,31046.9
terrain-016778,10,10,1024,89.968,26455.3
terrain-016779,10,10,1024,94.127,30809.5
terrain-016780,10,10,1024,42.742,242.285
terrain-016781,10,10,1024,93.807,31648
terrain-016782,10,10,1024,42.795,250.483
terrain-016783,10,10,1024,42.851,251.322
terrain-016784,10,10,1024,88.053,22815.7
terrain-016785,10,10,1024,87.716,23409.4
terrain-016786,10,10,1024,42.869,250.359
terrain-016787,10,10,1024,42.93,251.201
terrain-016788,10,10,1024,78.253,14383.7
terrain-016789,10,10,1024,43.008,243.036
terrain-016790,10,10,1024,85.078,34433
terrain-016791,10,10,1024,84.768,35321.6
terrain-016792,10,10,1024,42.894,417.383
terrain-016793,10,10,1024,85.137,35701.7
terrain-016794,10,10,1024,42.954,419.712
terrain-016795,10,10,1024,79.161,25005.3
terrain-016796,10,10,1024,77.81,24755
terrain-016797,10,10,1024,43.048,419.35
terrain-016798,10,10,1024,70.305,13829.8
terrain-016799,10,10,4,84.931,208.313
terrain-016800,10,10,4,42.685,1.23047
terrain-016801,10,10,4,100.052,106.647
terrain-016802,10,10,4,42.933,1.0666
terrain-016803,10,10,4,43.001,1.09373
terrain-016804,10,10,4,82.35,227.08
terrain-016805,10,10,4,94.34,147.862
terrain-016806,10,10,4,94.346,152.66
terrain-016807,10,10,4,42.786,1.19679
terrain-016808,10,10,4,42.849,1.23106
terrain-016809,10,10,4,96.211,157.118
terrain-016810,10,10,4,42.801,1.09372
terrain-016811,10,10,4,87.612,175.909
terrain-016812,10,10,4,88.274,181.871
terrain-016813,10,10,4,42.684,1.19624
terrain-016814,10,10,4,42.742,1.23049
terrain-016815,10,10,4,91.225,195.223
terrain-016816,10,10,4,42.736,1.23105
terrain-016817,10,10,4,73.458,354.014
terrain-016818,10,10,4,73.384,344.776
terrain-016819,10,10,4,42.729,3.15166
terrain-016820,10,10,4,73.02,338.447
terrain-016821,10,10,4,68.108,398.807
terrain-016822,10,10,4,98.537,130.83
terrain-016823,10,10,4,43.401,2.40071
terrain-016824,10,10,4,43.461,2.37679
terrain-016825,10,10,4,74.18,455.292
terrain-016826,10,10,4,92.266,208.554
terrain-016827,10,10,4,92.252,215.62
terrain-016828,10,10,4,42.9,2.50815
terrain-016829,10,10,4,42.966,2.52475
terrain-016830,10,10,4,92.404,213.692
terrain-016831,10,10,4,43.026,2.37673
terrain-016832,10,10,4,85.462,300.677
terrain-016833,10,10,4,86.56,311.806
terrain-016834,10,10,4,42.748,2.65971
terrain-016835,10,10,4,86.712,313.978
terrain-016836,10,10,4,42.809,2.67354
terrain-016837,10,10,4,86.303,311.524
terrain-016838,10,10,4,86.458,313.696
terrain-016839,10,10,4,42.735,2.52472
terrain-016840,10,10,4,85.094,299.361
terrain-016841,10,10,4,79.593,398.384
terrain-016842,10,10,4,79.172,386.198
terrain-016843,10,10,4,42.684,2.67344
terrain-016844,10,10,4,78.849,385.715
terrain-016845,10,10,4,79.474,310.543
terrain-016846,10,10,4,93.681,175.98
terrain-016847,10,10,4,93.679,181.806
terrain-016848,10,10,4,42.855,1.69369
terrain-016849,10,10,4,42.918,1.72851
terrain-016850,10,10,4,94.951,184.66
terrain-016851,10,10,4,42.844,1.46921
terrain-016852,10,10,4,86.819,226.273
terrain-016853,10,10,4,87.657,234.23
terrain-016854,10,10,4,42.707,1.69311
terrain-016855,10,10,4,87.65,237.566
terrain-016856,10,10,4,42.766,1.72791
terrain-016857,10,10,4,89.507,245.553
terrain-016858,10,10,4,89.495,249.024
terrain-016859,10,10,4,42.76,1.72849
terrain-016860,10,10,4,89.636,247.301
terrain-016861,10,10,4,83.019,279.963
terrain-016862,10,10,4,82.449,276.746
terrain-016863,10,10,4,42.686,1.72787
terrain-016864,10,10,4,84.281,292.366
terrain-016865,10,10,4,99.668,119.045
terrain-016866,10,10,4,43.042,1.44401
terrain-016867,10,10,4,43.113,1.46924
terrain-016868,10,10,4,68.554,388.952
terrain-016869,10,10,4,90.684,205.281
terrain-016870,10,10,4,90.665,212.235
terrain-016871,10,10,4,43.134,3.19548
terrain-016872,10,10,4,43.195,3.16205
terrain-016873,10,10,4,91.055,210.959
terrain-016874,10,10,4,42.991,2.37066
terrain-016875,10,10,4,83.51,295.231
terrain-016876,10,10,4,84.577,306.14
terrain-016877,10,10,4,42.694,2.6428
terrain-016878,10,10,4,84.766,308.27
terrain-016879,10,10,4,42.756,2.65456
terrain-016880,10,10,4,84.16,304.507
terrain-016881,10,10,4,84.353,306.639
terrain-016882,10,10,4,42.905,3.162
terrain-016883,10,10,4,83.391,294.018
terrain-016884,10,10,4,77.23,389.18
terrain-016885,10,10,4,76.953,377.597
terrain-016886,10,10,4,42.633,2.65446
terrain-016887,10,10,4,76.482,375.101
terrain-016888,10,10,4,71.703,443.383
terrain-016889,10,10,4,86.439,265.433
terrain-016890,10,10,4,87.417,275.026
terrain-016891,10,10,4,42.727,2.13698
terrain-016892,10,10,4,87.48,277.877
terrain-016893,10,10,4,42.786,2.16572
terrain-016894,10,10,4,88.404,282.742
terrain-016895,10,10,4,88.463,285.624
terrain-016896,10,10,4,42.78,2.16618
terrain-016897,10,10,4,88.195,280.328
terrain-016898,10,10,4,81.697,340.266
terrain-016899,10,10,4,81.16,333.001
terrain-016900,10,10,4,42.686,2.16566
terrain-016901,10,10,4,82.1,344.133
terrain-016902,10,10,4,99.614,126.759
terrain-016903,10,10,4,43.132,1.75447
terrain-016904,10,10,4,43.203,1.77378
terrain-016905,10,10,4,77.279,383.153
terrain-016906,10,10,4,93.357,194.888
terrain-016907,10,10,4,93.349,201.426
terrain-016908,10,10,4,42.913,2.13746
terrain-016909,10,10,4,42.978,2.16621
terrain-016910,10,10,4,94.382,203.314
terrain-016911,10,10,4,42.878,1.77375
terrain-016912,10,10,4,81.405,284.426
terrain-016913,10,10,4,82.424,294.904
terrain-016914,10,10,4,42.837,3.20237
terrain-016915,10,10,4,82.628,296.924
terrain-016916,10,10,4,42.899,3.17324
terrain-016917,10,10,4,82.33,293.962
terrain-016918,10,10,4,82.539,296.018
terrain-016919,10,10,4,42.874,3.14443
terrain-016920,10,10,4,81.676,282.98
terrain-016921,10,10,4,74.858,371.199
terrain-016922,10,10,4,74.703,360.712
terrain-016923,10,10,4,42.751,3.1731
terrain-016924,10,10,4,74.616,359.33
terrain-016925,10,10,4,69.354,420.282
terrain-016926,10,10,4,80.405,377.465
terrain-016927,10,10,4,79.938,367.176
terrain-016928,10,10,4,42.685,2.47965
terrain-016929,10,10,4,80.403,374.704
terrain-016930,10,10,4,98.937,129.55
terrain-016931,10,10,4,43.094,1.846
terrain-016932,10,10,4,43.165,1.86152
terrain-016933,10,10,4,75.371,429.091
terrain-016934,10,10,4,92.943,205.029
terrain-016935,10,10,4,92.93,211.953
terrain-016936,10,10,4,42.955,2.45957
terrain-016937,10,10,4,43.021,2.48011
terrain-016938,10,10,4,93.13,210.387
terrain-016939,10,10,4,42.825,1.86147
terrain-016940,10,10,4,85.849,288.259
terrain-016941,10,10,4,86.904,298.839
terrain-016942,10,10,4,42.74,2.4592
terrain-016943,10,10,4,87.026,301.285
terrain-016944,10,10,4,42.8,2.47973
terrain-016945,10,10,4,87.426,303.929
terrain-016946,10,10,4,87.545,306.373
terrain-016947,10,10,4,42.794,2.48007
terrain-016948,10,10,4,86.227,293.251
terrain-016949,10,10,1024,107.757,605.246
terrain-016950,10,10,1024,43.951,65.5812
terrain-016951,10,10,1024,97.611,1715.2
terrain-016952,10,10,1024,107.749,1210.35
terrain-016953,10,10,1024,109.993,1139.41
terrain-016954,10,10,1024,44.016,65.9749
terrain-016955,10,10,1024,44.758,88.6222
terrain-016956,10,10,1024,107.732,2420.15
terrain-016957,10,10,1024,109.267,2157.96
terrain-016958,10,10,1024,43.901,63.4481
terrain-016959,10,10,1024,93.663,1625.65
terrain-016960,10,10,1024,107.803,1183.96
terrain-016961,10,10,1024,43.374,38.5542
terrain-016962,10,10,1024,43.801,52.0404
terrain-016963,10,10,1024,107.77,2366.85
terrain-016964,10,10,1024,113.588,2235.02
terrain-016965,10,10,1024,43.261,37.1569
terrain-016966,10,10,1024,76.313,993.07
terrain-016967,10,10,1024,43.314,38.4194
terrain-016968,10,10,1024,79.408,1025.79
terrain-016969,10,10,1024,105.356,2186.05
terrain-016970,10,10,1024,42.877,21.586
terrain-016971,10,10,1024,63.98,591.785
terrain-016972,10,10,1024,42.935,22.324
terrain-016973,10,10,1024,67.591,603.249
terrain-016974,10,10,1024,42.995,22.3695
terrain-016975,10,10,1024,43.218,30.2809
terrain-016976,10,10,1024,76.336,29667.3
terrain-016977,10,10,1024,42.8,314.196
terrain-016978,10,10,1024,92.868,17130.7
terrain-016979,10,10,1024,42.747,119.455
terrain-016980,10,10,1024,92.378,17661.2
terrain-016981,10,10,1024,42.848,151.855
terrain-016982,10,10,1024,90.301,17860.2
terrain-016983,10,10,1024,42.639,114.403
terrain-016984,10,10,1024,42.69,118.17
terrain-016985,10,10,1024,89.961,14756.7
terrain-016986,10,10,1024,90.125,15654.4
terrain-016987,10,10,1024,42.661,109.21
terrain-016988,10,10,1024,42.714,112.814
terrain-016989,10,10,1024,42.772,113.984
terrain-016990,10,10,1024,86.284,12568.5
terrain-016991,10,10,1024,42.775,112.747
terrain-016992,10,10,1024,42.835,113.916
terrain-016993,10,10,1024,105.966,2181.33
terrain-016994,10,10,1024,43.139,55.7058
terrain-016995,10,10,1024,43.537,80.2666
terrain-016996,10,10,1024,105.936,4360.84
terrain-016997,10,10,1024,109.42,3577.58
terrain-016998,10,10,1024,43.081,57.4296
terrain-016999,10,10,1024,106.01,4486.74
terrain-017000,10,10,1024,70.527,1425.5
terrain-017001,10,10,1024,43.081,55.4248
terrain-017002,10,10,1024,74.146,1561.05
terrain-017003,10,10,1024,106.145,4214.84
terrain-017004,10,10,1024,42.874,40.9244
terrain-017005,10,10,1024,106.069,4332.06
terrain-017006,10,10,1024,63.659,979.093
terrain-017007,10,10,1024,42.877,38.4194
terrain-017008,10,10,1024,68.514,1163.27
terrain-017009,10,10,1024,42.939,38.5542
terrain-017010,10,10,1024,43.252,59.2891
terrain-017011,10,10,1024,102.817,3857.2
terrain-017012,10,10,1024,42.744,26.5889
terrain-017013,10,10,1024,61.57,707.769
terrain-017014,10,10,1024,42.808,27.2329
terrain-017015,10,10,1024,42.918,35.6737
terrain-017016,10,10,1024,42.73,29.1111
terrain-017017,10,10,1024,70.784,26732.9
terrain-017018,10,10,1024,85.278,21224.6
terrain-017019,10,10,1024,86.868,24102.3
terrain-017020,10,10,1024,42.65,170.923
terrain-017021,10,10,1024,86.854,24881.7
terrain-017022,10,10,1024,42.701,176.419
terrain-017023,10,10,1024,42.759,179.298
terrain-017024,10,10,1024,85.547,20131.7
terrain-017025,10,10,1024,85.339,20690.6
terrain-017026,10,10,1024,42.75,176.334
terrain-017027,10,10,1024,42.812,179.211
terrain-017028,10,10,1024,78.552,14232.8
terrain-017029,10,10,1024,42.889,179.039
terrain-017030,10,10,1024,103.41,7343.14
terrain-017031,10,10,1024,42.811,66.9568
terrain-017032,10,10,1024,103.361,7686.06
terrain-017033,10,10,1024,62.273,1519.07
terrain-017034,10,10,1024,42.862,69.2046
terrain-017035,10,10,1024,103.207,7898.77
terrain-017036,10,10,1024,64.481,1596.99
terrain-017037,10,10,1024,42.848,59.6875
terrain-017038,10,10,1024,43.04,82.2043
terrain-017039,10,10,1024,102.843,7146.63
terrain-017040,10,10,1024,42.743,48.9234
terrain-017041,10,10,1024,102.526,7335.9
terrain-017042,10,10,1024,61.534,1203.61
terrain-017043,10,10,1024,42.801,49.1422
terrain-017044,10,10,1024,42.897,61.4282
terrain-017045,10,10,1024,42.744,56.0906
terrain-017046,10,10,1024,96.059,5796.6
terrain-017047,10,10,1024,42.749,39.1488
terrain-017048,10,10,1024,42.85,52.0239
terrain-017049,10,10,1024,42.632,37.1494
terrain-017050,10,10,1024,42.69,39.0098
terrain-017051,10,10,1024,81.919,27803.6
terrain-017052,10,10,1024,81.742,28567.2
terrain-017053,10,10,1024,42.727,245.588
terrain-017054,10,10,1024,42.787,251.201
terrain-017055,10,10,1024,78.54,22312
terrain-017056,10,10,1024,42.837,251.022
terrain-017057,10,10,1024,99.086,11878.1
terrain-017058,10,10,1024,42.734,85.7948
terrain-017059,10,10,1024,98.662,12394.2
terrain-017060,10,10,1024,60.996,1956.96
terrain-017061,10,10,1024,42.792,86.47
terrain-017062,10,10,1024,98.435,12669.3
terrain-017063,10,10,1024,42.866,101.88
terrain-017064,10,10,1024,42.685,85.9732
terrain-017065,10,10,1024,96.896,10791.7
terrain-017066,10,10,1024,42.752,69.6304
terrain-017067,10,10,1024,96.54,11006.1
terrain-017068,10,10,1024,42.85,90.965
terrain-017069,10,10,1024,42.625,65.1437
terrain-017070,10,10,1024,42.678,67.3322
terrain-017071,10,10,1024,89.848,8367.74
terrain-017072,10,10,1024,42.653,63.4153
terrain-017073,10,10,1024,42.711,65.5472
terrain-017074,10,10,1024,42.771,65.9408
terrain-017075,10,10,1024,83.958,15102.8
terrain-017076,10,10,1024,42.827,150.007
terrain-017077,10,10,1024,84.301,15350.4
terrain-017078,10,10,1024,42.94,191.953
terrain-017079,10,10,1024,85.033,16115.9
terrain-017080,10,10,1024,42.718,144.873
terrain-017081,10,10,1024,42.771,149.829
terrain-017082,10,10,1024,79.033,11404
terrain-017083,10,10,1024,82.388,12808.5
terrain-017084,10,10,1024,42.735,134.945
terrain-017085,10,10,1024,42.791,139.556
terrain-017086,10,10,1024,42.849,139.765
terrain-017087,10,10,1024,71.618,7836.97
terrain-017088,10,10,1024,42.927,145.565
terrain-017089,10,10,1024,42.985,145.331
terrain-017090,10,10,1024,66.693,23177.5
terrain-017091,10,10,1024,77.015,17978.7
terrain-017092,10,10,1024,80.533,21046.3
terrain-017093,10,10,1024,42.792,249.239
terrain-017094,10,10,1024,42.846,257.716
terrain-017095,10,10,1024,42.902,258.245
terrain-017096,10,10,1024,77.113,15657.1
terrain-017097,10,10,1024,42.905,251.734
terrain-017098,10,10,1024,42.966,252.414
terrain-017099,10,10,1024,75.559,23825.2
terrain-017100,10,10,1024,75.37,24479.5
terrain-017101,10,10,1024,42.993,437.869
terrain-017102,10,10,1024,43.051,439.394
terrain-017103,10,10,1024,71.17,17049.9
terrain-017104,10,10,1024,43.113,422.758
terrain-017105,10,10,1024,70.631,25286
terrain-017106,10,10,1024,70.785,25573.7
terrain-017107,10,10,1024,43.223,676.726
terrain-017108,10,10,1024,66.67,16919.9
terrain-017109,10,10,1024,105.897,2268.58
terrain-017110,10,10,1024,43.167,58.687
terrain-017111,10,10,1024,43.589,85.318
terrain-017112,10,10,1024,105.836,4533.23
terrain-017113,10,10,1024,116.402,4248.82
terrain-017114,10,10,1024,43.115,60.8662
terrain-017115,10,10,1024,105.897,4599.16
terrain-017116,10,10,1024,71.713,1557.63
terrain-017117,10,10,1024,43.109,58.5269
terrain-017118,10,10,1024,75.228,1674.44
terrain-017119,10,10,1024,103.702,4214.18
terrain-017120,10,10,1024,42.889,42.6399
terrain-017121,10,10,1024,104.339,4323.44
terrain-017122,10,10,1024,64.02,1039.4
terrain-017123,10,10,1024,42.889,39.8846
terrain-017124,10,10,1024,69,1224.71
terrain-017125,10,10,1024,42.951,39.959
terrain-017126,10,10,1024,43.277,61.9996
terrain-017127,10,10,1024,101.106,3835.81
terrain-017128,10,10,1024,42.749,27.283
terrain-017129,10,10,1024,61.597,730.289
terrain-017130,10,10,1024,42.813,27.9269
terrain-017131,10,10,1024,42.922,36.6381
terrain-017132,10,10,1024,42.737,29.9695
terrain-017133,10,10,1024,67.962,28716.9
terrain-017134,10,10,1024,83.34,22673.9
terrain-017135,10,10,1024,85.214,25841.5
terrain-017136,10,10,1024,42.676,205.447
terrain-017137,10,10,1024,85.189,26684.6
terrain-017138,10,10,1024,42.728,212.223
terrain-017139,10,10,1024,42.785,214.344
terrain-017140,10,10,1024,81.506,19951.1
terrain-017141,10,10,1024,81.298,20504.3
terrain-017142,10,10,1024,42.788,212.097
terrain-017143,10,10,1024,42.849,214.216
terrain-017144,10,10,1024,75.859,14094.7
terrain-017145,10,10,1024,42.944,214.003
terrain-017146,10,10,1024,103.067,7845.73
terrain-017147,10,10,1024,42.831,71.675
terrain-017148,10,10,1024,103.052,8022.17
terrain-017149,10,10,1024,62.726,1670.04
terrain-017150,10,10,1024,42.883,74.1092
terrain-017151,10,10,1024,102.911,8144.17
terrain-017152,10,10,1024,64.873,1715.86
terrain-017153,10,10,1024,42.861,63.1233
terrain-017154,10,10,1024,43.061,87.5107
terrain-017155,10,10,1024,100.013,7123.27
terrain-017156,10,10,1024,42.752,51.3244
terrain-017157,10,10,1024,100.285,7300.01
terrain-017158,10,10,1024,61.656,1269.51
terrain-017159,10,10,1024,42.809,51.4476
terrain-017160,10,10,1024,42.906,64.3426
terrain-017161,10,10,1024,42.757,59.364
terrain-017162,10,10,1024,94.151,5748.48
terrain-017163,10,10,1024,42.754,40.5992
terrain-017164,10,10,1024,42.854,54.1006
terrain-017165,10,10,1024,42.636,38.5588
terrain-017166,10,10,1024,42.695,40.5224
terrain-017167,10,10,1024,79.611,30149
terrain-017168,10,10,1024,79.417,30974.6
terrain-017169,10,10,1024,42.775,320.969
terrain-017170,10,10,1024,42.835,325.842
terrain-017171,10,10,1024,74.268,22095.8
terrain-017172,10,10,1024,42.902,325.535
terrain-017173,10,10,1024,98.311,12701.3
terrain-017174,10,10,1024,42.749,93.463
terrain-017175,10,10,1024,97.973,13010.1
terrain-017176,10,10,1024,61.162,2138.52
terrain-017177,10,10,1024,42.806,93.872
terrain-017178,10,10,1024,97.798,13170
terrain-017179,10,10,1024,42.879,110.158
terrain-017180,10,10,1024,42.7,93.911
terrain-017181,10,10,1024,93.664,10714.4
terrain-017182,10,10,1024,42.761,74.3511
terrain-017183,10,10,1024,93.751,10913.1
terrain-017184,10,10,1024,42.86,97.5053
terrain-017185,10,10,1024,42.632,69.601
terrain-017186,10,10,1024,42.686,71.9657
terrain-017187,10,10,1024,87.61,8267.82
terrain-017188,10,10,1024,42.662,67.6353
terrain-017189,10,10,1024,42.721,69.9337
terrain-017190,10,10,1024,42.781,70.1627
terrain-017191,10,10,1024,73.476,32273.9
terrain-017192,10,10,1024,73.365,32478
terrain-017193,10,10,1024,42.871,440.37
terrain-017194,10,10,1024,68.168,21663.3
terrain-017195,10,10,1024,91.515,18332.1
terrain-017196,10,10,1024,42.762,134.058
terrain-017197,10,10,1024,91.158,18651.7
terrain-017198,10,10,1024,42.865,171.011
terrain-017199,10,10,1024,89.258,18794.7
terrain-017200,10,10,1024,42.654,128.902
terrain-017201,10,10,1024,42.706,133.226
terrain-017202,10,10,1024,86.325,14590.4
terrain-017203,10,10,1024,86.924,15544.4
terrain-017204,10,10,1024,42.678,122.345
terrain-017205,10,10,1024,42.732,126.455
terrain-017206,10,10,1024,42.79,127.205
terrain-017207,10,10,1024,83.778,12459
terrain-017208,10,10,1024,42.8,126.382
terrain-017209,10,10,1024,42.86,127.132
terrain-017210,10,10,1024,100.6,7786.13
terrain-017211,10,10,1024,42.845,74.2894
terrain-017212,10,10,1024,101.25,7946.59
terrain-017213,10,10,1024,63.004,1754.72
terrain-017214,10,10,1024,42.897,76.8283
terrain-017215,10,10,1024,101.447,8059.47
terrain-017216,10,10,1024,65.111,1779.46
terrain-017217,10,10,1024,42.87,64.9916
terrain-017218,10,10,1024,43.076,90.4223
terrain-017219,10,10,1024,98.385,7046.49
terrain-017220,10,10,1024,42.758,52.6168
terrain-017221,10,10,1024,98.989,7219.51
terrain-017222,10,10,1024,61.714,1305.24
terrain-017223,10,10,1024,42.816,52.6846
terrain-017224,10,10,1024,42.912,65.9061
terrain-017225,10,10,1024,42.767,61.1504
terrain-017226,10,10,1024,92.484,5615.2
terrain-017227,10,10,1024,42.759,41.3646
terrain-017228,10,10,1024,42.859,55.197
terrain-017229,10,10,1024,42.641,39.3034
terrain-017230,10,10,1024,42.7,41.3227
terrain-017231,10,10,1024,76.844,29287.3
terrain-017232,10,10,1024,76.653,30089.5
terrain-017233,10,10,1024,42.826,379.076
terrain-017234,10,10,1024,76.703,30231
terrain-017235,10,10,1024,42.886,382.618
terrain-017236,10,10,1024,72.752,21727.8
terrain-017237,10,10,1024,71.952,21770.6
terrain-017238,10,10,1024,42.967,382.338
terrain-017239,10,10,1024,66.756,12893.3
terrain-017240,10,10,1024,95.565,12513.7
terrain-017241,10,10,1024,42.761,97.8297
terrain-017242,10,10,1024,95.751,12796.1
terrain-017243,10,10,1024,61.29,2238.22
terrain-017244,10,10,1024,42.818,98.0642
terrain-017245,10,10,1024,95.846,12942
terrain-017246,10,10,1024,42.89,114.812
terrain-017247,10,10,1024,42.713,98.4505
terrain-017248,10,10,1024,91.884,10541.8
terrain-017249,10,10,1024,42.769,76.9626
terrain-017250,10,10,1024,92.214,10734.2
terrain-017251,10,10,1024,42.868,101.141
terrain-017252,10,10,1024,42.639,72.0694
terrain-017253,10,10,1024,42.693,74.5325
terrain-017254,10,10,1024,85.664,7995.08
terrain-017255,10,10,1024,42.671,69.9602
terrain-017256,10,10,1024,42.731,72.3518
terrain-017257,10,10,1024,42.79,72.4805
terrain-017258,10,10,1024,70.795,31315.1
terrain-017259,10,10,1024,70.814,31529.8
terrain-017260,10,10,1024,42.952,550.838
terrain-017261,10,10,1024,66.881,21327.7
terrain-017262,10,10,1024,88.585,17911.5
terrain-017263,10,10,1024,42.776,142.775
terrain-017264,10,10,1024,88.605,18199.2
terrain-017265,10,10,1024,42.881,182.494
terrain-017266,10,10,1024,87.295,18452.9
terrain-017267,10,10,1024,42.668,137.611
terrain-017268,10,10,1024,42.72,142.278
terrain-017269,10,10,1024,84.451,14272.3
terrain-017270,10,10,1024,85.673,15358.2
terrain-017271,10,10,1024,42.693,130.183
terrain-017272,10,10,1024,42.748,134.6
terrain-017273,10,10,1024,42.806,135.045
terrain-017274,10,10,1024,82.064,12063.7
terrain-017275,10,10,1024,42.823,134.506
terrain-017276,10,10,1024,42.883,134.951
terrain-017277,10,10,1024,65.841,27971
terrain-017278,10,10,1024,80.513,22010.2
terrain-017279,10,10,1024,82.668,25203.6
terrain-017280,10,10,1024,42.702,228.495
terrain-017281,10,10,1024,82.626,26023
terrain-017282,10,10,1024,42.754,236.158
terrain-017283,10,10,1024,42.811,237.53
terrain-017284,10,10,1024,79.997,19645.1
terrain-017285,10,10,1024,79.781,20187.2
terrain-017286,10,10,1024,42.822,236.057
terrain-017287,10,10,1024,42.884,237.428
terrain-017288,10,10,1024,74.254,13602.6
terrain-017289,10,10,1024,42.993,237.131
terrain-017290,10,10,1024,93.827,12108.9
terrain-017291,10,10,1024,42.775,100.165
terrain-017292,10,10,1024,94.284,12374.2
terrain-017293,10,10,1024,61.418,2286.6
terrain-017294,10,10,1024,42.832,100.299
terrain-017295,10,10,1024,94.52,12511.1
terrain-017296,10,10,1024,42.903,117.276
terrain-017297,10,10,1024,42.727,100.885
terrain-017298,10,10,1024,89.495,9962.83
terrain-017299,10,10,1024,42.781,78.327
terrain-017300,10,10,1024,89.89,10134.9
terrain-017301,10,10,1024,42.88,103.029
terrain-017302,10,10,1024,42.649,73.3595
terrain-017303,10,10,1024,42.704,75.8747
terrain-017304,10,10,1024,82.808,7279.72
terrain-017305,10,10,1024,42.674,70.4953
terrain-017306,10,10,1024,42.733,72.9094
terrain-017307,10,10,1024,42.793,73.0059
terrain-017308,10,10,1024,70.622,29595.7
terrain-017309,10,10,1024,70.711,29838.9
terrain-017310,10,10,1024,43.058,629.655
terrain-017311,10,10,1024,66.301,19737.5
terrain-017312,10,10,1024,86.903,17096.3
terrain-017313,10,10,1024,42.795,147.562
terrain-017314,10,10,1024,87.117,17359.2
terrain-017315,10,10,1024,42.902,188.8
terrain-017316,10,10,1024,86.618,17824.9
terrain-017317,10,10,1024,42.686,142.414
terrain-017318,10,10,1024,42.739,147.271
terrain-017319,10,10,1024,82.008,13232.7
terrain-017320,10,10,1024,84.063,14467.8
terrain-017321,10,10,1024,42.714,134.454
terrain-017322,10,10,1024,42.769,139.042
terrain-017323,10,10,1024,42.827,139.303
terrain-017324,10,10,1024,79.814,10843.3
terrain-017325,10,10,1024,42.83,136.446
terrain-017326,10,10,1024,42.89,136.784
terrain-017327,10,10,1024,65.992,26631.5
terrain-017328,10,10,1024,79.191,20793.8
terrain-017329,10,10,1024,81.98,24048.2
terrain-017330,10,10,1024,42.735,242.051
terrain-017331,10,10,1024,81.924,24823.6
terrain-017332,10,10,1024,42.789,250.241
terrain-017333,10,10,1024,42.845,251.082
terrain-017334,10,10,1024,78.409,18213.2
terrain-017335,10,10,1024,78.195,18714.9
terrain-017336,10,10,1024,42.865,250.067
terrain-017337,10,10,1024,42.926,250.911
terrain-017338,10,10,1024,72.527,12106.7
terrain-017339,10,10,1024,43.007,242.849
terrain-017340,10,10,1024,76.367,27739.6
terrain-017341,10,10,1024,76.17,28498.4
terrain-017342,10,10,1024,42.89,416.72
terrain-017343,10,10,1024,76.296,28672.8
terrain-017344,10,10,1024,42.95,419.054
terrain-017345,10,10,1024,71.621,20032.3
terrain-017346,10,10,1024,70.965,20116.4
terrain-017347,10,10,1024,43.046,418.557
terrain-017348,10,10,1024,65.85,11576.6
terrain-017349,11,11,4,85.679,208.271
terrain-017350,11,11,4,85.086,208.408
terrain-017351,11,11,4,42.802,1.23047
terrain-017352,11,11,4,88.114,225.771
terrain-017353,11,11,4,101.031,106.636
terrain-017354,11,11,4,43.053,1.0666
terrain-017355,11,11,4,43.123,1.09373
terrain-017356,11,11,4,43.059,0.983857
terrain-017357,11,11,4,83.059,227.031
terrain-017358,11,11,4,95.231,147.84
terrain-017359,11,11,4,95.237,152.637
terrain-017360,11,11,4,42.904,1.19679
terrain-017361,11,11,4,42.968,1.23106
terrain-017362,11,11,4,97.13,157.094
terrain-017363,11,11,4,42.919,1.09372
terrain-017364,11,11,4,88.401,175.878
terrain-017365,11,11,4,89.073,181.839
terrain-017366,11,11,4,42.8,1.19624
terrain-017367,11,11,4,42.86,1.23049
terrain-017368,11,11,4,92.067,195.186
terrain-017369,11,11,4,42.854,1.23105
terrain-017370,11,11,4,43.434,1.06669
terrain-017371,11,11,4,43.521,1.09383
terrain-017372,11,11,4,74.039,354.003
terrain-017373,11,11,4,73.965,344.766
terrain-017374,11,11,4,42.847,3.15165
terrain-017375,11,11,4,73.595,338.439
terrain-017376,11,11,4,68.609,398.793
terrain-017377,11,11,4,99.499,130.827
terrain-017378,11,11,4,99.486,135.287
terrain-017379,11,11,4,43.528,2.40071
terrain-017380,11,11,4,43.589,2.37679
terrain-017381,11,11,4,98.996,133.089
terrain-017382,11,11,4,43.358,1.89628
terrain-017383,11,11,4,74.772,455.265
terrain-017384,11,11,4,93.133,208.548
terrain-017385,11,11,4,93.118,215.614
terrain-017386,11,11,4,43.02,2.50815
terrain-017387,11,11,4,43.087,2.52475
terrain-017388,11,11,4,93.272,213.686
terrain-017389,11,11,4,43.147,2.37673
terrain-017390,11,11,4,86.224,300.665
terrain-017391,11,11,4,87.339,311.793
terrain-017392,11,11,4,42.865,2.65971
terrain-017393,11,11,4,87.494,313.966
terrain-017394,11,11,4,42.927,2.67354
terrain-017395,11,11,4,87.079,311.512
terrain-017396,11,11,4,87.236,313.683
terrain-017397,11,11,4,42.853,2.52472
terrain-017398,11,11,4,85.852,299.35
terrain-017399,11,11,4,80.266,398.363
terrain-017400,11,11,4,79.839,386.179
terrain-017401,11,11,4,42.801,2.67344
terrain-017402,11,11,4,79.512,385.696
terrain-017403,11,11,4,80.142,310.496
terrain-017404,11,11,4,94.565,175.964
terrain-017405,11,11,4,94.563,181.79
terrain-017406,11,11,4,42.974,1.69369
terrain-017407,11,11,4,43.038,1.72851
terrain-017408,11,11,4,95.854,184.643
terrain-017409,11,11,4,42.963,1.46921
terrain-017410,11,11,4,87.599,226.246
terrain-017411,11,11,4,88.45,234.202
terrain-017412,11,11,4,42.824,1.69311
terrain-017413,11,11,4,88.442,237.538
terrain-017414,11,11,4,42.883,1.72791
terrain-017415,11,11,4,90.327,245.523
terrain-017416,11,11,4,90.315,248.993
terrain-017417,11,11,4,42.878,1.72849
terrain-017418,11,11,4,90.458,247.271
terrain-017419,11,11,4,43.682,1.44409
terrain-017420,11,11,4,43.772,1.46932
terrain-017421,11,11,4,83.741,279.924
terrain-017422,11,11,4,83.162,276.708
terrain-017423,11,11,4,42.802,1.72787
terrain-017424,11,11,4,85.021,292.324
terrain-017425,11,11,4,100.645,119.038
terrain-017426,11,11,4,43.164,1.44401
terrain-017427,11,11,4,43.236,1.46924
terrain-017428,11,11,4,43.139,1.2775
terrain-017429,11,11,4,69.062,388.942
terrain-017430,11,11,4,91.527,205.277
terrain-017431,11,11,4,91.507,212.23
terrain-017432,11,11,4,43.257,3.19547
terrain-017433,11,11,4,43.319,3.16205
terrain-017434,11,11,4,91.903,210.955
terrain-017435,11,11,4,43.112,2.37066
terrain-017436,11,11,4,84.243,295.222
terrain-017437,11,11,4,85.327,306.131
terrain-017438,11,11,4,42.811,2.6428
terrain-017439,11,11,4,85.519,308.261
terrain-017440,11,11,4,42.874,2.65456
terrain-017441,11,11,4,84.904,304.497
terrain-017442,11,11,4,85.099,306.629
terrain-017443,11,11,4,43.025,3.162
terrain-017444,11,11,4,84.123,294.01
terrain-017445,11,11,4,77.868,389.164
terrain-017446,11,11,4,77.587,377.582
terrain-017447,11,11,4,42.749,2.65446
terrain-017448,11,11,4,77.109,375.086
terrain-017449,11,11,4,72.258,443.363
terrain-017450,11,11,4,87.215,265.411
terrain-017451,11,11,4,88.207,275.004
terrain-017452,11,11,4,42.845,2.13698
terrain-017453,11,11,4,88.272,277.855
terrain-017454,11,11,4,42.904,2.16572
terrain-017455,11,11,4,89.209,282.718
terrain-017456,11,11,4,89.269,285.601
terrain-017457,11,11,4,42.898,2.16618
terrain-017458,11,11,4,88.997,280.305
terrain-017459,11,11,4,104.883,74.4541
terrain-017460,11,11,4,43.696,1.60422
terrain-017461,11,11,4,43.786,1.62588
terrain-017462,11,11,4,82.4,340.232
terrain-017463,11,11,4,81.856,332.969
terrain-017464,11,11,4,42.802,2.16566
terrain-017465,11,11,4,82.81,344.099
terrain-017466,11,11,4,100.59,126.754
terrain-017467,11,11,4,43.256,1.75447
terrain-017468,11,11,4,43.327,1.77378
terrain-017469,11,11,4,43.094,1.39423
terrain-017470,11,11,4,77.915,383.111
terrain-017471,11,11,4,94.238,194.876
terrain-017472,11,11,4,94.23,201.414
terrain-017473,11,11,4,43.033,2.13746
terrain-017474,11,11,4,43.099,2.16621
terrain-017475,11,11,4,95.278,203.302
terrain-017476,11,11,4,42.998,1.77375
terrain-017477,11,11,4,82.107,284.417
terrain-017478,11,11,4,83.142,294.895
terrain-017479,11,11,4,42.956,3.20237
terrain-017480,11,11,4,83.349,296.915
terrain-017481,11,11,4,43.019,3.17324
terrain-017482,11,11,4,83.046,293.955
terrain-017483,11,11,4,83.259,296.011
terrain-017484,11,11,4,42.993,3.14443
terrain-017485,11,11,4,82.382,282.974
terrain-017486,11,11,4,75.461,371.185
terrain-017487,11,11,4,75.303,360.699
terrain-017488,11,11,4,42.869,3.1731
terrain-017489,11,11,4,75.215,359.32
terrain-017490,11,11,4,69.873,420.264
terrain-017491,11,11,4,104.459,75.3036
terrain-017492,11,11,4,44.42,2.38343
terrain-017493,11,11,4,44.476,2.35009
terrain-017494,11,11,4,81.09,377.439
terrain-017495,11,11,4,80.616,367.152
terrain-017496,11,11,4,42.801,2.47965
terrain-017497,11,11,4,81.088,374.68
terrain-017498,11,11,4,99.904,129.547
terrain-017499,11,11,4,99.893,133.954
terrain-017500,11,11,4,43.217,1.846
terrain-017501,11,11,4,43.289,1.86152
terrain-017502,11,11,4,99.817,132.847
terrain-017503,11,11,4,43.401,1.89499
terrain-017504,11,11,4,75.98,429.059
terrain-017505,11,11,4,93.819,205.021
terrain-017506,11,11,4,93.806,211.945
terrain-017507,11,11,4,43.076,2.45957
terrain-017508,11,11,4,43.143,2.48011
terrain-017509,11,11,4,94.009,210.379
terrain-017510,11,11,4,42.943,1.86147
terrain-017511,11,11,4,86.617,288.244
terrain-017512,11,11,4,87.688,298.823
terrain-017513,11,11,4,42.858,2.4592
terrain-017514,11,11,4,87.812,301.269
terrain-017515,11,11,4,42.918,2.47973
terrain-017516,11,11,4,88.217,303.912
terrain-017517,11,11,4,88.339,306.356
terrain-017518,11,11,4,42.912,2.48007
terrain-017519,11,11,4,87,293.236
terrain-017520,11,11,1024,108.859,605.241
terrain-017521,11,11,1024,44.087,65.5812
terrain-017522,11,11,1024,98.56,1715.2
terrain-017523,11,11,1024,108.851,1210.34
terrain-017524,11,11,1024,111.129,1139.41
terrain-017525,11,11,1024,44.152,65.9749
terrain-017526,11,11,1024,44.905,88.6222
terrain-017527,11,11,1024,108.834,2420.12
terrain-017528,11,11,1024,110.393,2157.96
terrain-017529,11,11,1024,44.036,63.4481
terrain-017530,11,11,1024,94.552,1625.65
terrain-017531,11,11,1024,108.906,1183.96
terrain-017532,11,11,1024,43.501,38.5542
terrain-017533,11,11,1024,43.935,52.0404
terrain-017534,11,11,1024,108.873,2366.85
terrain-017535,11,11,1024,114.778,2235.02
terrain-017536,11,11,1024,43.386,37.1569
terrain-017537,11,11,1024,76.939,993.07
terrain-017538,11,11,1024,43.44,38.4194
terrain-017539,11,11,1024,80.081,1025.79
terrain-017540,11,11,1024,106.422,2186.05
terrain-017541,11,11,1024,42.997,21.586
terrain-017542,11,11,1024,64.419,591.785
terrain-017543,11,11,1024,43.055,22.324
terrain-017544,11,11,1024,68.085,603.249
terrain-017545,11,11,1024,43.116,22.3695
terrain-017546,11,11,1024,43.342,30.2809
terrain-017547,11,11,1024,42.857,14.2954
terrain-017548,11,11,1024,42.925,14.3141
terrain-017549,11,11,1024,42.784,13.8215
terrain-017550,11,11,1024,76.959,29664.1
terrain-017551,11,11,1024,76.74,29955.8
terrain-017552,11,11,1024,42.918,314.196
terrain-017553,11,11,1024,72.657,21867
terrain-017554,11,11,1024,93.742,17129.6
terrain-017555,11,11,1024,42.865,119.455
terrain-017556,11,11,1024,93.244,17660.1
terrain-017557,11,11,1024,42.967,151.855
terrain-017558,11,11,1024,91.135,17859
terrain-017559,11,11,1024,42.754,114.403
terrain-017560,11,11,1024,42.807,118.17
terrain-017561,11,11,1024,90.793,14756.7
terrain-017562,11,11,1024,90.961,15654.4
terrain-017563,11,11,1024,42.777,109.21
terrain-017564,11,11,1024,42.831,112.814
terrain-017565,11,11,1024,42.89,113.984
terrain-017566,11,11,1024,87.061,12568.5
terrain-017567,11,11,1024,42.892,112.747
terrain-017568,11,11,1024,42.953,113.916
terrain-017569,11,11,1024,43.038,113.79
terrain-017570,11,11,1024,107.04,2181.29
terrain-017571,11,11,1024,43.263,55.7058
terrain-017572,11,11,1024,43.666,80.2666
terrain-017573,11,11,1024,107.01,4360.77
terrain-017574,11,11,1024,110.548,3577.58
terrain-017575,11,11,1024,43.203,57.4296
terrain-017576,11,11,1024,107.085,4486.66
terrain-017577,11,11,1024,71.065,1425.5
terrain-017578,11,11,1024,43.203,55.4248
terrain-017579,11,11,1024,74.739,1561.05
terrain-017580,11,11,1024,107.223,4214.84
terrain-017581,11,11,1024,42.993,40.9244
terrain-017582,11,11,1024,107.146,4332.06
terrain-017583,11,11,1024,64.094,979.093
terrain-017584,11,11,1024,42.997,38.4194
terrain-017585,11,11,1024,69.022,1163.27
terrain-017586,11,11,1024,43.059,38.5542
terrain-017587,11,11,1024,43.377,59.2891
terrain-017588,11,11,1024,103.845,3857.2
terrain-017589,11,11,1024,42.862,26.5889
terrain-017590,11,11,1024,61.972,707.769
terrain-017591,11,11,1024,42.926,27.2329
terrain-017592,11,11,1024,43.038,35.6737
terrain-017593,11,11,1024,42.848,29.1111
terrain-017594,11,11,1024,42.861,20.7013
terrain-017595,11,11,1024,42.734,20.8385
terrain-017596,11,11,1024,42.793,20.6624
terrain-017597,11,11,1024,71.323,26730.4
terrain-017598,11,11,1024,86.036,21222.9
terrain-017599,11,11,1024,87.65,24100.1
terrain-017600,11,11,1024,42.766,170.923
terrain-017601,11,11,1024,87.635,24879.5
terrain-017602,11,11,1024,42.818,176.419
terrain-017603,11,11,1024,42.876,179.298
terrain-017604,11,11,1024,86.312,20131.7
terrain-017605,11,11,1024,86.102,20690.6
terrain-017606,11,11,1024,42.867,176.334
terrain-017607,11,11,1024,42.93,179.211
terrain-017608,11,11,1024,79.211,14232.8
terrain-017609,11,11,1024,43.009,179.039
terrain-017610,11,11,1024,104.444,7342.94
terrain-017611,11,11,1024,42.929,66.9568
terrain-017612,11,11,1024,104.395,7685.84
terrain-017613,11,11,1024,62.686,1519.07
terrain-017614,11,11,1024,42.981,69.2046
terrain-017615,11,11,1024,104.238,7898.53
terrain-017616,11,11,1024,64.928,1596.99
terrain-017617,11,11,1024,42.967,59.6875
terrain-017618,11,11,1024,43.162,82.2043
terrain-017619,11,11,1024,103.871,7146.62
terrain-017620,11,11,1024,42.86,48.9234
terrain-017621,11,11,1024,103.548,7335.9
terrain-017622,11,11,1024,61.936,1203.61
terrain-017623,11,11,1024,42.919,49.1422
terrain-017624,11,11,1024,43.017,61.4282
terrain-017625,11,11,1024,42.861,56.0906
terrain-017626,11,11,1024,96.984,5796.6
terrain-017627,11,11,1024,42.867,39.1488
terrain-017628,11,11,1024,42.968,52.0239
terrain-017629,11,11,1024,42.748,37.1494
terrain-017630,11,11,1024,42.806,39.0098
terrain-017631,11,11,1024,42.751,34.9895
terrain-017632,11,11,1024,42.824,36.7092
terrain-017633,11,11,1024,42.892,36.8324
terrain-017634,11,11,1024,82.625,27800.7
terrain-017635,11,11,1024,82.446,28564.2
terrain-017636,11,11,1024,42.844,245.588
terrain-017637,11,11,1024,42.905,251.201
terrain-017638,11,11,1024,79.201,22311.9
terrain-017639,11,11,1024,42.956,251.022
terrain-017640,11,11,1024,100.055,11877.6
terrain-017641,11,11,1024,42.852,85.7948
terrain-017642,11,11,1024,99.623,12393.6
terrain-017643,11,11,1024,61.39,1956.96
terrain-017644,11,11,1024,42.91,86.47
terrain-017645,11,11,1024,99.394,12668.7
terrain-017646,11,11,1024,42.986,101.88
terrain-017647,11,11,1024,42.801,85.9732
terrain-017648,11,11,1024,97.832,10791.7
terrain-017649,11,11,1024,42.87,69.6304
terrain-017650,11,11,1024,97.474,11006.1
terrain-017651,11,11,1024,42.969,90.965
terrain-017652,11,11,1024,42.74,65.1437
terrain-017653,11,11,1024,42.794,67.3322
terrain-017654,11,11,1024,90.679,8367.74
terrain-017655,11,11,1024,42.769,63.4153
terrain-017656,11,11,1024,42.828,65.5472
terrain-017657,11,11,1024,42.888,65.9408
terrain-017658,11,11,1024,42.889,65.505
terrain-017659,11,11,1024,42.957,65.8983
terrain-017660,11,11,1024,84.701,15102.7
terrain-017661,11,11,1024,42.946,150.007
terrain-017662,11,11,1024,85.049,15350.4
terrain-017663,11,11,1024,43.06,191.953
terrain-017664,11,11,1024,85.791,16115.9
terrain-017665,11,11,1024,42.835,144.873
terrain-017666,11,11,1024,42.889,149.829
terrain-017667,11,11,1024,79.701,11403.9
terrain-017668,11,11,1024,83.107,12808.5
terrain-017669,11,11,1024,42.852,134.945
terrain-017670,11,11,1024,42.909,139.556
terrain-017671,11,11,1024,42.968,139.765
terrain-017672,11,11,1024,72.173,7836.97
terrain-017673,11,11,1024,43.047,145.565
terrain-017674,11,11,1024,43.106,145.331
terrain-017675,11,11,1024,67.173,23177.4
terrain-017676,11,11,1024,77.651,17978.7
terrain-017677,11,11,1024,81.223,21046.2
terrain-017678,11,11,1024,42.91,249.239
terrain-017679,11,11,1024,81.149,21714
terrain-017680,11,11,1024,42.965,257.716
terrain-017681,11,11,1024,43.021,258.245
terrain-017682,11,11,1024,77.751,15657
terrain-017683,11,11,1024,77.535,16087
terrain-017684,11,11,1024,43.024,251.734
terrain-017685,11,11,1024,43.086,252.414
terrain-017686,11,11,1024,66.451,8549.78
terrain-017687,11,11,1024,43.323,271.163
terrain-017688,11,11,1024,76.174,23825.2
terrain-017689,11,11,1024,75.982,24479.4
terrain-017690,11,11,1024,43.114,437.869
terrain-017691,11,11,1024,43.173,439.394
terrain-017692,11,11,1024,71.718,17049.9
terrain-017693,11,11,1024,43.236,422.758
terrain-017694,11,11,1024,71.17,25286
terrain-017695,11,11,1024,71.327,25573.6
terrain-017696,11,11,1024,43.347,676.726
terrain-017697,11,11,1024,67.15,16919.9
terrain-017698,11,11,1024,106.971,2268.58
terrain-017699,11,11,1024,43.291,58.687
terrain-017700,11,11,1024,43.719,85.318
terrain-017701,11,11,1024,106.91,4533.22
terrain-017702,11,11,1024,117.636,4248.82
terrain-017703,11,11,1024,43.238,60.8662
terrain-017704,11,11,1024,106.972,4599.16
terrain-017705,11,11,1024,72.269,1557.63
terrain-017706,11,11,1024,43.232,58.5269
terrain-017707,11,11,1024,75.838,1674.44
terrain-017708,11,11,1024,104.743,4214.18
terrain-017709,11,11,1024,43.008,42.6399
terrain-017710,11,11,1024,105.389,4323.44
terrain-017711,11,11,1024,64.459,1039.4
terrain-017712,11,11,1024,43.009,39.8846
terrain-017713,11,11,1024,69.515,1224.71
terrain-017714,11,11,1024,43.071,39.959
terrain-017715,11,11,1024,43.403,61.9996
terrain-017716,11,11,1024,102.108,3835.81
terrain-017717,11,11,1024,42.867,27.283
terrain-017718,11,11,1024,62,730.289
terrain-017719,11,11,1024,42.931,27.9269
terrain-017720,11,11,1024,43.042,36.6381
terrain-017721,11,11,1024,42.854,29.9695
terrain-017722,11,11,1024,42.864,21.0996
terrain-017723,11,11,1024,42.737,21.2743
terrain-017724,11,11,1024,42.796,21.0787
terrain-017725,11,11,1024,68.462,28716.9
terrain-017726,11,11,1024,84.072,22673.8
terrain-017727,11,11,1024,85.976,25841.4
terrain-017728,11,11,1024,42.793,205.447
terrain-017729,11,11,1024,85.95,26684.6
terrain-017730,11,11,1024,42.845,212.223
terrain-017731,11,11,1024,42.903,214.344
terrain-017732,11,11,1024,82.211,19951
terrain-017733,11,11,1024,82,20504.3
terrain-017734,11,11,1024,42.906,212.097
terrain-017735,11,11,1024,42.968,214.216
terrain-017736,11,11,1024,76.478,14094.7
terrain-017737,11,11,1024,43.064,214.003
terrain-017738,11,11,1024,104.098,7845.73
terrain-017739,11,11,1024,42.95,71.675
terrain-017740,11,11,1024,104.084,8022.17
terrain-017741,11,11,1024,63.146,1670.04
terrain-017742,11,11,1024,43.002,74.1092
terrain-017743,11,11,1024,103.94,8144.17
terrain-017744,11,11,1024,65.326,1715.86
terrain-017745,11,11,1024,42.98,63.1233
terrain-017746,11,11,1024,43.183,87.5107
terrain-017747,11,11,1024,100.998,7123.27
terrain-017748,11,11,1024,42.869,51.3244
terrain-017749,11,11,1024,101.275,7300.01
terrain-017750,11,11,1024,62.06,1269.51
terrain-017751,11,11,1024,42.928,51.4476
terrain-017752,11,11,1024,43.026,64.3426
terrain-017753,11,11,1024,42.875,59.364
terrain-017754,11,11,1024,95.049,5748.47
terrain-017755,11,11,1024,42.872,40.5992
terrain-017756,11,11,1024,42.973,54.1006
terrain-017757,11,11,1024,42.752,38.5588
terrain-017758,11,11,1024,42.811,40.5224
terrain-017759,11,11,1024,42.756,36.2357
terrain-017760,11,11,1024,42.831,38.0444
terrain-017761,11,11,1024,42.899,38.1122
terrain-017762,11,11,1024,80.286,30148.9
terrain-017763,11,11,1024,80.091,30974.5
terrain-017764,11,11,1024,42.893,320.969
terrain-017765,11,11,1024,80.008,31102.5
terrain-017766,11,11,1024,42.954,325.842
terrain-017767,11,11,1024,74.864,22095.8
terrain-017768,11,11,1024,73.926,22120.3
terrain-017769,11,11,1024,43.022,325.535
terrain-017770,11,11,1024,68.427,13317.6
terrain-017771,11,11,1024,99.271,12701.3
terrain-017772,11,11,1024,42.867,93.463
terrain-017773,11,11,1024,98.927,13010.1
terrain-017774,11,11,1024,61.559,2138.52
terrain-017775,11,11,1024,42.924,93.872
terrain-017776,11,11,1024,98.75,13170
terrain-017777,11,11,1024,42.998,110.158
terrain-017778,11,11,1024,42.817,93.911
terrain-017779,11,11,1024,94.553,10714.4
terrain-017780,11,11,1024,42.879,74.3511
terrain-017781,11,11,1024,94.64,10913.1
terrain-017782,11,11,1024,42.979,97.5053
terrain-017783,11,11,1024,42.748,69.601
terrain-017784,11,11,1024,42.802,71.9657
terrain-017785,11,11,1024,88.408,8267.81
terrain-017786,11,11,1024,42.778,67.6353
terrain-017787,11,11,1024,42.838,69.9337
terrain-017788,11,11,1024,42.899,70.1627
terrain-017789,11,11,1024,42.906,69.8814
terrain-017790,11,11,1024,42.973,70.1106
terrain-017791,11,11,1024,74.057,32273.8
terrain-017792,11,11,1024,73.946,32478
terrain-017793,11,11,1024,42.99,440.37
terrain-017794,11,11,1024,68.67,21663.2
terrain-017795,11,11,1024,92.371,18332.1
terrain-017796,11,11,1024,42.88,134.058
terrain-017797,11,11,1024,92.009,18651.7
terrain-017798,11,11,1024,42.984,171.011
terrain-017799,11,11,1024,90.08,18794.7
terrain-017800,11,11,1024,42.77,128.902
terrain-017801,11,11,1024,42.822,133.226
terrain-017802,11,11,1024,87.103,14590.3
terrain-017803,11,11,1024,87.71,15544.4
terrain-017804,11,11,1024,42.794,122.345
terrain-017805,11,11,1024,42.849,126.455
terrain-017806,11,11,1024,42.908,127.205
terrain-017807,11,11,1024,84.517,12459
terrain-017808,11,11,1024,42.919,126.382
terrain-017809,11,11,1024,42.98,127.132
terrain-017810,11,11,1024,73.579,13462.7
terrain-017811,11,11,1024,42.994,247.963
terrain-017812,11,11,1024,43.05,256.401
terrain-017813,11,11,1024,43.105,256.874
terrain-017814,11,11,1024,73.499,17369.9
terrain-017815,11,11,1024,43.256,434.089
terrain-017816,11,11,1024,43.314,435.441
terrain-017817,11,11,1024,69.842,18283.3
terrain-017818,11,11,1024,43.56,667.397
terrain-017819,11,11,1024,101.593,7786.12
terrain-017820,11,11,1024,42.964,74.2894
terrain-017821,11,11,1024,102.253,7946.59
terrain-017822,11,11,1024,63.428,1754.71
terrain-017823,11,11,1024,43.017,76.8283
terrain-017824,11,11,1024,102.454,8059.46
terrain-017825,11,11,1024,65.567,1779.46
terrain-017826,11,11,1024,42.989,64.9916
terrain-017827,11,11,1024,43.198,90.4223
terrain-017828,11,11,1024,99.346,7046.49
terrain-017829,11,11,1024,42.876,52.6168
terrain-017830,11,11,1024,99.959,7219.51
terrain-017831,11,11,1024,62.118,1305.24
terrain-017832,11,11,1024,42.934,52.6846
terrain-017833,11,11,1024,43.032,65.9061
terrain-017834,11,11,1024,42.884,61.1504
terrain-017835,11,11,1024,93.354,5615.19
terrain-017836,11,11,1024,42.877,41.3646
terrain-017837,11,11,1024,42.978,55.197
terrain-017838,11,11,1024,42.756,39.3034
terrain-017839,11,11,1024,42.816,41.3227
terrain-017840,11,11,1024,77.478,29287.2
terrain-017841,11,11,1024,77.283,30089.5
terrain-017842,11,11,1024,42.945,379.076
terrain-017843,11,11,1024,77.335,30230.9
terrain-017844,11,11,1024,43.005,382.618
terrain-017845,11,11,1024,73.324,21727.8
terrain-017846,11,11,1024,72.512,21770.6
terrain-017847,11,11,1024,43.088,382.338
terrain-017848,11,11,1024,67.237,12893.3
terrain-017849,11,11,1024,96.483,12513.6
terrain-017850,11,11,1024,42.879,97.8297
terrain-017851,11,11,1024,96.671,12796
terrain-017852,11,11,1024,61.688,2238.22
terrain-017853,11,11,1024,42.936,98.0642
terrain-017854,11,11,1024,96.768,12942
terrain-017855,11,11,1024,43.009,114.812
terrain-017856,11,11,1024,42.829,98.4505
terrain-017857,11,11,1024,92.746,10541.8
terrain-017858,11,11,1024,42.887,76.9626
terrain-017859,11,11,1024,93.08,10734.2
terrain-017860,11,11,1024,42.987,101.141
terrain-017861,11,11,1024,42.754,72.0694
terrain-017862,11,11,1024,42.81,74.5325
terrain-017863,11,11,1024,86.433,7995.08
terrain-017864,11,11,1024,42.787,69.9602
terrain-017865,11,11,1024,42.848,72.3518
terrain-017866,11,11,1024,42.908,72.4805
terrain-017867,11,11,1024,71.338,31315
terrain-017868,11,11,1024,71.356,31529.8
terrain-017869,11,11,1024,43.073,550.838
terrain-017870,11,11,1024,67.364,21327.7
terrain-017871,11,11,1024,89.396,17911.5
terrain-017872,11,11,1024,42.894,142.775
terrain-017873,11,11,1024,89.417,18199.1
terrain-017874,11,11,1024,43,182.494
terrain-017875,11,11,1024,88.086,18452.9
terrain-017876,11,11,1024,42.784,137.611
terrain-017877,11,11,1024,42.837,142.278
terrain-017878,11,11,1024,85.2,14272.3
terrain-017879,11,11,1024,86.441,15358.2
terrain-017880,11,11,1024,42.81,130.183
terrain-017881,11,11,1024,42.866,134.6
terrain-017882,11,11,1024,42.924,135.045
terrain-017883,11,11,1024,82.777,12063.7
terrain-017884,11,11,1024,42.942,134.506
terrain-017885,11,11,1024,43.003,134.951
terrain-017886,11,11,1024,66.309,27970.9
terrain-017887,11,11,1024,81.202,22010.1
terrain-017888,11,11,1024,83.39,25203.6
terrain-017889,11,11,1024,42.819,228.495
terrain-017890,11,11,1024,83.348,26022.9
terrain-017891,11,11,1024,42.872,236.158
terrain-017892,11,11,1024,42.929,237.53
terrain-017893,11,11,1024,80.679,19645.1
terrain-017894,11,11,1024,80.459,20187.1
terrain-017895,11,11,1024,42.941,236.057
terrain-017896,11,11,1024,43.003,237.428
terrain-017897,11,11,1024,74.848,13602.6
terrain-017898,11,11,1024,43.114,237.131
terrain-017899,11,11,1024,94.718,12108.9
terrain-017900,11,11,1024,42.893,100.165
terrain-017901,11,11,1024,95.183,12374.1
terrain-017902,11,11,1024,61.818,2286.6
terrain-017903,11,11,1024,42.95,100.299
terrain-017904,11,11,1024,95.422,12511.1
terrain-017905,11,11,1024,43.023,117.276
terrain-017906,11,11,1024,42.844,100.885
terrain-017907,11,11,1024,90.321,9962.82
terrain-017908,11,11,1024,42.899,78.327
terrain-017909,11,11,1024,90.722,10134.9
terrain-017910,11,11,1024,43,103.029
terrain-017911,11,11,1024,42.765,73.3595
terrain-017912,11,11,1024,42.82,75.8747
terrain-017913,11,11,1024,83.532,7279.71
terrain-017914,11,11,1024,42.79,70.4953
terrain-017915,11,11,1024,42.851,72.9094
terrain-017916,11,11,1024,42.911,73.0058
terrain-017917,11,11,1024,71.161,29595.6
terrain-017918,11,11,1024,71.252,29838.8
terrain-017919,11,11,1024,43.18,629.655
terrain-017920,11,11,1024,66.775,19737.5
terrain-017921,11,11,1024,87.689,17096.3
terrain-017922,11,11,1024,42.913,147.562
terrain-017923,11,11,1024,87.907,17359.1
terrain-017924,11,11,1024,43.021,188.8
terrain-017925,11,11,1024,87.399,17824.9
terrain-017926,11,11,1024,42.803,142.414
terrain-017927,11,11,1024,42.856,147.271
terrain-017928,11,11,1024,82.721,13232.7
terrain-017929,11,11,1024,84.807,14467.8
terrain-017930,11,11,1024,42.831,134.454
terrain-017931,11,11,1024,42.887,139.042
terrain-017932,11,11,1024,42.946,139.303
terrain-017933,11,11,1024,80.493,10843.3
terrain-017934,11,11,1024,42.949,136.446
terrain-017935,11,11,1024,43.01,136.784
terrain-017936,11,11,1024,66.462,26631.4
terrain-017937,11,11,1024,79.861,20793.7
terrain-017938,11,11,1024,82.691,24048.2
terrain-017939,11,11,1024,42.853,242.051
terrain-017940,11,11,1024,82.634,24823.5
terrain-017941,11,11,1024,42.907,250.241
terrain-017942,11,11,1024,42.964,251.082
terrain-017943,11,11,1024,79.066,18213.2
terrain-017944,11,11,1024,78.85,18714.9
terrain-017945,11,11,1024,42.984,250.067
terrain-017946,11,11,1024,43.046,250.911
terrain-017947,11,11,1024,73.096,12106.6
terrain-017948,11,11,1024,43.128,242.849
terrain-017949,11,11,1024,76.995,27739.6
terrain-017950,11,11,1024,76.793,28498.3
terrain-017951,11,11,1024,43.01,416.72
terrain-017952,11,11,1024,76.921,28672.8
terrain-017953,11,11,1024,43.07,419.054
terrain-017954,11,11,1024,72.175,20032.3
terrain-017955,11,11,1024,71.51,20116.4
terrain-017956,11,11,1024,43.168,418.557
terrain-017957,11,11,1024,66.317,11576.6
terrain-017958,11,11,4,85.757,208.649
terrain-017959,11,11,4,85.162,208.78
terrain-017960,11,11,4,42.802,1.23047
terrain-017961,11,11,4,88.203,226.207
terrain-017962,11,11,4,101.088,106.738
terrain-017963,11,11,4,43.053,1.0666
terrain-017964,11,11,4,43.123,1.09373
terrain-017965,11,11,4,43.059,0.983857
terrain-017966,11,11,4,83.138,227.473
terrain-017967,11,11,4,95.302,148.036
terrain-017968,11,11,4,95.308,152.84
terrain-017969,11,11,4,42.904,1.19679
terrain-017970,11,11,4,42.968,1.23106
terrain-017971,11,11,4,97.205,157.309
terrain-017972,11,11,4,42.919,1.09372
terrain-017973,11,11,4,88.474,176.156
terrain-017974,11,11,4,89.147,182.127
terrain-017975,11,11,4,42.8,1.19624
terrain-017976,11,11,4,42.86,1.23049
terrain-017977,11,11,4,92.152,195.517
terrain-017978,11,11,4,42.854,1.23105
terrain-017979,11,11,4,43.434,1.06669
terrain-017980,11,11,4,43.521,1.09383
terrain-017981,11,11,4,74.048,354.097
terrain-017982,11,11,4,73.973,344.854
terrain-017983,11,11,4,42.847,3.15166
terrain-017984,11,11,4,73.601,338.506
terrain-017985,11,11,4,68.617,398.911
terrain-017986,11,11,4,99.508,130.848
terrain-017987,11,11,4,99.495,135.308
terrain-017988,11,11,4,43.528,2.40071
terrain-017989,11,11,4,43.589,2.3768
terrain-017990,11,11,4,99.004,133.107
terrain-017991,11,11,4,43.358,1.89628
terrain-017992,11,11,4,74.789,455.5
terrain-017993,11,11,4,93.145,208.6
terrain-017994,11,11,4,93.13,215.667
terrain-017995,11,11,4,43.02,2.50816
terrain-017996,11,11,4,43.087,2.52475
terrain-017997,11,11,4,93.285,213.739
terrain-017998,11,11,4,43.147,2.37673
terrain-017999,11,11,4,86.24,300.772
terrain-018000,11,11,4,87.356,311.905
terrain-018001,11,11,4,42.865,2.65971
terrain-018002,11,11,4,87.51,314.078
terrain-018003,11,11,4,42.927,2.67354
terrain-018004,11,11,4,87.095,311.623
terrain-018005,11,11,4,87.252,313.795
terrain-018006,11,11,4,42.853,2.52472
terrain-018007,11,11,4,85.867,299.451
terrain-018008,11,11,4,80.284,398.546
terrain-018009,11,11,4,79.856,386.348
terrain-018010,11,11,4,42.801,2.67345
terrain-018011,11,11,4,79.528,385.865
terrain-018012,11,11,4,80.193,310.921
terrain-018013,11,11,4,94.608,176.107
terrain-018014,11,11,4,94.606,181.938
terrain-018015,11,11,4,42.974,1.69369
terrain-018016,11,11,4,43.038,1.72851
terrain-018017,11,11,4,95.899,184.795
terrain-018018,11,11,4,42.963,1.46921
terrain-018019,11,11,4,87.646,226.483
terrain-018020,11,11,4,88.498,234.448
terrain-018021,11,11,4,42.824,1.69311
terrain-018022,11,11,4,88.49,237.786
terrain-018023,11,11,4,42.884,1.72791
terrain-018024,11,11,4,90.381,245.793
terrain-018025,11,11,4,90.368,249.266
terrain-018026,11,11,4,42.878,1.72849
terrain-018027,11,11,4,90.511,247.54
terrain-018028,11,11,4,43.682,1.44409
terrain-018029,11,11,4,43.772,1.46932
terrain-018030,11,11,4,83.793,280.275
terrain-018031,11,11,4,83.212,277.046
terrain-018032,11,11,4,42.802,1.72787
terrain-018033,11,11,4,85.077,292.701
terrain-018034,11,11,4,100.677,119.103
terrain-018035,11,11,4,43.164,1.44401
terrain-018036,11,11,4,43.236,1.46924
terrain-018037,11,11,4,43.139,1.2775
terrain-018038,11,11,4,69.068,389.031
terrain-018039,11,11,4,91.536,205.317
terrain-018040,11,11,4,91.517,212.272
terrain-018041,11,11,4,43.257,3.19548
terrain-018042,11,11,4,43.319,3.16206
terrain-018043,11,11,4,91.912,210.991
terrain-018044,11,11,4,43.112,2.37066
terrain-018045,11,11,4,84.255,295.305
terrain-018046,11,11,4,85.339,306.218
terrain-018047,11,11,4,42.811,2.6428
terrain-018048,11,11,4,85.531,308.347
terrain-018049,11,11,4,42.874,2.65456
terrain-018050,11,11,4,84.916,304.583
terrain-018051,11,11,4,85.111,306.715
terrain-018052,11,11,4,43.025,3.162
terrain-018053,11,11,4,84.133,294.081
terrain-018054,11,11,4,77.881,389.305
terrain-018055,11,11,4,77.599,377.712
terrain-018056,11,11,4,42.749,2.65447
terrain-018057,11,11,4,77.121,375.215
terrain-018058,11,11,4,72.27,443.542
terrain-018059,11,11,4,87.248,265.603
terrain-018060,11,11,4,88.241,275.203
terrain-018061,11,11,4,42.845,2.13698
terrain-018062,11,11,4,88.305,278.055
terrain-018063,11,11,4,42.904,2.16572
terrain-018064,11,11,4,89.244,282.929
terrain-018065,11,11,4,89.304,285.812
terrain-018066,11,11,4,42.898,2.16618
terrain-018067,11,11,4,89.032,280.509
terrain-018068,11,11,4,104.896,74.4692
terrain-018069,11,11,4,43.696,1.60422
terrain-018070,11,11,4,43.786,1.62588
terrain-018071,11,11,4,82.436,340.537
terrain-018072,11,11,4,81.89,333.257
terrain-018073,11,11,4,42.802,2.16566
terrain-018074,11,11,4,82.846,344.406
terrain-018075,11,11,4,100.611,126.798
terrain-018076,11,11,4,43.256,1.75447
terrain-018077,11,11,4,43.327,1.77378
terrain-018078,11,11,4,43.094,1.39423
terrain-018079,11,11,4,77.951,383.492
terrain-018080,11,11,4,94.266,194.98
terrain-018081,11,11,4,94.258,201.52
terrain-018082,11,11,4,43.033,2.13746
terrain-018083,11,11,4,43.099,2.16621
terrain-018084,11,11,4,95.307,203.411
terrain-018085,11,11,4,42.998,1.77375
terrain-018086,11,11,4,82.118,284.491
terrain-018087,11,11,4,83.152,294.972
terrain-018088,11,11,4,42.956,3.20238
terrain-018089,11,11,4,83.359,296.992
terrain-018090,11,11,4,43.019,3.17325
terrain-018091,11,11,4,83.055,294.017
terrain-018092,11,11,4,83.267,296.073
terrain-018093,11,11,4,42.993,3.14443
terrain-018094,11,11,4,82.389,283.021
terrain-018095,11,11,4,75.472,371.307
terrain-018096,11,11,4,75.314,360.812
terrain-018097,11,11,4,42.869,3.17311
terrain-018098,11,11,4,75.224,359.411
terrain-018099,11,11,4,69.883,420.418
terrain-018100,11,11,4,104.467,75.3129
terrain-018101,11,11,4,44.42,2.38343
terrain-018102,11,11,4,44.476,2.35009
terrain-018103,11,11,4,81.114,377.666
terrain-018104,11,11,4,80.639,367.363
terrain-018105,11,11,4,42.801,2.47965
terrain-018106,11,11,4,81.111,374.9
terrain-018107,11,11,4,99.917,129.574
terrain-018108,11,11,4,99.906,133.982
terrain-018109,11,11,4,43.217,1.846
terrain-018110,11,11,4,43.289,1.86152
terrain-018111,11,11,4,99.83,132.875
terrain-018112,11,11,4,43.401,1.89499
terrain-018113,11,11,4,76.003,429.348
terrain-018114,11,11,4,93.836,205.09
terrain-018115,11,11,4,93.824,212.017
terrain-018116,11,11,4,43.076,2.45957
terrain-018117,11,11,4,43.143,2.48011
terrain-018118,11,11,4,94.026,210.449
terrain-018119,11,11,4,42.943,1.86148
terrain-018120,11,11,4,86.638,288.381
terrain-018121,11,11,4,87.71,298.966
terrain-018122,11,11,4,42.858,2.4592
terrain-018123,11,11,4,87.834,301.412
terrain-018124,11,11,4,42.918,2.47974
terrain-018125,11,11,4,88.24,304.059
terrain-018126,11,11,4,88.361,306.504
terrain-018127,11,11,4,42.912,2.48008
terrain-018128,11,11,4,87.021,293.37
terrain-018129,11,11,1024,108.861,605.259
terrain-018130,11,11,1024,44.087,65.5812
terrain-018131,11,11,1024,98.56,1715.2
terrain-018132,11,11,1024,108.853,1210.38
terrain-018133,11,11,1024,111.129,1139.41
terrain-018134,11,11,1024,44.152,65.9749
terrain-018135,11,11,1024,44.905,88.6222
terrain-018136,11,11,1024,108.836,2420.2
terrain-018137,11,11,1024,110.393,2157.96
terrain-018138,11,11,1024,44.036,63.4481
terrain-018139,11,11,1024,94.552,1625.65
terrain-018140,11,11,1024,108.906,1183.96
terrain-018141,11,11,1024,43.501,38.5542
terrain-018142,11,11,1024,43.935,52.0404
terrain-018143,11,11,1024,108.873,2366.85
terrain-018144,11,11,1024,114.779,2235.02
terrain-018145,11,11,1024,43.386,37.1569
terrain-018146,11,11,1024,76.939,993.07
terrain-018147,11,11,1024,43.44,38.4194
terrain-018148,11,11,1024,80.081,1025.79
terrain-018149,11,11,1024,106.422,2186.05
terrain-018150,11,11,1024,42.997,21.586
terrain-018151,11,11,1024,64.419,591.785
terrain-018152,11,11,1024,43.055,22.324
terrain-018153,11,11,1024,68.085,603.25
terrain-018154,11,11,1024,43.116,22.3695
terrain-018155,11,11,1024,43.342,30.2809
terrain-018156,11,11,1024,42.857,14.2954
terrain-018157,11,11,1024,42.925,14.3141
terrain-018158,11,11,1024,42.784,13.8215
terrain-018159,11,11,1024,76.972,29675
terrain-018160,11,11,1024,76.752,29966.7
terrain-018161,11,11,1024,42.918,314.196
terrain-018162,11,11,1024,72.658,21867.4
terrain-018163,11,11,1024,93.753,17133.3
terrain-018164,11,11,1024,42.865,119.455
terrain-018165,11,11,1024,93.257,17664
terrain-018166,11,11,1024,42.967,151.855
terrain-018167,11,11,1024,91.147,17863
terrain-018168,11,11,1024,42.754,114.403
terrain-018169,11,11,1024,42.807,118.17
terrain-018170,11,11,1024,90.795,14756.9
terrain-018171,11,11,1024,90.96,15654.6
terrain-018172,11,11,1024,42.777,109.21
terrain-018173,11,11,1024,42.831,112.814
terrain-018174,11,11,1024,42.89,113.984
terrain-018175,11,11,1024,87.061,12568.6
terrain-018176,11,11,1024,42.892,112.747
terrain-018177,11,11,1024,42.953,113.916
terrain-018178,11,11,1024,43.038,113.79
terrain-018179,11,11,1024,107.043,2181.41
terrain-018180,11,11,1024,43.263,55.7058
terrain-018181,11,11,1024,43.666,80.2666
terrain-018182,11,11,1024,107.014,4361.01
terrain-018183,11,11,1024,110.548,3577.59
terrain-018184,11,11,1024,43.203,57.4296
terrain-018185,11,11,1024,107.088,4486.92
terrain-018186,11,11,1024,71.066,1425.5
terrain-018187,11,11,1024,43.203,55.4248
terrain-018188,11,11,1024,74.739,1561.05
terrain-018189,11,11,1024,107.223,4214.86
terrain-018190,11,11,1024,42.993,40.9244
terrain-018191,11,11,1024,107.146,4332.08
terrain-018192,11,11,1024,64.094,979.094
terrain-018193,11,11,1024,42.997,38.4194
terrain-018194,11,11,1024,69.022,1163.27
terrain-018195,11,11,1024,43.059,38.5542
terrain-018196,11,11,1024,43.377,59.2891
terrain-018197,11,11,1024,103.845,3857.21
terrain-018198,11,11,1024,42.862,26.5889
terrain-018199,11,11,1024,61.972,707.77
terrain-018200,11,11,1024,42.926,27.2329
terrain-018201,11,11,1024,43.038,35.6737
terrain-018202,11,11,1024,42.848,29.1111
terrain-018203,11,11,1024,42.861,20.7013
terrain-018204,11,11,1024,42.734,20.8385
terrain-018205,11,11,1024,42.793,20.6624
terrain-018206,11,11,1024,71.332,26739
terrain-018207,11,11,1024,86.047,21228.7
terrain-018208,11,11,1024,87.664,24107.5
terrain-018209,11,11,1024,42.766,170.923
terrain-018210,11,11,1024,87.65,24887.1
terrain-018211,11,11,1024,42.818,176.419
terrain-018212,11,11,1024,42.876,179.298
terrain-018213,11,11,1024,86.312,20132
terrain-018214,11,11,1024,86.103,20690.9
terrain-018215,11,11,1024,42.867,176.334
terrain-018216,11,11,1024,42.93,179.211
terrain-018217,11,11,1024,79.212,14233
terrain-018218,11,11,1024,43.009,179.039
terrain-018219,11,11,1024,104.45,7343.62
terrain-018220,11,11,1024,42.929,66.9568
terrain-018221,11,11,1024,104.401,7686.59
terrain-018222,11,11,1024,62.686,1519.07
terrain-018223,11,11,1024,42.981,69.2046
terrain-018224,11,11,1024,104.245,7899.32
terrain-018225,11,11,1024,64.928,1596.99
terrain-018226,11,11,1024,42.967,59.6875
terrain-018227,11,11,1024,43.162,82.2043
terrain-018228,11,11,1024,103.871,7146.67
terrain-018229,11,11,1024,42.86,48.9234
terrain-018230,11,11,1024,103.549,7335.94
terrain-018231,11,11,1024,61.936,1203.61
terrain-018232,11,11,1024,42.919,49.1422
terrain-018233,11,11,1024,43.017,61.4282
terrain-018234,11,11,1024,42.861,56.0906
terrain-018235,11,11,1024,96.985,5796.62
terrain-018236,11,11,1024,42.867,39.1488
terrain-018237,11,11,1024,42.968,52.024
terrain-018238,11,11,1024,42.748,37.1494
terrain-018239,11,11,1024,42.806,39.0098
terrain-018240,11,11,1024,42.751,34.9895
terrain-018241,11,11,1024,42.824,36.7092
terrain-018242,11,11,1024,42.892,36.8324
terrain-018243,11,11,1024,82.639,27810.5
terrain-018244,11,11,1024,82.46,28574.3
terrain-018245,11,11,1024,42.844,245.588
terrain-018246,11,11,1024,42.905,251.201
terrain-018247,11,11,1024,79.2,22312.3
terrain-018248,11,11,1024,42.956,251.022
terrain-018249,11,11,1024,100.063,11879.4
terrain-018250,11,11,1024,42.852,85.7949
terrain-018251,11,11,1024,99.633,12395.6
terrain-018252,11,11,1024,61.39,1956.96
terrain-018253,11,11,1024,42.91,86.47
terrain-018254,11,11,1024,99.402,12670.7
terrain-018255,11,11,1024,42.986,101.88
terrain-018256,11,11,1024,42.801,85.9732
terrain-018257,11,11,1024,97.833,10791.8
terrain-018258,11,11,1024,42.87,69.6304
terrain-018259,11,11,1024,97.473,11006.2
terrain-018260,11,11,1024,42.969,90.965
terrain-018261,11,11,1024,42.74,65.1437
terrain-018262,11,11,1024,42.794,67.3322
terrain-018263,11,11,1024,90.68,8367.8
terrain-018264,11,11,1024,42.769,63.4153
terrain-018265,11,11,1024,42.828,65.5472
terrain-018266,11,11,1024,42.888,65.9408
terrain-018267,11,11,1024,42.889,65.505
terrain-018268,11,11,1024,42.957,65.8983
terrain-018269,11,11,1024,84.7,15102.9
terrain-018270,11,11,1024,42.946,150.008
terrain-018271,11,11,1024,85.049,15350.6
terrain-018272,11,11,1024,43.06,191.953
terrain-018273,11,11,1024,85.791,16116.1
terrain-018274,11,11,1024,42.835,144.873
terrain-018275,11,11,1024,42.889,149.829
terrain-018276,11,11,1024,79.702,11404.1
terrain-018277,11,11,1024,83.107,12808.6
terrain-018278,11,11,1024,42.852,134.945
terrain-018279,11,11,1024,42.909,139.556
terrain-018280,11,11,1024,42.968,139.765
terrain-018281,11,11,1024,72.173,7837.02
terrain-018282,11,11,1024,43.047,145.565
terrain-018283,11,11,1024,43.106,145.331
terrain-018284,11,11,1024,67.174,23177.8
terrain-018285,11,11,1024,77.652,17979
terrain-018286,11,11,1024,81.223,21046.6
terrain-018287,11,11,1024,42.91,249.239
terrain-018288,11,11,1024,81.15,21714.4
terrain-018289,11,11,1024,42.965,257.716
terrain-018290,11,11,1024,43.021,258.245
terrain-018291,11,11,1024,77.751,15657.3
terrain-018292,11,11,1024,77.535,16087.2
terrain-018293,11,11,1024,43.024,251.734
terrain-018294,11,11,1024,43.086,252.414
terrain-018295,11,11,1024,66.452,8549.83
terrain-018296,11,11,1024,43.323,271.163
terrain-018297,11,11,1024,76.175,23825.6
terrain-018298,11,11,1024,75.981,24479.9
terrain-018299,11,11,1024,43.114,437.869
terrain-018300,11,11,1024,43.173,439.394
terrain-018301,11,11,1024,71.718,17050.1
terrain-018302,11,11,1024,43.236,422.758
terrain-018303,11,11,1024,71.17,25286.5
terrain-018304,11,11,1024,71.327,25574.2
terrain-018305,11,11,1024,43.347,676.727
terrain-018306,11,11,1024,67.15,16920.1
terrain-018307,11,11,1024,106.971,2268.59
terrain-018308,11,11,1024,43.291,58.687
terrain-018309,11,11,1024,43.719,85.318
terrain-018310,11,11,1024,106.91,4533.24
terrain-018311,11,11,1024,117.636,4248.83
terrain-018312,11,11,1024,43.238,60.8662
terrain-018313,11,11,1024,106.972,4599.17
terrain-018314,11,11,1024,72.269,1557.63
terrain-018315,11,11,1024,43.232,58.5269
terrain-018316,11,11,1024,75.838,1674.44
terrain-018317,11,11,1024,104.743,4214.2
terrain-018318,11,11,1024,43.008,42.6399
terrain-018319,11,11,1024,105.39,4323.46
terrain-018320,11,11,1024,64.459,1039.4
terrain-018321,11,11,1024,43.009,39.8847
terrain-018322,11,11,1024,69.515,1224.71
terrain-018323,11,11,1024,43.071,39.959
terrain-018324,11,11,1024,43.403,61.9996
terrain-018325,11,11,1024,102.108,3835.82
terrain-018326,11,11,1024,42.867,27.283
terrain-018327,11,11,1024,62,730.289
terrain-018328,11,11,1024,42.931,27.9269
terrain-018329,11,11,1024,43.042,36.6381
terrain-018330,11,11,1024,42.854,29.9695
terrain-018331,11,11,1024,42.864,21.0996
terrain-018332,11,11,1024,42.737,21.2743
terrain-018333,11,11,1024,42.796,21.0788
terrain-018334,11,11,1024,68.462,28717.5
terrain-018335,11,11,1024,84.073,22674.3
terrain-018336,11,11,1024,85.976,25842
terrain-018337,11,11,1024,42.793,205.447
terrain-018338,11,11,1024,85.95,26685.2
terrain-018339,11,11,1024,42.845,212.223
terrain-018340,11,11,1024,42.903,214.344
terrain-018341,11,11,1024,82.211,19951.4
terrain-018342,11,11,1024,82,20504.7
terrain-018343,11,11,1024,42.906,212.097
terrain-018344,11,11,1024,42.968,214.216
terrain-018345,11,11,1024,76.478,14094.9
terrain-018346,11,11,1024,43.064,214.003
terrain-018347,11,11,1024,104.099,7845.78
terrain-018348,11,11,1024,42.95,71.675
terrain-018349,11,11,1024,104.084,8022.22
terrain-018350,11,11,1024,63.146,1670.04
terrain-018351,11,11,1024,43.002,74.1092
terrain-018352,11,11,1024,103.94,8144.22
terrain-018353,11,11,1024,65.326,1715.86
terrain-018354,11,11,1024,42.98,63.1233
terrain-018355,11,11,1024,43.183,87.5107
terrain-018356,11,11,1024,100.998,7123.31
terrain-018357,11,11,1024,42.869,51.3244
terrain-018358,11,11,1024,101.275,7300.05
terrain-018359,11,11,1024,62.06,1269.51
terrain-018360,11,11,1024,42.928,51.4476
terrain-018361,11,11,1024,43.026,64.3426
terrain-018362,11,11,1024,42.875,59.364
terrain-018363,11,11,1024,95.047,5748.5
terrain-018364,11,11,1024,42.872,40.5992
terrain-018365,11,11,1024,42.973,54.1006
terrain-018366,11,11,1024,42.752,38.5588
terrain-018367,11,11,1024,42.811,40.5224
terrain-018368,11,11,1024,42.756,36.2357
terrain-018369,11,11,1024,42.831,38.0444
terrain-018370,11,11,1024,42.899,38.1122
terrain-018371,11,11,1024,80.287,30149.7
terrain-018372,11,11,1024,80.091,30975.3
terrain-018373,11,11,1024,42.893,320.969
terrain-018374,11,11,1024,80.009,31103.3
terrain-018375,11,11,1024,42.954,325.842
terrain-018376,11,11,1024,74.864,22096.2
terrain-018377,11,11,1024,73.927,22120.7
terrain-018378,11,11,1024,43.022,325.535
terrain-018379,11,11,1024,68.428,13317.7
terrain-018380,11,11,1024,99.271,12701.5
terrain-018381,11,11,1024,42.867,93.463
terrain-018382,11,11,1024,98.928,13010.2
terrain-018383,11,11,1024,61.559,2138.52
terrain-018384,11,11,1024,42.924,93.872
terrain-018385,11,11,1024,98.75,13170.2
terrain-018386,11,11,1024,42.998,110.158
terrain-018387,11,11,1024,42.817,93.911
terrain-018388,11,11,1024,94.553,10714.4
terrain-018389,11,11,1024,42.879,74.3511
terrain-018390,11,11,1024,94.64,10913.2
terrain-018391,11,11,1024,42.979,97.5053
terrain-018392,11,11,1024,42.748,69.601
terrain-018393,11,11,1024,42.802,71.9657
terrain-018394,11,11,1024,88.407,8267.87
terrain-018395,11,11,1024,42.778,67.6353
terrain-018396,11,11,1024,42.838,69.9337
terrain-018397,11,11,1024,42.899,70.1627
terrain-018398,11,11,1024,42.906,69.8814
terrain-018399,11,11,1024,42.973,70.1106
terrain-018400,11,11,1024,74.059,32274.7
terrain-018401,11,11,1024,73.946,32478.8
terrain-018402,11,11,1024,42.99,440.37
terrain-018403,11,11,1024,68.671,21663.6
terrain-018404,11,11,1024,92.372,18332.4
terrain-018405,11,11,1024,42.88,134.058
terrain-018406,11,11,1024,92.009,18652
terrain-018407,11,11,1024,42.984,171.011
terrain-018408,11,11,1024,90.081,18795
terrain-018409,11,11,1024,42.77,128.902
terrain-018410,11,11,1024,42.822,133.226
terrain-018411,11,11,1024,87.104,14590.5
terrain-018412,11,11,1024,87.711,15544.6
terrain-018413,11,11,1024,42.794,122.345
terrain-018414,11,11,1024,42.849,126.455
terrain-018415,11,11,1024,42.908,127.205
terrain-018416,11,11,1024,84.518,12459.1
terrain-018417,11,11,1024,42.919,126.382
terrain-018418,11,11,1024,42.98,127.132
terrain-018419,11,11,1024,73.579,13462.8
terrain-018420,11,11,1024,42.994,247.963
terrain-018421,11,11,1024,43.05,256.401
terrain-018422,11,11,1024,43.105,256.874
terrain-018423,11,11,1024,73.5,17370.2
terrain-018424,11,11,1024,43.256,434.089
terrain-018425,11,11,1024,43.314,435.441
terrain-018426,11,11,1024,69.842,18283.6
terrain-018427,11,11,1024,43.56,667.398
terrain-018428,11,11,1024,101.594,7786.17
terrain-018429,11,11,1024,42.964,74.2894
terrain-018430,11,11,1024,102.254,7946.64
terrain-018431,11,11,1024,63.429,1754.72
terrain-018432,11,11,1024,43.017,76.8283
terrain-018433,11,11,1024,102.454,8059.52
terrain-018434,11,11,1024,65.567,1779.46
terrain-018435,11,11,1024,42.989,64.9916
terrain-018436,11,11,1024,43.198,90.4223
terrain-018437,11,11,1024,99.346,7046.53
terrain-018438,11,11,1024,42.876,52.6168
terrain-018439,11,11,1024,99.959,7219.55
terrain-018440,11,11,1024,62.118,1305.24
terrain-018441,11,11,1024,42.934,52.6846
terrain-018442,11,11,1024,43.032,65.9061
terrain-018443,11,11,1024,42.884,61.1504
terrain-018444,11,11,1024,93.354,5615.22
terrain-018445,11,11,1024,42.877,41.3646
terrain-018446,11,11,1024,42.978,55.197
terrain-018447,11,11,1024,42.756,39.3034
terrain-018448,11,11,1024,42.816,41.3227
terrain-018449,11,11,1024,77.48,29287.9
terrain-018450,11,11,1024,77.285,30090.2
terrain-018451,11,11,1024,42.945,379.076
terrain-018452,11,11,1024,77.336,30231.7
terrain-018453,11,11,1024,43.005,382.618
terrain-018454,11,11,1024,73.325,21728.2
terrain-018455,11,11,1024,72.512,21770.9
terrain-018456,11,11,1024,43.088,382.338
terrain-018457,11,11,1024,67.237,12893.4
terrain-018458,11,11,1024,96.483,12513.8
terrain-018459,11,11,1024,42.879,97.8297
terrain-018460,11,11,1024,96.672,12796.2
terrain-018461,11,11,1024,61.688,2238.23
terrain-018462,11,11,1024,42.936,98.0642
terrain-018463,11,11,1024,96.769,12942.1
terrain-018464,11,11,1024,43.009,114.812
terrain-018465,11,11,1024,42.829,98.4505
terrain-018466,11,11,1024,92.747,10541.9
terrain-018467,11,11,1024,42.887,76.9626
terrain-018468,11,11,1024,93.081,10734.3
terrain-018469,11,11,1024,42.987,101.141
terrain-018470,11,11,1024,42.754,72.0694
terrain-018471,11,11,1024,42.81,74.5325
terrain-018472,11,11,1024,86.433,7995.13
terrain-018473,11,11,1024,42.787,69.9602
terrain-018474,11,11,1024,42.848,72.3518
terrain-018475,11,11,1024,42.908,72.4805
terrain-018476,11,11,1024,71.339,31315.8
terrain-018477,11,11,1024,71.357,31530.6
terrain-018478,11,11,1024,43.073,550.839
terrain-018479,11,11,1024,67.365,21328
terrain-018480,11,11,1024,89.396,17911.8
terrain-018481,11,11,1024,42.894,142.775
terrain-018482,11,11,1024,89.417,18199.4
terrain-018483,11,11,1024,43,182.494
terrain-018484,11,11,1024,88.087,18453.2
terrain-018485,11,11,1024,42.784,137.611
terrain-018486,11,11,1024,42.837,142.278
terrain-018487,11,11,1024,85.2,14272.4
terrain-018488,11,11,1024,86.441,15358.4
terrain-018489,11,11,1024,42.81,130.183
terrain-018490,11,11,1024,42.866,134.6
terrain-018491,11,11,1024,42.924,135.045
terrain-018492,11,11,1024,82.777,12063.8
terrain-018493,11,11,1024,42.942,134.506
terrain-018494,11,11,1024,43.003,134.951
terrain-018495,11,11,1024,66.309,27971.6
terrain-018496,11,11,1024,81.203,22010.5
terrain-018497,11,11,1024,83.39,25204.1
terrain-018498,11,11,1024,42.819,228.495
terrain-018499,11,11,1024,83.349,26023.4
terrain-018500,11,11,1024,42.872,236.158
terrain-018501,11,11,1024,42.929,237.53
terrain-018502,11,11,1024,80.68,19645.4
terrain-018503,11,11,1024,80.461,20187.5
terrain-018504,11,11,1024,42.941,236.057
terrain-018505,11,11,1024,43.003,237.428
terrain-018506,11,11,1024,74.849,13602.7
terrain-018507,11,11,1024,43.114,237.131
terrain-018508,11,11,1024,94.718,12109
terrain-018509,11,11,1024,42.893,100.165
terrain-018510,11,11,1024,95.183,12374.3
terrain-018511,11,11,1024,61.818,2286.61
terrain-018512,11,11,1024,42.95,100.299
terrain-018513,11,11,1024,95.422,12511.2
terrain-018514,11,11,1024,43.023,117.276
terrain-018515,11,11,1024,42.844,100.885
terrain-018516,11,11,1024,90.321,9962.9
terrain-018517,11,11,1024,42.899,78.327
terrain-018518,11,11,1024,90.722,10135
terrain-018519,11,11,1024,43,103.029
terrain-018520,11,11,1024,42.765,73.3595
terrain-018521,11,11,1024,42.82,75.8747
terrain-018522,11,11,1024,83.532,7279.76
terrain-018523,11,11,1024,42.79,70.4953
terrain-018524,11,11,1024,42.851,72.9094
terrain-018525,11,11,1024,42.911,73.0059
terrain-018526,11,11,1024,71.162,29596.3
terrain-018527,11,11,1024,71.253,29839.5
terrain-018528,11,11,1024,43.18,629.655
terrain-018529,11,11,1024,66.776,19737.8
terrain-018530,11,11,1024,87.69,17096.6
terrain-018531,11,11,1024,42.913,147.562
terrain-018532,11,11,1024,87.907,17359.4
terrain-018533,11,11,1024,43.021,188.8
terrain-018534,11,11,1024,87.4,17825.1
terrain-018535,11,11,1024,42.803,142.414
terrain-018536,11,11,1024,42.856,147.271
terrain-018537,11,11,1024,82.719,13232.8
terrain-018538,11,11,1024,84.808,14468
terrain-018539,11,11,1024,42.831,134.454
terrain-018540,11,11,1024,42.887,139.042
terrain-018541,11,11,1024,42.946,139.303
terrain-018542,11,11,1024,80.494,10843.4
terrain-018543,11,11,1024,42.949,136.446
terrain-018544,11,11,1024,43.01,136.784
terrain-018545,11,11,1024,66.462,26632
terrain-018546,11,11,1024,79.86,20794.1
terrain-018547,11,11,1024,82.692,24048.7
terrain-018548,11,11,1024,42.853,242.051
terrain-018549,11,11,1024,82.636,24824
terrain-018550,11,11,1024,42.907,250.241
terrain-018551,11,11,1024,42.964,251.082
terrain-018552,11,11,1024,79.066,18213.4
terrain-018553,11,11,1024,78.851,18715.2
terrain-018554,11,11,1024,42.984,250.067
terrain-018555,11,11,1024,43.046,250.911
terrain-018556,11,11,1024,73.096,12106.8
terrain-018557,11,11,1024,43.128,242.849
terrain-018558,11,11,1024,76.995,27740.2
terrain-018559,11,11,1024,76.794,28499
terrain-018560,11,11,1024,43.01,416.72
terrain-018561,11,11,1024,76.922,28673.4
terrain-018562,11,11,1024,43.07,419.054
terrain-018563,11,11,1024,72.176,20032.6
terrain-018564,11,11,1024,71.51,20116.7
terrain-018565,11,11,1024,43.168,418.557
terrain-018566,11,11,1024,66.317,11576.7
terrain-018567,12,12,4,74.832,152.189
terrain-018568,12,12,4,74.782,154.514
terrain-018569,12,12,4,42.919,1.22972
terrain-018570,12,12,4,76.271,163.903
terrain-018571,12,12,4,83.542,73.9587
terrain-018572,12,12,4,43.172,1.06604
terrain-018573,12,12,4,43.242,1.09314
terrain-018574,12,12,4,43.177,0.983379
terrain-018575,12,12,4,73.456,168.523
terrain-018576,12,12,4,80.504,104.947
terrain-018577,12,12,4,80.509,108.357
terrain-018578,12,12,4,43.022,1.19608
terrain-018579,12,12,4,43.087,1.23031
terrain-018580,12,12,4,81.197,110.062
terrain-018581,12,12,4,43.036,1.09313
terrain-018582,12,12,4,76.727,128.221
terrain-018583,12,12,4,76.801,131.501
terrain-018584,12,12,4,42.916,1.19553
terrain-018585,12,12,4,42.977,1.22974
terrain-018586,12,12,4,78.2,138.374
terrain-018587,12,12,4,42.971,1.23031
terrain-018588,12,12,4,85.653,45.9991
terrain-018589,12,12,4,43.558,1.06613
terrain-018590,12,12,4,43.646,1.09324
terrain-018591,12,12,4,66.143,260.022
terrain-018592,12,12,4,66.51,259.044
terrain-018593,12,12,4,42.963,3.14723
terrain-018594,12,12,4,66.33,255.424
terrain-018595,12,12,4,62.784,300.95
terrain-018596,12,12,4,82.032,90.0117
terrain-018597,12,12,4,82.025,93.0846
terrain-018598,12,12,4,43.65,2.39786
terrain-018599,12,12,4,43.712,2.374
terrain-018600,12,12,4,81.892,92.2908
terrain-018601,12,12,4,43.476,1.89476
terrain-018602,12,12,4,66.032,322.998
terrain-018603,12,12,4,78.154,145.308
terrain-018604,12,12,4,78.146,150.24
terrain-018605,12,12,4,43.137,2.50504
terrain-018606,12,12,4,78.221,150.874
terrain-018607,12,12,4,43.205,2.52161
terrain-018608,12,12,4,77.955,148.345
terrain-018609,12,12,4,78.033,148.978
terrain-018610,12,12,4,43.264,2.37394
terrain-018611,12,12,4,77.959,146.024
terrain-018612,12,12,4,73.587,210.077
terrain-018613,12,12,4,73.711,214.972
terrain-018614,12,12,4,42.98,2.65621
terrain-018615,12,12,4,73.789,216.271
terrain-018616,12,12,4,43.043,2.67002
terrain-018617,12,12,4,73.525,214.856
terrain-018618,12,12,4,73.605,216.155
terrain-018619,12,12,4,42.968,2.52158
terrain-018620,12,12,4,73.407,212.28
terrain-018621,12,12,4,69.216,276.336
terrain-018622,12,12,4,69.515,275.216
terrain-018623,12,12,4,42.917,2.66993
terrain-018624,12,12,4,69.276,275
terrain-018625,12,12,4,70.766,226.897
terrain-018626,12,12,4,79.606,123.784
terrain-018627,12,12,4,79.607,127.89
terrain-018628,12,12,4,43.092,1.69229
terrain-018629,12,12,4,43.157,1.72705
terrain-018630,12,12,4,79.975,128.579
terrain-018631,12,12,4,43.079,1.46816
terrain-018632,12,12,4,75.507,162.248
terrain-018633,12,12,4,75.6,166.248
terrain-018634,12,12,4,42.94,1.69171
terrain-018635,12,12,4,75.565,168.473
terrain-018636,12,12,4,43,1.72645
terrain-018637,12,12,4,76.422,171.898
terrain-018638,12,12,4,76.383,174.182
terrain-018639,12,12,4,42.995,1.72704
terrain-018640,12,12,4,76.841,175.415
terrain-018641,12,12,4,85.386,48.9247
terrain-018642,12,12,4,43.808,1.44307
terrain-018643,12,12,4,43.899,1.46826
terrain-018644,12,12,4,72.745,200.731
terrain-018645,12,12,4,72.799,202.223
terrain-018646,12,12,4,42.919,1.72642
terrain-018647,12,12,4,73.657,210.478
terrain-018648,12,12,4,83.001,82.1333
terrain-018649,12,12,4,43.283,1.44299
terrain-018650,12,12,4,43.356,1.46818
terrain-018651,12,12,4,83.115,84.8367
terrain-018652,12,12,4,43.257,1.2767
terrain-018653,12,12,4,63.051,292.694
terrain-018654,12,12,4,77.47,144.885
terrain-018655,12,12,4,77.46,149.809
terrain-018656,12,12,4,43.377,3.1907
terrain-018657,12,12,4,77.547,150.397
terrain-018658,12,12,4,43.44,3.15737
terrain-018659,12,12,4,77.636,149.157
terrain-018660,12,12,4,77.724,149.745
terrain-018661,12,12,4,43.229,2.36827
terrain-018662,12,12,4,77.46,145.455
terrain-018663,12,12,4,72.694,209.857
terrain-018664,12,12,4,72.825,214.763
terrain-018665,12,12,4,42.925,2.63953
terrain-018666,12,12,4,72.919,215.962
terrain-018667,12,12,4,42.989,2.65126
terrain-018668,12,12,4,72.564,213.974
terrain-018669,12,12,4,72.661,215.177
terrain-018670,12,12,4,43.142,3.15732
terrain-018671,12,12,4,72.935,213.842
terrain-018672,12,12,4,68.082,275.99
terrain-018673,12,12,4,68.415,274.715
terrain-018674,12,12,4,42.864,2.65117
terrain-018675,12,12,4,68.1,273.419
terrain-018676,12,12,4,64.748,322.308
terrain-018677,12,12,4,74.722,187.668
terrain-018678,12,12,4,74.83,192.16
terrain-018679,12,12,4,42.96,2.13476
terrain-018680,12,12,4,74.845,193.98
terrain-018681,12,12,4,43.021,2.16344
terrain-018682,12,12,4,75.227,195.915
terrain-018683,12,12,4,75.239,197.744
terrain-018684,12,12,4,43.014,2.1639
terrain-018685,12,12,4,75.558,197.826
terrain-018686,12,12,4,85.159,50.4342
terrain-018687,12,12,4,43.822,1.60297
terrain-018688,12,12,4,43.913,1.6246
terrain-018689,12,12,4,71.219,239.756
terrain-018690,12,12,4,71.379,240.11
terrain-018691,12,12,4,42.919,2.16338
terrain-018692,12,12,4,71.772,245.878
terrain-018693,12,12,4,82.763,87.095
terrain-018694,12,12,4,82.76,90.05
terrain-018695,12,12,4,43.375,1.75296
terrain-018696,12,12,4,43.448,1.77225
terrain-018697,12,12,4,82.603,89.3466
terrain-018698,12,12,4,43.21,1.39329
terrain-018699,12,12,4,68.692,275.699
terrain-018700,12,12,4,79.075,136.151
terrain-018701,12,12,4,79.072,140.726
terrain-018702,12,12,4,43.152,2.13524
terrain-018703,12,12,4,43.218,2.16393
terrain-018704,12,12,4,79.312,140.784
terrain-018705,12,12,4,43.114,1.77222
terrain-018706,12,12,4,71.326,203.186
terrain-018707,12,12,4,71.463,207.992
terrain-018708,12,12,4,43.072,3.19726
terrain-018709,12,12,4,71.579,209.231
terrain-018710,12,12,4,43.136,3.16824
terrain-018711,12,12,4,71.824,210.456
terrain-018712,12,12,4,71.933,211.648
terrain-018713,12,12,4,43.11,3.14016
terrain-018714,12,12,4,71.972,207.776
terrain-018715,12,12,4,66.537,264.907
terrain-018716,12,12,4,66.902,263.914
terrain-018717,12,12,4,42.986,3.16811
terrain-018718,12,12,4,67.279,267.747
terrain-018719,12,12,4,63.151,307.541
terrain-018720,12,12,4,84.905,51.0621
terrain-018721,12,12,4,44.554,2.38068
terrain-018722,12,12,4,44.61,2.34742
terrain-018723,12,12,4,70.02,263.772
terrain-018724,12,12,4,70.265,263.193
terrain-018725,12,12,4,42.918,2.47669
terrain-018726,12,12,4,70.426,267.07
terrain-018727,12,12,4,82.324,89.1318
terrain-018728,12,12,4,82.318,92.169
terrain-018729,12,12,4,43.335,1.84435
terrain-018730,12,12,4,43.409,1.85984
terrain-018731,12,12,4,82.106,91.2822
terrain-018732,12,12,4,43.521,1.89326
terrain-018733,12,12,4,67.086,306.566
terrain-018734,12,12,4,78.662,142.887
terrain-018735,12,12,4,78.656,147.723
terrain-018736,12,12,4,43.195,2.45665
terrain-018737,12,12,4,43.262,2.47714
terrain-018738,12,12,4,78.483,146.033
terrain-018739,12,12,4,43.058,1.8598
terrain-018740,12,12,4,74.06,202.527
terrain-018741,12,12,4,74.178,207.29
terrain-018742,12,12,4,42.973,2.45628
terrain-018743,12,12,4,74.232,208.776
terrain-018744,12,12,4,43.035,2.47677
terrain-018745,12,12,4,74.361,209.744
terrain-018746,12,12,4,74.414,211.225
terrain-018747,12,12,4,43.028,2.47711
terrain-018748,12,12,4,74.229,207.807
terrain-018749,12,12,1024,87.61,408.947
terrain-018750,12,12,1024,44.212,65.5647
terrain-018751,12,12,1024,90.601,1457.59
terrain-018752,12,12,1024,87.606,817.831
terrain-018753,12,12,1024,90.83,796.71
terrain-018754,12,12,1024,44.279,65.9585
terrain-018755,12,12,1024,45.038,88.5907
terrain-018756,12,12,1024,87.598,1635.41
terrain-018757,12,12,1024,91.114,1533.68
terrain-018758,12,12,1024,44.16,63.4322
terrain-018759,12,12,1024,87.562,1663
terrain-018760,12,12,1024,87.512,1392.32
terrain-018761,12,12,1024,87.679,804.258
terrain-018762,12,12,1024,43.617,38.5471
terrain-018763,12,12,1024,44.052,52.0266
terrain-018764,12,12,1024,87.663,1608.02
terrain-018765,12,12,1024,93.442,1569.65
terrain-018766,12,12,1024,43.501,37.15
terrain-018767,12,12,1024,87.557,1635.53
terrain-018768,12,12,1024,77.087,988.082
terrain-018769,12,12,1024,43.555,38.4122
terrain-018770,12,12,1024,80.244,1020.47
terrain-018771,12,12,1024,86.039,1497.91
terrain-018772,12,12,1024,43.105,21.5828
terrain-018773,12,12,1024,86.343,1542.82
terrain-018774,12,12,1024,64.45,589.321
terrain-018775,12,12,1024,43.165,22.3207
terrain-018776,12,12,1024,68.147,600.689
terrain-018777,12,12,1024,43.227,22.3662
terrain-018778,12,12,1024,43.45,30.2744
terrain-018779,12,12,1024,83.968,1376.89
terrain-018780,12,12,1024,42.964,14.2932
terrain-018781,12,12,1024,59.089,386.373
terrain-018782,12,12,1024,43.032,14.3118
terrain-018783,12,12,1024,43.083,19.3993
terrain-018784,12,12,1024,42.889,13.8193
terrain-018785,12,12,1024,68.773,22493.4
terrain-018786,12,12,1024,68.612,22724.9
terrain-018787,12,12,1024,43.033,313.842
terrain-018788,12,12,1024,65.176,16439.2
terrain-018789,12,12,1024,78.879,12306.5
terrain-018790,12,12,1024,42.974,119.401
terrain-018791,12,12,1024,78.537,12703.8
terrain-018792,12,12,1024,43.073,151.764
terrain-018793,12,12,1024,76.953,12793.3
terrain-018794,12,12,1024,42.862,114.352
terrain-018795,12,12,1024,42.915,118.117
terrain-018796,12,12,1024,76.494,10528.3
terrain-018797,12,12,1024,76.665,11186.1
terrain-018798,12,12,1024,42.883,109.151
terrain-018799,12,12,1024,42.938,112.753
terrain-018800,12,12,1024,42.998,113.922
terrain-018801,12,12,1024,73.925,8993.61
terrain-018802,12,12,1024,42.998,112.662
terrain-018803,12,12,1024,43.06,113.831
terrain-018804,12,12,1024,43.144,113.648
terrain-018805,12,12,1024,86.717,1492.59
terrain-018806,12,12,1024,43.376,55.6941
terrain-018807,12,12,1024,43.781,80.2408
terrain-018808,12,12,1024,86.703,2984.32
terrain-018809,12,12,1024,93.369,2662.08
terrain-018810,12,12,1024,43.316,57.4166
terrain-018811,12,12,1024,86.663,3069.19
terrain-018812,12,12,1024,71.165,1417.44
terrain-018813,12,12,1024,43.316,55.4131
terrain-018814,12,12,1024,86.265,3079.28
terrain-018815,12,12,1024,74.838,1551.39
terrain-018816,12,12,1024,86.888,2904.48
terrain-018817,12,12,1024,43.102,40.9161
terrain-018818,12,12,1024,86.719,2984.88
terrain-018819,12,12,1024,64.125,974.259
terrain-018820,12,12,1024,43.106,38.4123
terrain-018821,12,12,1024,86.284,3006.86
terrain-018822,12,12,1024,69.068,1156.46
terrain-018823,12,12,1024,43.169,38.5471
terrain-018824,12,12,1024,43.487,59.2713
terrain-018825,12,12,1024,84.464,2680.47
terrain-018826,12,12,1024,42.968,26.5842
terrain-018827,12,12,1024,84.693,2752.17
terrain-018828,12,12,1024,61.957,704.256
terrain-018829,12,12,1024,43.034,27.228
terrain-018830,12,12,1024,43.141,35.6647
terrain-018831,12,12,1024,42.954,29.1053
terrain-018832,12,12,1024,80.078,2210.03
terrain-018833,12,12,1024,42.967,20.6966
terrain-018834,12,12,1024,43.003,29.4739
terrain-018835,12,12,1024,42.838,20.8335
terrain-018836,12,12,1024,42.898,20.6576
terrain-018837,12,12,1024,63.872,19753.6
terrain-018838,12,12,1024,74.103,15492.3
terrain-018839,12,12,1024,75.193,17557
terrain-018840,12,12,1024,42.875,170.809
terrain-018841,12,12,1024,75.19,18128
terrain-018842,12,12,1024,42.928,176.302
terrain-018843,12,12,1024,42.987,179.179
terrain-018844,12,12,1024,74.251,14712.3
terrain-018845,12,12,1024,74.144,15142.4
terrain-018846,12,12,1024,42.976,176.188
terrain-018847,12,12,1024,43.039,179.061
terrain-018848,12,12,1024,68.979,10367.6
terrain-018849,12,12,1024,43.117,178.833
terrain-018850,12,12,1024,85.413,5104.8
terrain-018851,12,12,1024,43.038,66.9392
terrain-018852,12,12,1024,85.242,5349.36
terrain-018853,12,12,1024,62.712,1509.94
terrain-018854,12,12,1024,43.091,69.1864
terrain-018855,12,12,1024,85.119,5498.71
terrain-018856,12,12,1024,64.953,1586.9
terrain-018857,12,12,1024,43.076,59.6741
terrain-018858,12,12,1024,85.055,5576.54
terrain-018859,12,12,1024,43.27,82.1774
terrain-018860,12,12,1024,84.972,5020.81
terrain-018861,12,12,1024,42.967,48.9119
terrain-018862,12,12,1024,84.734,5156.32
terrain-018863,12,12,1024,61.923,1196.33
terrain-018864,12,12,1024,43.027,49.1308
terrain-018865,12,12,1024,84.61,5226.83
terrain-018866,12,12,1024,43.121,61.4091
terrain-018867,12,12,1024,42.968,56.075
terrain-018868,12,12,1024,79.899,4060.7
terrain-018869,12,12,1024,42.973,39.1388
terrain-018870,12,12,1024,79.98,4142.45
terrain-018871,12,12,1024,43.071,52.0049
terrain-018872,12,12,1024,42.852,37.14
terrain-018873,12,12,1024,42.912,38.9997
terrain-018874,12,12,1024,74.825,3062.32
terrain-018875,12,12,1024,42.855,34.9754
terrain-018876,12,12,1024,42.929,36.6942
terrain-018877,12,12,1024,42.998,36.8174
terrain-018878,12,12,1024,72.434,20752.6
terrain-018879,12,12,1024,72.43,21415.9
terrain-018880,12,12,1024,42.955,245.365
terrain-018881,12,12,1024,43.017,250.971
terrain-018882,12,12,1024,70.109,16838.8
terrain-018883,12,12,1024,43.068,250.737
terrain-018884,12,12,1024,82.861,8437.17
terrain-018885,12,12,1024,42.96,85.7668
terrain-018886,12,12,1024,82.56,8814.97
terrain-018887,12,12,1024,61.375,1941.86
terrain-018888,12,12,1024,43.019,86.4419
terrain-018889,12,12,1024,82.399,9016.8
terrain-018890,12,12,1024,43.091,101.838
terrain-018891,12,12,1024,42.909,85.9442
terrain-018892,12,12,1024,81.064,7653.55
terrain-018893,12,12,1024,42.977,69.6074
terrain-018894,12,12,1024,80.806,7810
terrain-018895,12,12,1024,43.073,90.9232
terrain-018896,12,12,1024,42.846,65.1226
terrain-018897,12,12,1024,42.901,67.3105
terrain-018898,12,12,1024,75.899,5910.72
terrain-018899,12,12,1024,42.874,63.3878
terrain-018900,12,12,1024,42.934,65.5188
terrain-018901,12,12,1024,42.995,65.9123
terrain-018902,12,12,1024,42.994,65.4574
terrain-018903,12,12,1024,43.062,65.8504
terrain-018904,12,12,1024,72.083,10784.8
terrain-018905,12,12,1024,43.053,149.856
terrain-018906,12,12,1024,72.334,10966.9
terrain-018907,12,12,1024,43.163,191.691
terrain-018908,12,12,1024,72.423,11321.5
terrain-018909,12,12,1024,42.94,144.725
terrain-018910,12,12,1024,42.995,149.675
terrain-018911,12,12,1024,68.513,8191.86
terrain-018912,12,12,1024,70.373,9035
terrain-018913,12,12,1024,42.957,134.821
terrain-018914,12,12,1024,43.015,139.427
terrain-018915,12,12,1024,43.074,139.638
terrain-018916,12,12,1024,65.36,6112.17
terrain-018917,12,12,1024,43.15,145.209
terrain-018918,12,12,1024,43.213,145.227
terrain-018919,12,12,1024,60.045,16591.2
terrain-018920,12,12,1024,67.564,12990
terrain-018921,12,12,1024,69.581,14912.3
terrain-018922,12,12,1024,43.015,248.803
terrain-018923,12,12,1024,69.54,15391.6
terrain-018924,12,12,1024,43.071,257.264
terrain-018925,12,12,1024,43.128,257.798
terrain-018926,12,12,1024,67.087,11207.8
terrain-018927,12,12,1024,66.974,11532.7
terrain-018928,12,12,1024,43.13,251.32
terrain-018929,12,12,1024,43.192,252.004
terrain-018930,12,12,1024,61.376,6783.8
terrain-018931,12,12,1024,43.431,270.809
terrain-018932,12,12,1024,66.536,17166.7
terrain-018933,12,12,1024,66.492,17709.5
terrain-018934,12,12,1024,43.22,436.581
terrain-018935,12,12,1024,66.721,17935.9
terrain-018936,12,12,1024,43.28,438.117
terrain-018937,12,12,1024,63.43,12492.9
terrain-018938,12,12,1024,62.93,12482.7
terrain-018939,12,12,1024,43.344,421.634
terrain-018940,12,12,1024,58.093,6717.2
terrain-018941,12,12,1024,63.314,18443.6
terrain-018942,12,12,1024,63.421,18648.1
terrain-018943,12,12,1024,43.455,673.726
terrain-018944,12,12,1024,60.162,12359.8
terrain-018945,12,12,1024,86.632,1552.24
terrain-018946,12,12,1024,43.404,58.6733
terrain-018947,12,12,1024,43.833,85.2873
terrain-018948,12,12,1024,86.602,3102.64
terrain-018949,12,12,1024,95.974,3013.45
terrain-018950,12,12,1024,43.35,60.8507
terrain-018951,12,12,1024,86.557,3146.28
terrain-018952,12,12,1024,72.318,1547.47
terrain-018953,12,12,1024,43.344,58.5131
terrain-018954,12,12,1024,86.151,3133.16
terrain-018955,12,12,1024,75.887,1662.71
terrain-018956,12,12,1024,85.145,2904.65
terrain-018957,12,12,1024,43.117,42.6306
terrain-018958,12,12,1024,85.486,2979.52
terrain-018959,12,12,1024,64.46,1033.81
terrain-018960,12,12,1024,43.117,39.8768
terrain-018961,12,12,1024,85.322,2998.63
terrain-018962,12,12,1024,69.529,1216.96
terrain-018963,12,12,1024,43.181,39.9512
terrain-018964,12,12,1024,43.512,61.9796
terrain-018965,12,12,1024,83.083,2656.38
terrain-018966,12,12,1024,42.973,27.2774
terrain-018967,12,12,1024,83.565,2726.8
terrain-018968,12,12,1024,61.952,725.948
terrain-018969,12,12,1024,43.039,27.921
terrain-018970,12,12,1024,43.146,36.6273
terrain-018971,12,12,1024,42.96,29.9625
terrain-018972,12,12,1024,79.046,2181.82
terrain-018973,12,12,1024,42.97,21.0946
terrain-018974,12,12,1024,43.004,30.1275
terrain-018975,12,12,1024,42.84,21.2691
terrain-018976,12,12,1024,42.901,21.0738
terrain-018977,12,12,1024,61.694,21310.6
terrain-018978,12,12,1024,72.667,16628.3
terrain-018979,12,12,1024,73.915,18883.4
terrain-018980,12,12,1024,42.899,205.273
terrain-018981,12,12,1024,73.905,19504.1
terrain-018982,12,12,1024,42.953,212.044
terrain-018983,12,12,1024,43.011,214.163
terrain-018984,12,12,1024,71.083,14548.8
terrain-018985,12,12,1024,70.973,14974
terrain-018986,12,12,1024,43.012,211.879
terrain-018987,12,12,1024,43.075,213.996
terrain-018988,12,12,1024,66.506,10099.9
terrain-018989,12,12,1024,43.17,213.667
terrain-018990,12,12,1024,85.147,5461.18
terrain-018991,12,12,1024,43.058,71.6537
terrain-018992,12,12,1024,84.992,5588.1
terrain-018993,12,12,1024,63.12,1658.39
terrain-018994,12,12,1024,43.111,74.087
terrain-018995,12,12,1024,84.878,5673.04
terrain-018996,12,12,1024,65.304,1703.57
terrain-018997,12,12,1024,43.089,63.1074
terrain-018998,12,12,1024,84.82,5716.47
terrain-018999,12,12,1024,43.29,87.4785
terrain-019000,12,12,1024,82.912,5005.73
terrain-019001,12,12,1024,42.975,51.3114
terrain-019002,12,12,1024,83.101,5132.2
terrain-019003,12,12,1024,62.015,1261.2
terrain-019004,12,12,1024,43.035,51.4347
terrain-019005,12,12,1024,83.2,5197.85
terrain-019006,12,12,1024,43.129,64.3211
terrain-019007,12,12,1024,42.981,59.3461
terrain-019008,12,12,1024,78.312,4005.73
terrain-019009,12,12,1024,42.978,40.5869
terrain-019010,12,12,1024,78.578,4085.28
terrain-019011,12,12,1024,43.075,54.0771
terrain-019012,12,12,1024,42.856,38.5472
terrain-019013,12,12,1024,42.917,40.51
terrain-019014,12,12,1024,73.658,3008.44
terrain-019015,12,12,1024,42.859,36.2206
terrain-019016,12,12,1024,42.935,38.0283
terrain-019017,12,12,1024,43.004,38.0962
terrain-019018,12,12,1024,70.679,22636.3
terrain-019019,12,12,1024,70.665,23368.1
terrain-019020,12,12,1024,43.002,320.566
terrain-019021,12,12,1024,70.739,23573.5
terrain-019022,12,12,1024,43.063,325.432
terrain-019023,12,12,1024,66.65,16631.1
terrain-019024,12,12,1024,65.711,16455.6
terrain-019025,12,12,1024,43.131,325.041
terrain-019026,12,12,1024,61.389,9826.19
terrain-019027,12,12,1024,82.29,9047.37
terrain-019028,12,12,1024,42.974,93.4278
terrain-019029,12,12,1024,82.039,9272.26
terrain-019030,12,12,1024,61.486,2119.48
terrain-019031,12,12,1024,43.033,93.837
terrain-019032,12,12,1024,81.909,9388.9
terrain-019033,12,12,1024,43.103,110.107
terrain-019034,12,12,1024,81.264,9853.65
terrain-019035,12,12,1024,42.923,93.8743
terrain-019036,12,12,1024,78.683,7600.66
terrain-019037,12,12,1024,42.986,74.3242
terrain-019038,12,12,1024,78.745,7745.59
terrain-019039,12,12,1024,43.082,97.4559
terrain-019040,12,12,1024,78.771,8268.76
terrain-019041,12,12,1024,42.852,69.5763
terrain-019042,12,12,1024,42.908,71.9402
terrain-019043,12,12,1024,73.996,5795.03
terrain-019044,12,12,1024,74.223,6224.18
terrain-019045,12,12,1024,42.882,67.5996
terrain-019046,12,12,1024,42.943,69.8968
terrain-019047,12,12,1024,43.004,70.1259
terrain-019048,12,12,1024,71.42,4746.16
terrain-019049,12,12,1024,43.009,69.8271
terrain-019050,12,12,1024,43.078,70.0563
terrain-019051,12,12,1024,66.587,24658.8
terrain-019052,12,12,1024,66.498,24815.1
terrain-019053,12,12,1024,43.102,439.632
terrain-019054,12,12,1024,62.011,16243.1
terrain-019055,12,12,1024,77.88,13217.9
terrain-019056,12,12,1024,42.988,133.987
terrain-019057,12,12,1024,77.621,13456.5
terrain-019058,12,12,1024,43.088,170.888
terrain-019059,12,12,1024,76.122,13481.4
terrain-019060,12,12,1024,42.876,128.833
terrain-019061,12,12,1024,42.929,133.154
terrain-019062,12,12,1024,73.787,10411.8
terrain-019063,12,12,1024,74.213,11091
terrain-019064,12,12,1024,42.9,122.269
terrain-019065,12,12,1024,42.955,126.376
terrain-019066,12,12,1024,43.014,127.126
terrain-019067,12,12,1024,71.596,8785.88
terrain-019068,12,12,1024,43.023,126.261
terrain-019069,12,12,1024,43.085,127.011
terrain-019070,12,12,1024,43.182,126.784
terrain-019071,12,12,1024,64.631,9702.05
terrain-019072,12,12,1024,66.785,11121.6
terrain-019073,12,12,1024,43.099,247.251
terrain-019074,12,12,1024,43.155,255.664
terrain-019075,12,12,1024,43.211,256.146
terrain-019076,12,12,1024,64.694,8365.91
terrain-019077,12,12,1024,43.336,271.974
terrain-019078,12,12,1024,43.4,272.039
terrain-019079,12,12,1024,64.342,12334.7
terrain-019080,12,12,1024,43.36,431.995
terrain-019081,12,12,1024,43.419,433.366
terrain-019082,12,12,1024,62.007,13095.3
terrain-019083,12,12,1024,43.664,662.563
terrain-019084,12,12,1024,59.783,12205
terrain-019085,12,12,1024,83.419,5425.08
terrain-019086,12,12,1024,43.072,74.2653
terrain-019087,12,12,1024,83.741,5540.79
terrain-019088,12,12,1024,63.37,1741.25
terrain-019089,12,12,1024,43.126,76.8034
terrain-019090,12,12,1024,83.871,5619.39
terrain-019091,12,12,1024,65.516,1765.62
terrain-019092,12,12,1024,43.098,64.9739
terrain-019093,12,12,1024,43.304,90.3862
terrain-019094,12,12,1024,81.501,4924.03
terrain-019095,12,12,1024,42.982,52.6006
terrain-019096,12,12,1024,81.92,5046.42
terrain-019097,12,12,1024,62.029,1294.56
terrain-019098,12,12,1024,43.042,52.6685
terrain-019099,12,12,1024,43.135,65.8794
terrain-019100,12,12,1024,42.991,61.1278
terrain-019101,12,12,1024,77.224,3921.75
terrain-019102,12,12,1024,42.983,41.3521
terrain-019103,12,12,1024,43.08,55.1733
terrain-019104,12,12,1024,42.861,39.2917
terrain-019105,12,12,1024,42.922,41.3101
terrain-019106,12,12,1024,42.857,36.5856
terrain-019107,12,12,1024,42.933,38.42
terrain-019108,12,12,1024,43.001,38.4688
terrain-019109,12,12,1024,68.465,21941.6
terrain-019110,12,12,1024,68.44,22649
terrain-019111,12,12,1024,43.052,378.486
terrain-019112,12,12,1024,68.599,22855.7
terrain-019113,12,12,1024,43.113,382.026
terrain-019114,12,12,1024,64.895,15972.6
terrain-019115,12,12,1024,64.098,15827.5
terrain-019116,12,12,1024,43.195,381.525
terrain-019117,12,12,1024,60.466,9487.96
terrain-019118,12,12,1024,80.327,8924.51
terrain-019119,12,12,1024,42.986,97.7893
terrain-019120,12,12,1024,80.459,9130.34
terrain-019121,12,12,1024,61.58,2216.4
terrain-019122,12,12,1024,43.044,98.0242
terrain-019123,12,12,1024,80.528,9236.8
terrain-019124,12,12,1024,43.113,114.754
terrain-019125,12,12,1024,80.1,9717.83
terrain-019126,12,12,1024,42.935,98.4082
terrain-019127,12,12,1024,77.066,7414.23
terrain-019128,12,12,1024,42.993,76.9284
terrain-019129,12,12,1024,77.296,7552.15
terrain-019130,12,12,1024,43.089,101.078
terrain-019131,12,12,1024,77.583,8097.42
terrain-019132,12,12,1024,42.859,72.038
terrain-019133,12,12,1024,42.915,74.5
terrain-019134,12,12,1024,72.722,5621.03
terrain-019135,12,12,1024,73.268,6078.59
terrain-019136,12,12,1024,42.891,69.923
terrain-019137,12,12,1024,42.953,72.3133
terrain-019138,12,12,1024,43.014,72.4423
terrain-019139,12,12,1024,70.543,4549.28
terrain-019140,12,12,1024,43.005,71.1593
terrain-019141,12,12,1024,43.074,71.3267
terrain-019142,12,12,1024,64.391,23860.3
terrain-019143,12,12,1024,64.401,24021.8
terrain-019144,12,12,1024,43.183,549.627
terrain-019145,12,12,1024,60.562,15630.7
terrain-019146,12,12,1024,75.754,12932.4
terrain-019147,12,12,1024,43.001,142.69
terrain-019148,12,12,1024,75.774,13147.3
terrain-019149,12,12,1024,43.104,182.348
terrain-019150,12,12,1024,74.653,13229.5
terrain-019151,12,12,1024,42.89,137.529
terrain-019152,12,12,1024,42.943,142.193
terrain-019153,12,12,1024,72.033,10065.6
terrain-019154,12,12,1024,72.77,10785.3
terrain-019155,12,12,1024,42.914,130.081
terrain-019156,12,12,1024,42.971,134.494
terrain-019157,12,12,1024,43.03,134.94
terrain-019158,12,12,1024,70.354,8498.82
terrain-019159,12,12,1024,43.046,134.373
terrain-019160,12,12,1024,43.108,134.819
terrain-019161,12,12,1024,43.179,131.007
terrain-019162,12,12,1024,60.017,20721.1
terrain-019163,12,12,1024,70.559,16160
terrain-019164,12,12,1024,71.955,18395.7
terrain-019165,12,12,1024,42.925,228.27
terrain-019166,12,12,1024,71.934,18998.8
terrain-019167,12,12,1024,42.978,235.925
terrain-019168,12,12,1024,43.036,237.297
terrain-019169,12,12,1024,69.334,14028.3
terrain-019170,12,12,1024,69.221,14437.8
terrain-019171,12,12,1024,43.046,235.735
terrain-019172,12,12,1024,43.109,237.106
terrain-019173,12,12,1024,65.31,9732
terrain-019174,12,12,1024,43.219,236.731
terrain-019175,12,12,1024,78.559,8522.89
terrain-019176,12,12,1024,42.999,100.108
terrain-019177,12,12,1024,78.929,8724.46
terrain-019178,12,12,1024,61.618,2255.3
terrain-019179,12,12,1024,43.058,100.243
terrain-019180,12,12,1024,79.12,8828.81
terrain-019181,12,12,1024,43.126,117.195
terrain-019182,12,12,1024,42.95,100.825
terrain-019183,12,12,1024,75.44,7014.44
terrain-019184,12,12,1024,43.005,78.2892
terrain-019185,12,12,1024,75.762,7147.03
terrain-019186,12,12,1024,43.102,102.96
terrain-019187,12,12,1024,42.869,73.3248
terrain-019188,12,12,1024,42.926,75.8388
terrain-019189,12,12,1024,71.137,5229.99
terrain-019190,12,12,1024,42.895,70.4682
terrain-019191,12,12,1024,42.956,72.8814
terrain-019192,12,12,1024,43.017,72.978
terrain-019193,12,12,1024,63.429,21755.6
terrain-019194,12,12,1024,63.499,21939.5
terrain-019195,12,12,1024,43.288,627.51
terrain-019196,12,12,1024,60.046,14378.6
terrain-019197,12,12,1024,73.942,12134.6
terrain-019198,12,12,1024,43.02,147.441
terrain-019199,12,12,1024,74.126,12337.7
terrain-019200,12,12,1024,43.124,188.59
terrain-019201,12,12,1024,73.51,12533.6
terrain-019202,12,12,1024,42.908,142.296
terrain-019203,12,12,1024,42.962,147.148
terrain-019204,12,12,1024,70.411,9359.15
terrain-019205,12,12,1024,71.605,10138.9
terrain-019206,12,12,1024,42.935,134.338
terrain-019207,12,12,1024,42.992,138.922
terrain-019208,12,12,1024,43.052,139.183
terrain-019209,12,12,1024,69.125,7824.21
terrain-019210,12,12,1024,43.053,136.348
terrain-019211,12,12,1024,43.115,136.686
terrain-019212,12,12,1024,59.571,19150.8
terrain-019213,12,12,1024,68.975,14955.5
terrain-019214,12,12,1024,70.614,17081.2
terrain-019215,12,12,1024,42.958,241.71
terrain-019216,12,12,1024,70.583,17637
terrain-019217,12,12,1024,43.013,249.889
terrain-019218,12,12,1024,43.07,250.733
terrain-019219,12,12,1024,68.124,12955.3
terrain-019220,12,12,1024,68.01,13332.4
terrain-019221,12,12,1024,43.089,249.682
terrain-019222,12,12,1024,43.152,250.528
terrain-019223,12,12,1024,64.366,8878.65
terrain-019224,12,12,1024,43.234,242.549
terrain-019225,12,12,1024,67.202,20099.9
terrain-019226,12,12,1024,67.167,20743.1
terrain-019227,12,12,1024,43.116,415.756
terrain-019228,12,12,1024,67.375,20961.8
terrain-019229,12,12,1024,43.177,418.093
terrain-019230,12,12,1024,63.942,14631.3
terrain-019231,12,12,1024,63.282,14545
terrain-019232,12,12,1024,43.275,417.516
terrain-019233,12,12,1024,59.989,8698.68
